5549fba7-07ce-89a4-978d-5bc3950f9f7f,{'subject': 'c:\program files\common files\microsoft shared\dw\dw20.exe'}'},322
351f0f42-3caa-8512-9699-2cda70784253,{'subject': 'c:\users\inspiringrobin.pangolin\appdata\local\microsoft\onedrive\24.062.0326.0002\filesyncconfig.exe'},188
90f1e489-7ac5-88ab-a592-56c518d332d9,{'subject': 'c:\users\inspiringrobin.pangolin\appdata\local\microsoft\onedrive\24.062.0326.0002\filecoauth.exe'},1590
08fa48c3-8607-8162-a2b4-13faf5ecb5b2,{'subject': 'c:\users\inspiringrobin.pangolin\appdata\local\microsoft\onedrive\24.062.0326.0002\microsoft.sharepoint.exe'},1884
20220374-69ed-8950-8dd8-e25c36653a10,{'subject': 'c:\windows\system32\applecontrolpanel.exe'},4385
cc397b55-7440-83b3-90d1-6d0160682d22,{'subject': 'c:\users\inspiringrobin.pangolin\downloads\texstudio-4.7.3-win-qt6.exe'},4487
7bb4f59e-f0bf-8eef-91d5-605b0c27141b,{'subject': 'c:\users\inspiringrobin.pangolin\downloads\texstudio-4.7.3-win-qt6.exe'},4490
708ff956-121e-82df-846b-487e7f617d6e,{'subject': 'c:\users\inspiringrobin.pangolin\downloads\texstudio-4.7.3-win-qt6.exe'},4495
3a0332fd-e5ac-8fcf-b6ae-2bdcefabf127,{'subject': 'c:\users\inspiringrobin.pangolin\downloads\texstudio-4.7.3-win-qt6.exe'},4509
3a4c49a1-acce-8372-99ca-dc57440c9388,{'subject': 'c:\users\inspiringrobin.pangolin\downloads\texstudio-4.7.3-win-qt6.exe'},6748
24796481-a2f2-8cdb-b07e-9da6fb30859e,{'subject': 'c:\program files\texstudio\texstudio.exe'},7114
6ab0e36a-52e1-86ad-a753-90ce2fa9a096,{'subject': 'c:\windows\system32\openssh\ssh-keygen.exe'},9799
90f40297-27e4-80db-bc20-3d1b745a21e2,{'subject': 'c:\windows\system32\applecontrolpanel.exe'},16644
e7028ff9-0cb5-85d6-b1c6-9e312d8dc4be,{'subject': 'c:\windows\system32\applecontrolpanel.exe'},17265
a989548f-e0ca-88c8-9ee5-eb3a77f23cc1,{'subject': 'c:\windows\system32\applecontrolpanel.exe'},18270
464acb5d-472d-89fb-b746-31db6c927043,{'subject': 'c:\windows\system32\applecontrolpanel.exe'},18280
f49420a8-262a-8da0-bb4a-e1892a0114a1,{'subject': 'c:\users\inspiringrobin.pangolin\appdata\local\microsoft\onedrive\24.062.0326.0002\filecoauth.exe'},18331
8c4f9356-823f-858f-9df6-f3ff8b3368c0,{'subject': 'c:\users\inspiringrobin.pangolin\appdata\local\microsoft\onedrive\24.062.0326.0002\filecoauth.exe'},20592
4516de2d-e566-8333-bbab-0825bc1c3c90,{'subject': 'c:\users\inspiringrobin.pangolin\appdata\local\microsoft\onedrive\24.062.0326.0002\filecoauth.exe'},25606
b276b59e-7b6f-8a86-a82c-c1c4fcfd5875,{'subject': 'c:\windows\system32\mstsc.exe'},29269
cffe8a10-9742-8543-983b-ba1da042f1de,{'subject': 'c:\users\inspiringrobin.pangolin\appdata\local\microsoft\onedrive\24.062.0326.0002\filecoauth.exe'},29830
166ad67e-4a62-84b7-af9e-58c8bf1d9ee6,{'subject': 'c:\users\inspiringrobin.pangolin\appdata\local\microsoft\onedrive\24.062.0326.0002\filecoauth.exe'},34989
4efcee79-b0ac-86d0-b0d7-c23bbd269181,{'subject': 'c:\users\inspiringrobin.pangolin\appdata\local\microsoft\onedrive\24.062.0326.0002\filecoauth.exe'},36143
33799125-108f-85be-ae5a-696a2870c766,{'subject': 'c:\users\inspiringrobin.pangolin\appdata\local\microsoft\onedrive\24.062.0326.0002\filecoauth.exe'},38608
6d57503b-4c60-8bd2-90d3-a13d94cb2d55,{'subject': 'c:\program files\common files\microsoft shared\clicktorun\officeclicktorun.exe'},41274
1086ca1d-761c-829d-9a81-cca5ebcd788a,{'subject': 'c:\programdata\microsoft\clicktorun\{9ac08e99-230b-47e8-9721-4577b7f124ea}\integrator.exe'},50132
825dc5e6-3d15-864c-834d-4c0e64047909,{'subject': 'c:\windows\system32\schtasks.exe'},52206
47948c3d-0a6b-8d6f-9509-deb5b6c14182,{'subject': 'c:\windows\system32\schtasks.exe'},52226
6ee20257-5624-8f00-a3d8-b05583556349,{'subject': 'c:\windows\system32\schtasks.exe'},52286
212a2a1b-e618-825c-8517-19e15ca63e9a,{'subject': 'c:\program files\common files\microsoft shared\clicktorun\appvshnotify.exe'},68321
c13f429a-9f8f-8a84-9d40-46e7746ea1e0,{'subject': 'c:\program files\common files\microsoft shared\clicktorun\officeclicktorun.exe'},86477
3e567be5-0e8a-8f63-90f0-8115c32191cc,{'subject': 'c:\windows\system32\schtasks.exe'},86492
92622a9b-8941-87f5-a444-c2c4db4c62ea,{'subject': 'c:\windows\system32\schtasks.exe'},86494
9efdf87e-1ded-83e7-9353-e81bec7a4e4e,{'subject': 'c:\windows\system32\schtasks.exe'},86495
e03491b6-9c93-8015-8725-7b9b81f9737b,{'subject': 'c:\windows\system32\schtasks.exe'},86501
0cf49148-fca1-8c00-8c97-1069d22ad243,{'subject': 'c:\windows\system32\schtasks.exe'},86503
a70eac8c-e8a8-80f6-aa91-d7825cf256a8,{'subject': 'c:\windows\system32\schtasks.exe'},86509
3dbbf566-8afa-843d-9a08-51b9cdcd6386,{'subject': 'c:\program files\common files\microsoft shared\clicktorun\officeclicktorun.exe'},87231
c6cfd138-cb8a-8b81-bda9-a2aed9eda2ec,{'subject': 'c:\program files\common files\microsoft shared\clicktorun\officeclicktorun.exe'},87387
d43dfbe1-0718-841a-8ddb-09e67af25c64,{'subject': 'c:\users\buzzingporpoise\appdata\local\programs\microsoft vs code\unins000.exe'},88604
08a4c778-d509-8dc2-a4e2-9bf355398c00,{'subject': 'c:\users\buzzingporpoise\appdata\local\temp\_iu14d2n.tmp'},88618
216078cc-43c3-8dd4-8d30-598981b44ffe,{'subject': 'c:\users\buzzingporpoise\appdata\local\programs\microsoft vs code\unins000.exe'},91049
7ffbd436-1ab7-8f15-8c8c-e12450a94a8b,{'subject': 'c:\windows\system32\locationnotificationwindows.exe'},91090
bafa6ccb-9706-8720-b1be-44b8bd3cb196,{'subject': 'c:\windows\system32\locationnotificationwindows.exe'},92797
93196f5e-b48f-88df-97e8-7f065a0df293,{'subject': 'c:\windows\system32\locationnotificationwindows.exe'},98794
8f01bc2b-0575-8670-a410-9bdc4e6f1501,{'subject': 'c:\windows\system32\locationnotificationwindows.exe'},99042
f29c67e7-6635-8bb3-87e3-7b3230fe6ddc,{'subject': 'c:\program files\windowsapps\microsoft.windowscommunicationsapps_16005.14326.21854.0_x64__8wekyb3d8bbwe\hxcalendarappimm.exe'},99110
d0e90815-e159-8618-bb11-5762ec8073a5,{'subject': 'c:\users\buzzingporpoise.pangolin\appdata\local\temp\winget\xp9khm4bk9fz7q.1.83.1\973b41be-5827-46f6-ab6d-637c2942eb33_9490453f2d73eb32f365c631bbad3b9d4837af27ce31ad6cb3dad56c50b0a5fa.exe'},122110
3ec954f1-86d1-88a9-8f25-329425aea170,{'subject': 'c:\users\buzzingporpoise.pangolin\appdata\local\temp\winget\xp9khm4bk9fz7q.1.83.1\973b41be-5827-46f6-ab6d-637c2942eb33_9490453f2d73eb32f365c631bbad3b9d4837af27ce31ad6cb3dad56c50b0a5fa.exe'},122126
b93eaf89-4401-8b5a-9487-9308522c8c1d,{'subject': 'c:\windows\system32\ie4uinit.exe'},2570843
b9c8bd36-bcca-8f0e-b56a-e54a0f1f3b86,{'subject': 'c:\windows\system32\ie4uinit.exe'},2570963
d29befd8-e5ec-8a5e-a77c-32b3bab7b02c,{'subject': 'c:\windows\system32\ie4uinit.exe'},2576062
d4230293-9699-8a3c-84ae-9ab2d441fd57,{'subject': 'c:\program files (x86)\microsoft\edgewebview\application\124.0.2478.67\msedgewebview2.exe'},2586925
50f9801d-26b4-8921-bcc7-44c50a0236d6,{'subject': 'c:\program files (x86)\microsoft\edgewebview\application\124.0.2478.67\msedgewebview2.exe'},2586938
be4d1dab-2a8f-878e-8598-31220b5c3182,{'subject': 'c:\program files (x86)\microsoft\edgewebview\application\124.0.2478.67\msedgewebview2.exe'},2586970
975b6d62-419f-8486-b02d-5c90af934bbc,{'subject': 'c:\program files (x86)\microsoft\edgewebview\application\124.0.2478.67\msedgewebview2.exe'},2587002
d7696020-1578-8cd0-bae2-904ab2e60a1a,{'subject': 'c:\program files (x86)\microsoft\edgewebview\application\124.0.2478.67\msedgewebview2.exe'},2587127
d58b2cf4-5757-8c64-81ca-71677deec8da,{'subject': 'c:\program files (x86)\microsoft\edgewebview\application\124.0.2478.67\msedgewebview2.exe'},2587239
36d79d91-057b-8aae-8c8c-d0846fdd9a1a,{'subject': 'c:\program files (x86)\microsoft\edgewebview\application\124.0.2478.67\msedgewebview2.exe'},2587304
e2829365-faa9-8702-a1c3-1794f7a24598,{'subject': 'c:\program files (x86)\microsoft\edgewebview\application\124.0.2478.67\msedgewebview2.exe'},2587492
38263f02-6b3b-811f-9699-42a80f99ee84,{'subject': 'c:\program files (x86)\microsoft\edgewebview\application\124.0.2478.67\msedgewebview2.exe'},2592433
b12ea59d-fcaf-8cdc-9703-e8d52852555b,{'subject': 'c:\users\obviouswombat.pangolin\appdata\roaming\zoom\bin\cpthost.exe'},2595970
3bce6a6a-db29-869b-afb1-ab0f4c668d98,{'subject': 'c:\program files\windowsapps\microsoft.outlookforwindows_1.2024.424.300_x64__8wekyb3d8bbwe\olkpushnotificationbackgroundtask.exe'},2596777
81a6a514-c4a4-807d-9df1-eb52a9a2d665,{'subject': 'c:\program files\windowsapps\microsoft.outlookforwindows_1.2024.424.300_x64__8wekyb3d8bbwe\olkpushnotificationbackgroundtask.exe'},2596785
9bc4cc72-730b-81d4-afe4-8ffb74dc9b15,{'subject': 'c:\program files\windowsapps\microsoft.outlookforwindows_1.2024.424.300_x64__8wekyb3d8bbwe\olk.exe'},2602195
41a817b7-affb-89ec-a0ea-84dd5725cb12,{'subject': 'c:\program files\windowsapps\microsoft.outlookforwindows_1.2024.424.300_x64__8wekyb3d8bbwe\olk.exe'},2602201
d4e59a7d-dcba-8de5-abad-c1af39401018,{'subject': 'c:\program files (x86)\microsoft\edgewebview\application\124.0.2478.67\msedgewebview2.exe'},2602241
08cee4ef-5a13-8bd5-8fc3-6732a24a081d,{'subject': 'c:\program files (x86)\microsoft\edgewebview\application\124.0.2478.67\msedgewebview2.exe'},2602242
61f9b44a-8d73-8381-8d7d-42ba5af2546c,{'subject': 'c:\program files (x86)\microsoft\edgewebview\application\124.0.2478.67\msedgewebview2.exe'},2602246
fc3e0d9e-37a3-8adc-9cf0-9d0f2c508116,{'subject': 'c:\program files (x86)\microsoft\edgewebview\application\124.0.2478.67\msedgewebview2.exe'},2602255
8c45428b-9d35-8a0f-85bc-d4794300d83d,{'subject': 'c:\program files (x86)\microsoft\edgewebview\application\124.0.2478.67\msedgewebview2.exe'},2602262
320ba2ab-f34d-8cd1-8a11-c35ab5277495,{'subject': 'c:\program files (x86)\microsoft\edgewebview\application\124.0.2478.67\msedgewebview2.exe'},2602278
37f8042c-c60b-8ae0-82b0-946c2dacba00,{'subject': 'c:\program files (x86)\microsoft\edgewebview\application\124.0.2478.67\msedgewebview2.exe'},2602414
d89bc128-ca56-8ccc-8bfc-fe40fd4745c6,{'subject': 'c:\program files (x86)\microsoft\edgewebview\application\124.0.2478.67\msedgewebview2.exe'},2602589
d011550e-55d2-8f2b-b836-72be2b3cb270,{'subject': 'c:\program files (x86)\microsoft\edgewebview\application\124.0.2478.67\msedgewebview2.exe'},2603529
6b4441c9-8967-8229-89d5-5d9b872ee526,{'subject': 'c:\program files (x86)\microsoft\edgewebview\application\124.0.2478.67\msedgewebview2.exe'},2603950
adcdc6c0-71df-8d50-877a-51540cdb6d36,{'subject': 'c:\program files\windowsapps\microsoft.outlookforwindows_1.2024.424.300_x64__8wekyb3d8bbwe\xpdagent.exe'},2605481
1eb5b0e6-f36a-87d1-8cb4-7de8a8a94027,{'subject': 'c:\program files (x86)\microsoft\edgewebview\application\124.0.2478.67\msedgewebview2.exe'},2605487
04cf0b09-d7da-830f-9aaf-2b264cd0ba35,{'subject': 'c:\program files\windowsapps\microsoft.outlookforwindows_1.2024.424.300_x64__8wekyb3d8bbwe\xpdagent.exe'},2605504
c823a9c3-dd1f-8aac-a5e1-d7c2e6a99813,{'subject': 'c:\program files\windowsapps\microsoft.outlookforwindows_1.2024.424.300_x64__8wekyb3d8bbwe\xpdagent.exe'},2605518
0130f541-5f6f-8cdd-8af9-4254368aa575,{'subject': 'c:\program files\windowsapps\microsoft.outlookforwindows_1.2024.424.300_x64__8wekyb3d8bbwe\xpdagent.exe'},2605527
7bf502b3-1165-8cde-ac85-8af3de0e41eb,{'subject': 'c:\program files (x86)\microsoft\edgewebview\application\124.0.2478.67\msedgewebview2.exe'},2607069
230f27ba-831e-87e3-840e-1ccecc8a626f,{'subject': 'c:\program files (x86)\microsoft\edgewebview\application\124.0.2478.67\msedgewebview2.exe'},2607092
fa6e2c2c-eecd-8265-8964-62dbf5afee6d,{'subject': 'c:\users\efficientgoldfinch\appdata\local\temp\0c83711d-c979-4c34-9d12-4d591f423f0c\dismhost.exe'},2613588
5e80d68d-7de2-8b91-b797-8f1f384b4857,{'subject': 'c:\program files\windowsapps\microsoft.people_10.2202.100.0_x64__8wekyb3d8bbwe\peopleapp.exe'},2616271
56fbe8da-b9dd-88e4-b8d6-8c310cea9e36,{'subject': 'c:\users\obviouswombat.pangolin\appdata\local\temp\23d51cfc-f03a-4123-a60d-eba5bdbe2e54\dismhost.exe'},2618264
a279fdc1-7c20-8ecd-ac67-522654188551,{'subject': 'c:\users\obviouswombat.pangolin\appdata\local\temp\46bce4b0-607a-42e9-883b-f06e1049a458\dismhost.exe'},2630385
d794a897-38ab-8e11-b770-6e7401113555,{'subject': 'c:\users\obviouswombat.pangolin\appdata\local\temp\e03a7ed7-ca91-412b-ac0b-ad26a47fbdac\dismhost.exe'},2630595
ada86fae-87e4-8aa1-b5cf-977f14232880,{'subject': 'c:\program files\windowsapps\microsoft.outlookforwindows_1.2024.424.300_x64__8wekyb3d8bbwe\xpdagent.exe'},2633826
02452b03-9298-8d0d-9579-a3cc41fe3f17,{'subject': 'c:\program files\windowsapps\microsoft.outlookforwindows_1.2024.424.300_x64__8wekyb3d8bbwe\xpdagent.exe'},2633839
4051d04f-ed4f-8e01-ba65-0f20e3c6b546,{'subject': 'c:\windows\systemapps\microsoft.windows.apprep.chxapp_cw5n1h2txyewy\chxsmartscreen.exe'},2634248
240e621c-5d81-8b11-9e1b-205ec5001b28,{'subject': 'c:\windows\system32\wscript.exe'},2634260
2279052d-2804-8409-90b8-079f48bd8227,{'subject': 'c:\windows\systemapps\microsoft.windows.apprep.chxapp_cw5n1h2txyewy\chxsmartscreen.exe'},2634282
e9b6a6fb-9093-846b-aa43-571dcd728444,{'subject': 'c:\windows\system32\wscript.exe'},2634295
fb8c3460-0a02-87cb-9e82-3823120da743,{'subject': 'c:\windows\system32\wscript.exe'},2634298
641d6fba-1213-880f-bc80-a27e5cedbdac,{'subject': 'c:\windows\temp\e4cda9f3-7810-4907-b1bb-8989be95c70f\dismhost.exe'},2635312
d30383df-49dc-85ed-87a1-399f74a50bd0,{'subject': 'c:\program files (x86)\microsoft\edgewebview\application\124.0.2478.67\msedgewebview2.exe'},2639116
78ddaf9f-0c8a-8fb1-b852-666754a42740,{'subject': 'c:\program files\windowsapps\microsoft.outlookforwindows_1.2024.424.300_x64__8wekyb3d8bbwe\xpdagent.exe'},2651200
0270493e-b3af-8a64-b1d8-b827e69e9ce2,{'subject': 'c:\program files\windowsapps\microsoft.outlookforwindows_1.2024.424.300_x64__8wekyb3d8bbwe\xpdagent.exe'},2651214
9e3dcc3d-c5de-8572-8916-f84e075acc64,{'subject': 'c:\program files (x86)\microsoft\edgewebview\application\124.0.2478.67\msedgewebview2.exe'},2652722
9bf68dd4-6a0d-85b8-95e8-0cdc684a968e,{'subject': 'c:\program files (x86)\microsoft\edgewebview\application\124.0.2478.67\msedgewebview2.exe'},2652937
ee8cb66e-cf92-8a7a-8b19-5891f831db8e,{'subject': 'c:\program files (x86)\microsoft\edgewebview\application\124.0.2478.67\msedgewebview2.exe'},2652941
884b23fd-3719-8839-ab2e-e610096b9d6d,{'subject': 'c:\program files (x86)\microsoft\edgewebview\application\124.0.2478.67\msedgewebview2.exe'},2652959
7de16d3e-8124-81d9-8467-708b29cc1533,{'subject': 'c:\program files (x86)\microsoft\edgewebview\application\124.0.2478.67\msedgewebview2.exe'},2652969
9e7fd352-9c68-87b2-94fe-6ae6c7b8ace2,{'subject': 'c:\program files (x86)\microsoft\edgewebview\application\124.0.2478.67\msedgewebview2.exe'},2653005
a7747374-dfed-8501-8434-6053025ffd6e,{'subject': 'c:\program files (x86)\microsoft\edgewebview\application\124.0.2478.67\msedgewebview2.exe'},2653152
3faf0f1a-d8f7-8402-b308-703bdf6d06a3,{'subject': 'c:\program files (x86)\microsoft\edgewebview\application\124.0.2478.67\msedgewebview2.exe'},2653171
ab0c79bf-bef8-8bfd-b98a-2e273291bf75,{'subject': 'c:\program files (x86)\microsoft\edgewebview\application\124.0.2478.67\msedgewebview2.exe'},2653259
21543feb-5be5-8b31-8ee9-34317f50819d,{'subject': 'c:\program files (x86)\microsoft\edgewebview\application\124.0.2478.67\msedgewebview2.exe'},2653428
26ad4168-6469-8787-b963-f7f307bac26b,{'subject': 'c:\program files (x86)\microsoft\edgewebview\application\124.0.2478.67\msedgewebview2.exe'},2653462
8d2187cd-8bce-8941-b202-9b686d4068d0,{'subject': 'c:\program files (x86)\microsoft\edgewebview\application\124.0.2478.67\msedgewebview2.exe'},2653780
956e828e-8f98-895a-ba5f-88c6ecf6c397,{'subject': 'c:\program files (x86)\microsoft\edgewebview\application\124.0.2478.67\msedgewebview2.exe'},2653811
46586b78-daef-8c4f-b02a-5d1e466d37ca,{'subject': 'c:\windows\system32\cliprenew.exe'},2662342
0915760c-ad9c-8a9c-93ec-f0fe48636f04,{'subject': 'c:\windows\system32\find.exe'},2662482
a6d69d4b-e1b1-8145-9236-c51a1c94b20a,{'subject': 'c:\program files (x86)\microsoft\edgeupdate\install\{51fbc480-e913-484a-8259-10ea45657de0}\edgemitmp_f7550.tmp\setup.exe'},2663686
0fa68429-b29a-89ef-a876-0375809b4eeb,{'subject': 'c:\program files (x86)\microsoft\edgeupdate\install\{51fbc480-e913-484a-8259-10ea45657de0}\edgemitmp_f7550.tmp\setup.exe'},2663689
5c1526ac-4def-8d5d-ab69-4093d168336d,{'subject': 'c:\program files (x86)\microsoft\edgeupdate\install\{51fbc480-e913-484a-8259-10ea45657de0}\edgemitmp_f7550.tmp\setup.exe'},2664975
4ef5178b-b896-8c26-97fd-96402d5f6758,{'subject': 'c:\program files (x86)\microsoft\edgeupdate\install\{51fbc480-e913-484a-8259-10ea45657de0}\edgemitmp_f7550.tmp\setup.exe'},2664977
54f73f16-0cc9-88e7-aae7-cd5e7b72ad30,{'subject': 'c:\program files (x86)\microsoft\edgeupdate\install\{51fbc480-e913-484a-8259-10ea45657de0}\edgemitmp_f7550.tmp\setup.exe'},2664981
c228bc05-bb39-841a-91d0-c9ffe33a3087,{'subject': 'c:\program files (x86)\microsoft\edgeupdate\install\{51fbc480-e913-484a-8259-10ea45657de0}\edgemitmp_f7550.tmp\setup.exe'},2664985
c3de5587-c3c4-8455-ba91-4a7f2f2230d0,{'subject': 'c:\program files (x86)\microsoft\edgeupdate\install\{1b5c444e-b1d0-418e-9ac6-3058304bac1d}\edgemitmp_c200e.tmp\setup.exe'},2665254
9f887582-d124-88a7-b379-f07123bddee2,{'subject': 'c:\program files (x86)\microsoft\edgeupdate\install\{1b5c444e-b1d0-418e-9ac6-3058304bac1d}\edgemitmp_c200e.tmp\setup.exe'},2665257
6310e322-9786-8c46-ac52-5e303202aa53,{'subject': 'c:\users\administrator\appdata\local\temp\4e3de4f6-adc0-4e86-9848-0445f6f75b23\dismhost.exe'},2668797
d15fc13c-37fe-8d95-9fdd-163f083f3831,{'subject': 'c:\users\buzzingporpoise.pangolin\appdata\local\temp\cfb7a4fe-ca53-4e8f-9517-fa3857a5d9e2\dismhost.exe'},2669690
64beafa1-308a-8211-903a-b9a0a174b827,{'subject': 'c:\program files (x86)\google\update\install\{708f272d-32ac-455e-a4ea-ace614a433e1}\updatersetup.exe'},2677950
3caa27d4-4726-8acf-bb3c-e92ac3d8ad27,{'subject': 'c:\windows\systemtemp\google12872_1743179499\bin\updater.exe'},2677981
b5738605-cc34-8e90-8f63-88d37c4c206a,{'subject': 'c:\windows\systemtemp\google12872_1743179499\bin\updater.exe'},2677983
e8abff10-ce05-8690-b94f-360992f23544,{'subject': 'c:\windows\systemtemp\google12872_1743179499\bin\updater.exe'},2678062
0ea2f79f-09b8-8dd5-b1c1-144978f6f142,{'subject': 'c:\program files (x86)\google\googleupdater\126.0.6441.0\updater.exe'},2692934
c8dc2b6a-961a-8536-9dfd-c6e5e3d6e46c,{'subject': 'c:\program files (x86)\google\googleupdater\126.0.6441.0\updater.exe'},2692936
cf5be512-bfa7-8722-a9b5-2d7b2e317759,{'subject': 'c:\program files (x86)\google\googleupdater\126.0.6441.0\updater.exe'},2678580
4e48c4a0-04a9-890a-989c-1d29f7c37da4,{'subject': 'c:\program files (x86)\google\googleupdater\126.0.6441.0\updater.exe'},2678583
08b747d9-c770-8e14-a624-28d855152704,{'subject': 'c:\program files (x86)\google\googleupdater\126.0.6441.0\updater.exe'},2678586
b67f6b03-ed82-8b16-b859-e8c2a35f07b3,{'subject': 'c:\program files (x86)\google\googleupdater\126.0.6441.0\updater.exe'},2678588
90ee376f-7790-86e5-ab1d-7f09befc7818,{'subject': 'c:\program files (x86)\google\googleupdater\126.0.6441.0\updater.exe'},2679154
a1e6ad74-cac4-83bb-b723-1793565bea78,{'subject': 'c:\program files (x86)\google\googleupdater\126.0.6441.0\updater.exe'},2679156
f6328e93-ed22-8623-a9d9-3cf070c354d2,{'subject': 'c:\program files (x86)\google\googleupdater\126.0.6441.0\updater.exe'},2679331
92d6b1c7-848f-8b2e-85ed-1d6178ec58d6,{'subject': 'c:\program files (x86)\google\googleupdater\126.0.6441.0\updater.exe'},2679338
317625c5-117a-859b-b433-f7f5a808fa75,{'subject': 'c:\program files (x86)\google\googleupdater\126.0.6441.0\updater.exe'},2679340
586b72db-8352-8aa4-b9b9-96fcd95158fb,{'subject': 'c:\program files (x86)\google\googleupdater\126.0.6441.0\updater.exe'},2692940
cbe4e981-a0d0-8d6b-aef0-6b767c4ed3b3,{'subject': 'c:\program files (x86)\microsoft\edgewebview\application\124.0.2478.67\msedgewebview2.exe'},2685465
8cdaf239-9085-8eb8-8d43-983f66332afa,{'subject': 'c:\program files (x86)\google\googleupdater\126.0.6441.0\updater.exe'},2688127
16e91bd2-aa32-80f7-8eb5-aa77a7c7f0f9,{'subject': 'c:\program files (x86)\google\googleupdater\126.0.6441.0\updater.exe'},2688129
6e3c522e-0415-8131-a13b-af8e7cbdbb6d,{'subject': 'c:\program files (x86)\google\googleupdater\126.0.6441.0\updater.exe'},2688136
843fd2b2-b736-80e8-b29f-e681a9570dd5,{'subject': 'c:\program files (x86)\google\googleupdater\126.0.6441.0\updater.exe'},2688140
824155b1-d1e8-8c58-b50a-5d96038e1c30,{'subject': 'c:\program files (x86)\google\googleupdater\126.0.6441.0\updater.exe'},2688143
7198ff19-9128-8aea-b3a1-855b33159c59,{'subject': 'c:\program files (x86)\google\googleupdater\126.0.6441.0\updater.exe'},2688146
1e9e3ae2-048f-8d30-8b29-d721d03520e8,{'subject': 'c:\program files (x86)\google\googleupdater\126.0.6441.0\updater.exe'},2688160
1c9cd227-8c8f-87d7-8023-353b4f46dcb8,{'subject': 'c:\program files (x86)\google\googleupdater\126.0.6441.0\updater.exe'},2688161
48a613e3-bd6d-887e-932b-e0275b1908a4,{'subject': 'c:\windows\softwaredistribution\download\install\am_delta_patch_1.409.597.0.exe'},2689301
dc258f6b-daef-8cf3-bde5-98f752a951e6,{'subject': 'c:\program files (x86)\microsoft\edgewebview\application\124.0.2478.67\msedgewebview2.exe'},2690391
5034c78c-4729-8ce6-a12b-8c06a2040d6f,{'subject': 'c:\program files (x86)\google\googleupdater\126.0.6441.0\updater.exe'},2690516
ce6b9bc2-5cd8-8d8b-a85f-578c8cfad273,{'subject': 'c:\program files (x86)\google\googleupdater\126.0.6441.0\updater.exe'},2690519
a4ebd10f-b170-87e7-adff-a85419724742,{'subject': 'c:\program files (x86)\google\googleupdater\126.0.6441.0\updater.exe'},2690522
a8638722-0dec-885e-998f-38f1764f2ff6,{'subject': 'c:\program files (x86)\google\googleupdater\126.0.6441.0\updater.exe'},2690524
0928d94c-2898-85e3-9b17-c48a6b2d5a8b,{'subject': 'c:\program files (x86)\google\googleupdater\126.0.6441.0\updater.exe'},2690525
b1dd7af0-eb38-80e1-a778-dd005e2487d7,{'subject': 'c:\program files (x86)\google\googleupdater\126.0.6441.0\updater.exe'},2690527
488e3b2f-5359-8b11-8ea4-65817e2475c7,{'subject': 'c:\program files (x86)\google\googleupdater\126.0.6441.0\updater.exe'},2690534
02ae2e1b-3624-8424-95c6-f6f9c2297d8f,{'subject': 'c:\program files (x86)\google\googleupdater\126.0.6441.0\updater.exe'},2690538
8e7413e8-9585-8244-8c25-8f834061b866,{'subject': 'c:\program files (x86)\google\googleupdater\126.0.6441.0\updater.exe'},2690539
904c1839-a897-8341-abcb-0fdd147af308,{'subject': 'c:\program files\windowsapps\microsoft.outlookforwindows_1.2024.424.300_x64__8wekyb3d8bbwe\olkpushnotificationbackgroundtask.exe'},2690818
cbcc2733-de58-8e80-b43c-a0e489dab28d,{'subject': 'c:\program files\windowsapps\microsoft.outlookforwindows_1.2024.424.300_x64__8wekyb3d8bbwe\olkpushnotificationbackgroundtask.exe'},2690819
035f5145-c1de-8c10-aa04-c897c49ddb66,{'subject': 'c:\program files (x86)\google\googleupdater\126.0.6441.0\updater.exe'},2690986
176da1eb-bfc3-8980-be8b-0b916d892f11,{'subject': 'c:\program files (x86)\google\googleupdater\126.0.6441.0\updater.exe'},2690989
d8ccecb2-57e1-81fe-86d7-5c8e064d1bcb,{'subject': 'c:\program files (x86)\google\googleupdater\126.0.6441.0\updater.exe'},2690992
5580ee22-5867-8c87-8ee6-c7dc1af73a6e,{'subject': 'c:\program files (x86)\google\googleupdater\126.0.6441.0\updater.exe'},2690994
8b4bfd9a-8a47-8cda-92bf-128f5e9fb613,{'subject': 'c:\program files (x86)\google\googleupdater\126.0.6441.0\updater.exe'},2690995
f9a980e4-feed-8904-88dd-a48e59feb022,{'subject': 'c:\program files (x86)\google\googleupdater\126.0.6441.0\updater.exe'},2690997
fd610d10-9a15-842f-8e72-b4ab50e3b788,{'subject': 'c:\program files (x86)\google\googleupdater\126.0.6441.0\updater.exe'},2691000
452c500f-dabe-82d4-ad57-3fc5b19bc603,{'subject': 'c:\program files (x86)\google\googleupdater\126.0.6441.0\updater.exe'},2691004
53ccc27b-df1e-8c25-adcd-eaf09fb3430e,{'subject': 'c:\program files (x86)\google\googleupdater\126.0.6441.0\updater.exe'},2691005
d612a524-8dc5-8d7c-abb3-6200b3aa7a66,{'subject': 'c:\program files (x86)\google\googleupdater\126.0.6441.0\updater.exe'},2691229
27c54234-4167-8064-a64e-634ee8f3dc83,{'subject': 'c:\program files (x86)\google\googleupdater\126.0.6441.0\updater.exe'},2691232
ed941f3e-5953-8f05-92e7-d63d01fbfc06,{'subject': 'c:\program files (x86)\google\googleupdater\126.0.6441.0\updater.exe'},2691235
2f5b3589-4804-8f1e-a2ba-8cd6b27e73ab,{'subject': 'c:\program files (x86)\google\googleupdater\126.0.6441.0\updater.exe'},2692942
bbfaaa86-1433-811e-8de7-6a51a58eea1f,{'subject': 'c:\program files (x86)\google\googleupdater\126.0.6441.0\updater.exe'},2692943
1b96c778-e91d-8cb4-ac27-86f06ee10a61,{'subject': 'c:\program files (x86)\google\googleupdater\126.0.6441.0\updater.exe'},2691237
4def6d73-c6be-874f-a331-ebd68fb02a2e,{'subject': 'c:\program files (x86)\google\googleupdater\126.0.6441.0\updater.exe'},2691238
87d20e7b-b645-87eb-842d-e4c3c86c8c54,{'subject': 'c:\program files (x86)\google\googleupdater\126.0.6441.0\updater.exe'},2691240
ef057acd-2830-8bdd-b04a-2089d66a445d,{'subject': 'c:\program files (x86)\google\googleupdater\126.0.6441.0\updater.exe'},2691246
7d24caa0-eb3e-855d-a20b-251a0d908f4e,{'subject': 'c:\program files (x86)\google\googleupdater\126.0.6441.0\updater.exe'},2691247
ced7dd59-7161-8ba1-a114-a70f449aa660,{'subject': 'c:\program files (x86)\google\googleupdater\126.0.6441.0\updater.exe'},2691661
16aff7a1-efea-8fa9-a0c1-7f1a84166aea,{'subject': 'c:\program files (x86)\google\googleupdater\126.0.6441.0\updater.exe'},2691664
96061667-fd96-81f3-9f01-bc9415fa9391,{'subject': 'c:\program files (x86)\google\googleupdater\126.0.6441.0\updater.exe'},2691667
fdb08ab1-8ddb-8292-bfcc-2b7972be5aca,{'subject': 'c:\program files (x86)\google\googleupdater\126.0.6441.0\updater.exe'},2691669
df6400d2-8687-8a42-b2f9-cc719a9b91e2,{'subject': 'c:\program files (x86)\google\googleupdater\126.0.6441.0\updater.exe'},2691670
83706368-12e3-8541-a425-95f46bae73dd,{'subject': 'c:\program files (x86)\google\googleupdater\126.0.6441.0\updater.exe'},2691672
b8348050-cd04-8054-9bdc-df771905da8d,{'subject': 'c:\program files (x86)\google\googleupdater\126.0.6441.0\updater.exe'},2691683
1a7fa04a-d8d3-8156-a2c7-cbe09866d699,{'subject': 'c:\program files (x86)\google\googleupdater\126.0.6441.0\updater.exe'},2691686
277cf6ea-2410-83cb-a7d1-a4dfbac1609e,{'subject': 'c:\users\efficientgoldfinch\appdata\local\temp\4a380393-5b13-4ce8-b878-20818c30a2ce\dismhost.exe'},2691950
c46fc391-aad5-8d69-8c2c-d9ccde71cb45,{'subject': 'c:\program files (x86)\google\googleupdater\126.0.6441.0\updater.exe'},2692945
b2bc3db6-e3dd-8906-8775-467eb851759e,{'subject': 'c:\program files (x86)\google\googleupdater\126.0.6441.0\updater.exe'},2692951
a386436e-8dc9-89cd-a2a4-1615d6dc68d0,{'subject': 'c:\program files (x86)\google\googleupdater\126.0.6441.0\updater.exe'},2692952
4644c4f8-cd6d-8741-9a2b-96c6de11d98c,{'subject': 'c:\program files\windowsapps\microsoft.outlookforwindows_1.2024.424.300_x64__8wekyb3d8bbwe\olkpushnotificationbackgroundtask.exe'},2693121
282e59d8-3918-8304-9aa6-cf1e1ecf0117,{'subject': 'c:\program files\windowsapps\microsoft.outlookforwindows_1.2024.424.300_x64__8wekyb3d8bbwe\olkpushnotificationbackgroundtask.exe'},2693122
a651d4e5-46d3-8cdb-b49f-72e17d4de1ca,{'subject': 'c:\program files\windowsapps\microsoft.outlookforwindows_1.2024.424.300_x64__8wekyb3d8bbwe\olkpushnotificationbackgroundtask.exe'},2693188
1d948da7-8d5a-88f2-a0ae-ac601bc9ff76,{'subject': 'c:\program files\windowsapps\microsoft.outlookforwindows_1.2024.424.300_x64__8wekyb3d8bbwe\olkpushnotificationbackgroundtask.exe'},2693189
c7194b3d-41de-85a5-bde4-4db84d7949cf,{'subject': 'c:\program files (x86)\google\googleupdater\126.0.6441.0\updater.exe'},2693293
dea6a17b-5a38-8415-a4ba-2b7b7f3997a2,{'subject': 'c:\program files (x86)\google\googleupdater\126.0.6441.0\updater.exe'},2693295
51328468-f29b-8ca6-82a9-02b738c5febc,{'subject': 'c:\program files (x86)\google\googleupdater\126.0.6441.0\updater.exe'},2693299
611f5ee0-869b-849b-96f3-ae7be4e7c2ee,{'subject': 'c:\program files (x86)\google\googleupdater\126.0.6441.0\updater.exe'},2693301
5d5ac7f7-9924-8c73-9f7d-3a937855aa65,{'subject': 'c:\program files (x86)\google\googleupdater\126.0.6441.0\updater.exe'},2693302
4920c225-2820-89ef-8057-36bf3eebeb80,{'subject': 'c:\program files (x86)\google\googleupdater\126.0.6441.0\updater.exe'},2693303
9229da53-322d-867d-87d0-27ac916417ce,{'subject': 'c:\program files (x86)\google\googleupdater\126.0.6441.0\updater.exe'},2693307
41513ca4-be02-8c71-89a0-3074e9e59802,{'subject': 'c:\program files (x86)\google\googleupdater\126.0.6441.0\updater.exe'},2693311
147f8d4e-2235-8388-8c17-c24167a22d99,{'subject': 'c:\program files (x86)\google\googleupdater\126.0.6441.0\updater.exe'},2693312
d4b1ba10-971f-812c-8fe4-2d9ad6e76238,{'subject': 'c:\program files (x86)\google\googleupdater\126.0.6441.0\updater.exe'},2693533
6e272673-242f-8693-b146-31e616f9aa58,{'subject': 'c:\program files (x86)\google\googleupdater\126.0.6441.0\updater.exe'},2693534
c3a4fa99-d504-8fda-8347-2a1c2de68eb2,{'subject': 'c:\program files (x86)\google\googleupdater\126.0.6441.0\updater.exe'},2693539
236ead37-7733-8e5a-8cd4-110e79ccbcab,{'subject': 'c:\program files (x86)\google\googleupdater\126.0.6441.0\updater.exe'},2693541
f4a21d94-4ffd-8fc0-b1ac-bdbf93ae6d5c,{'subject': 'c:\program files (x86)\google\googleupdater\126.0.6441.0\updater.exe'},2693542
ba83b354-31f4-8032-92b0-1585d43ea49c,{'subject': 'c:\program files (x86)\google\googleupdater\126.0.6441.0\updater.exe'},2693543
5b7f5f34-d5f2-8c7e-a533-31699db74a05,{'subject': 'c:\program files (x86)\google\googleupdater\126.0.6441.0\updater.exe'},2693547
966e5765-4d46-8684-986e-5a96118f2306,{'subject': 'c:\program files (x86)\google\googleupdater\126.0.6441.0\updater.exe'},2693551
ab89e940-f29b-8f8b-be4b-c7a8a2f5099e,{'subject': 'c:\program files (x86)\google\googleupdater\126.0.6441.0\updater.exe'},2693552
06959182-4371-8704-9905-b2b76e04926a,{'subject': 'c:\program files (x86)\google\googleupdater\126.0.6441.0\updater.exe'},2693801
85626bd4-deb1-8971-af28-43633ab69cb7,{'subject': 'c:\program files (x86)\google\googleupdater\126.0.6441.0\updater.exe'},2693804
75bcb303-d0b0-8beb-931a-a0b3ead3b605,{'subject': 'c:\program files (x86)\google\googleupdater\126.0.6441.0\updater.exe'},2693807
c8b061c0-4739-8dd1-b202-ee38f4256953,{'subject': 'c:\program files (x86)\google\googleupdater\126.0.6441.0\updater.exe'},2693809
5eac556f-2694-8fa8-a287-4f8e25f57df8,{'subject': 'c:\program files (x86)\google\googleupdater\126.0.6441.0\updater.exe'},2693810
0d2a877d-9dc2-873f-b5e7-ce38fc175a9e,{'subject': 'c:\program files (x86)\google\googleupdater\126.0.6441.0\updater.exe'},2693812
5f0206ca-c7e9-8c36-a3c2-541406687269,{'subject': 'c:\program files (x86)\google\googleupdater\126.0.6441.0\updater.exe'},2693822
f42872d3-a9f6-8447-b3b3-62f78a330df3,{'subject': 'c:\program files (x86)\google\googleupdater\126.0.6441.0\updater.exe'},2693823
542077ed-c7a3-8017-b8ff-694ffa8b7054,{'subject': 'c:\program files (x86)\google\googleupdater\126.0.6441.0\updater.exe'},2694055
5d4fe4c4-6ea9-8b8b-b432-d01eb344ec97,{'subject': 'c:\program files (x86)\google\googleupdater\126.0.6441.0\updater.exe'},2694057
59fa01c9-e01f-8320-97e8-d1ce28403c97,{'subject': 'c:\program files (x86)\google\googleupdater\126.0.6441.0\updater.exe'},2694061
5bf75a4d-1b25-8fa9-9fa9-9ee2a796f1fc,{'subject': 'c:\program files (x86)\google\googleupdater\126.0.6441.0\updater.exe'},2694063
a54a5f64-3638-870b-a4a2-8bbbdbb16a3a,{'subject': 'c:\program files (x86)\google\googleupdater\126.0.6441.0\updater.exe'},2694064
b8882171-87bf-83f5-bf58-1928f532d843,{'subject': 'c:\program files (x86)\google\googleupdater\126.0.6441.0\updater.exe'},2694066
04d35611-351a-81c9-9087-cd26068a50e8,{'subject': 'c:\program files (x86)\google\googleupdater\126.0.6441.0\updater.exe'},2694076
663a3e94-72b3-8834-8305-46e61e2a1848,{'subject': 'c:\program files (x86)\google\googleupdater\126.0.6441.0\updater.exe'},2694077
de872d37-354f-85ed-baa6-26d7db4523bc,{'subject': 'c:\program files (x86)\google\googleupdater\126.0.6441.0\updater.exe'},2694078
37dbe35a-6889-81c3-90a9-f5151003177f,{'subject': 'c:\program files (x86)\google\googleupdater\126.0.6441.0\updater.exe'},2694444
fdc0e553-20df-8489-a435-ef92da59f055,{'subject': 'c:\program files (x86)\google\googleupdater\126.0.6441.0\updater.exe'},2694447
2d217794-4da8-82cd-a5eb-a03752669526,{'subject': 'c:\program files (x86)\google\googleupdater\126.0.6441.0\updater.exe'},2694450
3142e608-4211-8df1-a26a-3dc3f15e3c72,{'subject': 'c:\program files (x86)\google\googleupdater\126.0.6441.0\updater.exe'},2694451
7f833bcc-fd76-8a08-8ea8-9ed09c0ae7ff,{'subject': 'c:\program files (x86)\google\googleupdater\126.0.6441.0\updater.exe'},2694453
91658d9b-7efc-8f4f-904e-eceae8079662,{'subject': 'c:\program files (x86)\google\googleupdater\126.0.6441.0\updater.exe'},2694455
0cd456d9-92a0-8ae7-b2e3-84435e4574d1,{'subject': 'c:\windows\systemtemp\chrome_unpacker_beginunzipping14652_1968053921\124.0.6367.92_chrome_installer.exe'},2694476
068e6363-cbd2-83e1-8a23-365ba390faf3,{'subject': 'c:\windows\systemtemp\chrome_unpacker_beginunzipping14652_1968053921\cr_9eb21.tmp\setup.exe'},2694481
a94a1eff-8b61-88bd-b9d8-744cd6a50eb3,{'subject': 'c:\windows\systemtemp\chrome_unpacker_beginunzipping14652_1968053921\cr_9eb21.tmp\setup.exe'},2694483
438162bf-a64f-8b6d-8b59-54a3c65439bf,{'subject': 'c:\windows\systemtemp\chrome_unpacker_beginunzipping14652_1968053921\cr_9eb21.tmp\setup.exe'},2694906
c83cdcc5-f145-8479-8963-ee6d7d9f2177,{'subject': 'c:\windows\systemtemp\chrome_unpacker_beginunzipping14652_1968053921\cr_9eb21.tmp\setup.exe'},2694910
01e9791a-13ea-8501-bf21-38ac1e9f35d4,{'subject': 'c:\windows\systemtemp\chrome_unpacker_beginunzipping14652_1968053921\cr_9eb21.tmp\setup.exe'},2694915
dd6a7544-ad4b-8279-acfb-bf7d7470e8e2,{'subject': 'c:\windows\systemtemp\chrome_unpacker_beginunzipping14652_1968053921\cr_9eb21.tmp\setup.exe'},2694928
8710b99c-ec3a-8b63-962a-235b88f24d5f,{'subject': 'c:\program files (x86)\google\googleupdater\126.0.6441.0\updater.exe'},2694960
5093715b-7f9b-84fa-8b3f-761b11ad94d0,{'subject': 'c:\program files (x86)\google\googleupdater\126.0.6441.0\updater.exe'},2694961
cce0100f-51f9-8036-ae19-37a7e9fc1617,{'subject': 'c:\program files (x86)\google\googleupdater\126.0.6441.0\updater.exe'},2695666
747f310c-28e7-8818-9681-e31f3f230c68,{'subject': 'c:\program files (x86)\google\googleupdater\126.0.6441.0\updater.exe'},2695669
cf1e9383-bb56-8405-86a5-9f335252ea3c,{'subject': 'c:\program files (x86)\google\googleupdater\126.0.6441.0\updater.exe'},2695672
7dcf5d03-edbd-8dcc-bbb8-dcbf6facb87d,{'subject': 'c:\program files (x86)\google\googleupdater\126.0.6441.0\updater.exe'},2695674
3a0e102b-e947-8019-9dd4-63d4fd0b935c,{'subject': 'c:\program files (x86)\google\googleupdater\126.0.6441.0\updater.exe'},2695675
076bfa81-f4bc-8d20-8e73-e75cdac54d43,{'subject': 'c:\program files (x86)\google\googleupdater\126.0.6441.0\updater.exe'},2695677
7d764921-add6-8a22-a203-8cf69bb9aae2,{'subject': 'c:\program files (x86)\google\googleupdater\126.0.6441.0\updater.exe'},2695683
e5dd2c40-272a-85de-89d7-abf8ab34e8df,{'subject': 'c:\program files (x86)\google\googleupdater\126.0.6441.0\updater.exe'},2695684
c8e33df8-ad06-8f8b-b4da-477f3239a7a6,{'subject': 'c:\program files (x86)\google\googleupdater\126.0.6441.0\updater.exe'},2696202
00d13db6-ef59-8a9c-bcfa-c39e28261153,{'subject': 'c:\program files (x86)\google\googleupdater\126.0.6441.0\updater.exe'},2696203
027f578d-feec-8d9d-a4d2-c91e03e7f2b0,{'subject': 'c:\program files (x86)\google\googleupdater\126.0.6441.0\updater.exe'},2696208
483209e1-7940-8796-ab2e-a53343ab626f,{'subject': 'c:\program files (x86)\google\googleupdater\126.0.6441.0\updater.exe'},2696210
70ee680e-664a-8c48-972a-eb3b12f11f86,{'subject': 'c:\program files (x86)\google\googleupdater\126.0.6441.0\updater.exe'},2696211
2d78f788-a00f-800f-bb53-786b9e1121d0,{'subject': 'c:\program files (x86)\google\googleupdater\126.0.6441.0\updater.exe'},2696213
f3e646cd-90d1-889c-98cc-30d584fcc4e0,{'subject': 'c:\program files (x86)\google\googleupdater\126.0.6441.0\updater.exe'},2696216
a63499b0-9386-8010-9fe9-3bc774eaa931,{'subject': 'c:\program files (x86)\google\googleupdater\126.0.6441.0\updater.exe'},2696220
8566f46f-4ecf-8c72-925c-312c42892f10,{'subject': 'c:\program files (x86)\google\googleupdater\126.0.6441.0\updater.exe'},2696221
8c64e38c-b64f-8896-a00d-731d2eecd06b,{'subject': 'c:\program files (x86)\google\googleupdater\126.0.6441.0\updater.exe'},2696421
1e8e9864-8ba1-8e6a-b4ad-6736ddf004ee,{'subject': 'c:\program files (x86)\google\googleupdater\126.0.6441.0\updater.exe'},2696423
c32a0cd9-f4dc-8a19-9bc7-203fa4772bd0,{'subject': 'c:\program files (x86)\google\googleupdater\126.0.6441.0\updater.exe'},2696427
4af1f750-6ff3-8abe-b675-1c3b1b2af2dd,{'subject': 'c:\program files (x86)\google\googleupdater\126.0.6441.0\updater.exe'},2696429
ef2725fc-a7c2-8130-859c-e45cb6d27205,{'subject': 'c:\program files (x86)\google\googleupdater\126.0.6441.0\updater.exe'},2696430
931e96c6-261b-855e-967e-dac3f9b4d3c0,{'subject': 'c:\program files (x86)\google\googleupdater\126.0.6441.0\updater.exe'},2696432
f536e06b-9c02-8efa-8a89-ad2de4420cd7,{'subject': 'c:\program files (x86)\google\googleupdater\126.0.6441.0\updater.exe'},2696438
4c9482f5-d448-8c63-b7b6-1cd8c3782724,{'subject': 'c:\program files (x86)\google\googleupdater\126.0.6441.0\updater.exe'},2696439
dccb5ec3-d6c9-896f-a3f4-072531d2f146,{'subject': 'c:\program files (x86)\google\googleupdater\126.0.6441.0\updater.exe'},2697252
36546a12-4380-8512-9fb9-7c1578feae37,{'subject': 'c:\program files (x86)\google\googleupdater\126.0.6441.0\updater.exe'},2697255
e1724f34-5081-863e-a645-d2b2394576dd,{'subject': 'c:\program files (x86)\google\googleupdater\126.0.6441.0\updater.exe'},2697258
8bf114a0-8985-80b0-9ef5-ebf6e895c99e,{'subject': 'c:\program files (x86)\google\googleupdater\126.0.6441.0\updater.exe'},2697259
bee25aec-face-8753-8e50-98f51f8b62de,{'subject': 'c:\program files (x86)\google\googleupdater\126.0.6441.0\updater.exe'},2697261
019e11f6-1dd1-8f69-9c85-ced5625c30dc,{'subject': 'c:\program files (x86)\google\googleupdater\126.0.6441.0\updater.exe'},2697263
639c0085-be1d-8720-a3da-edad03d30e90,{'subject': 'c:\program files (x86)\google\googleupdater\126.0.6441.0\updater.exe'},2697266
d2aeaa5b-c3f3-8c01-981d-24a958df62cb,{'subject': 'c:\program files (x86)\google\googleupdater\126.0.6441.0\updater.exe'},2697270
3a0d18a5-bbd1-8265-87be-999e12d4950d,{'subject': 'c:\program files (x86)\google\googleupdater\126.0.6441.0\updater.exe'},2697271
6291e371-e2c3-8571-862c-32d648a37b59,{'subject': 'c:\program files (x86)\google\googleupdater\126.0.6441.0\updater.exe'},2697471
c37debc9-67af-8a1e-806e-a559ad530dda,{'subject': 'c:\program files (x86)\google\googleupdater\126.0.6441.0\updater.exe'},2697474
553038fb-6177-845b-aafb-d59a1764de25,{'subject': 'c:\program files (x86)\google\googleupdater\126.0.6441.0\updater.exe'},2697477
b860e033-5db9-8c56-8869-8e43b4b63a49,{'subject': 'c:\program files (x86)\google\googleupdater\126.0.6441.0\updater.exe'},2697478
04cf4b84-8717-89d6-b3fe-bc91728a4914,{'subject': 'c:\program files (x86)\google\googleupdater\126.0.6441.0\updater.exe'},2697480
5d6cbc6b-b386-87b1-8009-b1a5fa1dd840,{'subject': 'c:\program files (x86)\google\googleupdater\126.0.6441.0\updater.exe'},2697482
a7fe9470-0c1c-8bd1-8404-f4e4648448ed,{'subject': 'c:\program files (x86)\google\googleupdater\126.0.6441.0\updater.exe'},2697490
0475ef2f-4d8d-8d80-83fe-91f742f73606,{'subject': 'c:\program files (x86)\google\googleupdater\126.0.6441.0\updater.exe'},2697494
b097789c-edd8-8178-9103-fb1928f0f7e3,{'subject': 'c:\program files\windowsapps\microsoft.windowsstore_22403.1401.3.0_x64__8wekyb3d8bbwe\winstore.app.exe'},2698081
7da8cdf5-49ff-8217-89f9-fd8489745447,{'subject': 'c:\program files (x86)\google\googleupdater\126.0.6441.0\updater.exe'},2698341
a59b720d-a938-8c20-9930-e0b80d55f6b2,{'subject': 'c:\program files (x86)\google\googleupdater\126.0.6441.0\updater.exe'},2698344
5833c6b6-331f-8009-8d8e-841fed8e4ccf,{'subject': 'c:\program files (x86)\google\googleupdater\126.0.6441.0\updater.exe'},2698348
576cfbe7-b201-8b26-838f-6f4df9320a12,{'subject': 'c:\program files (x86)\google\googleupdater\126.0.6441.0\updater.exe'},2698349
ba442f95-8f85-8bfa-a6ab-6eda3ff16b98,{'subject': 'c:\program files (x86)\google\googleupdater\126.0.6441.0\updater.exe'},2698351
8dd0f375-94aa-86db-8f5e-9186def04e84,{'subject': 'c:\program files (x86)\google\googleupdater\126.0.6441.0\updater.exe'},2698353
9819535d-3a60-8def-b30a-a5ae0324fe08,{'subject': 'c:\program files (x86)\google\googleupdater\126.0.6441.0\updater.exe'},2698368
24ce0564-f476-804f-bce3-cfbe0833dd7c,{'subject': 'c:\program files (x86)\google\googleupdater\126.0.6441.0\updater.exe'},2698369
31067c9a-027d-8b3c-b2a3-082031fef78f,{'subject': 'c:\program files (x86)\microsoft\edgewebview\application\124.0.2478.67\msedgewebview2.exe'},2707476
8499100e-8c49-8cda-8561-6365a05d867c,{'subject': 'c:\program files (x86)\microsoft\edgewebview\application\124.0.2478.67\msedgewebview2.exe'},2707483
03fc9861-6139-8364-806d-ac7c3d5855df,{'subject': 'c:\program files (x86)\microsoft\edgewebview\application\124.0.2478.67\msedgewebview2.exe'},2707498
735ce538-a1ae-896a-b46c-d3df8c24f240,{'subject': 'c:\program files (x86)\microsoft\edgewebview\application\124.0.2478.67\msedgewebview2.exe'},2707510
d28f9473-5343-8312-b4de-b03087413280,{'subject': 'c:\program files (x86)\microsoft\edgewebview\application\124.0.2478.67\msedgewebview2.exe'},2707548
b7eea278-d819-8f67-bf9e-1d73f9fb2eed,{'subject': 'c:\program files (x86)\microsoft\edgewebview\application\124.0.2478.67\msedgewebview2.exe'},2707625
03d58031-fc52-8e56-80ce-14bec8a33b8b,{'subject': 'c:\program files (x86)\microsoft\edgewebview\application\124.0.2478.67\msedgewebview2.exe'},2709572
ad691696-e224-8a16-8073-43e006bc9d72,{'subject': 'c:\users\buzzingporpoise.pangolin\appdata\roaming\zoom\bin\zoom.exe'},2710139
1846a3d9-9822-8cbd-a431-b65698c0c3c5,{'subject': 'c:\users\buzzingporpoise.pangolin\appdata\roaming\zoom\bin\zoom.exe'},2712030
21e4f9ac-db87-814f-b3f1-3509d2b90f86,{'subject': 'c:\program files (x86)\microsoft\edgewebview\application\124.0.2478.67\msedgewebview2.exe'},2712051
ec9014d5-6bd6-8106-8d37-040eedb7a0cb,{'subject': 'c:\program files (x86)\microsoft\edgewebview\application\124.0.2478.67\msedgewebview2.exe'},2712061
0de8bed6-34ab-8e13-8c0e-9bf925577f5a,{'subject': 'c:\users\buzzingporpoise.pangolin\appdata\roaming\zoom\bin\zoom.exe'},2712114
63103144-a99c-8c14-909d-27c4489590e3,{'subject': 'c:\program files (x86)\microsoft\edgewebview\application\124.0.2478.67\msedgewebview2.exe'},2712151
62d67841-247e-8ef8-b05c-7547ff5bcc8c,{'subject': 'c:\users\buzzingporpoise.pangolin\appdata\roaming\zoom\bin\installer.exe'},2712178
152296c4-8607-8e6b-bfc2-6fc2b6c41f63,{'subject': 'c:\users\buzzingporpoise.pangolin\appdata\roaming\zoom\bin\zwebview2agent.exe'},2712195
0b4e992c-a185-8b84-8aba-710f49204f55,{'subject': 'c:\users\buzzingporpoise.pangolin\appdata\roaming\zoom\bin\installer.exe'},2712236
d7248267-1267-86dd-a672-d61ac3079066,{'subject': 'c:\program files (x86)\microsoft\edgewebview\application\124.0.2478.67\msedgewebview2.exe'},2712241
e1ebda59-a270-8899-8e94-e7951e937996,{'subject': 'c:\program files (x86)\microsoft\edgewebview\application\124.0.2478.67\msedgewebview2.exe'},2712251
eb2343ce-2114-816c-bdbf-96aaf7b62480,{'subject': 'c:\program files (x86)\microsoft\edgewebview\application\124.0.2478.67\msedgewebview2.exe'},2712272
4e8f0a41-57be-8451-b2b8-5b30dbc5ec04,{'subject': 'c:\program files (x86)\microsoft\edgewebview\application\124.0.2478.67\msedgewebview2.exe'},2712281
7a7fc32d-2165-83a6-a178-6e635b715897,{'subject': 'c:\program files (x86)\microsoft\edgewebview\application\124.0.2478.67\msedgewebview2.exe'},2712453
a027f2cb-de67-8d36-bac9-5aa06a8714a0,{'subject': 'c:\program files (x86)\microsoft\edgewebview\application\124.0.2478.67\msedgewebview2.exe'},2712472
25eba5db-7280-84b6-8d22-20af6bd98d9c,{'subject': 'c:\program files (x86)\microsoft\edgewebview\application\124.0.2478.67\msedgewebview2.exe'},2712498
ddbc773a-9467-806d-8e08-e178c28dec3a,{'subject': 'c:\program files (x86)\microsoft\edgewebview\application\124.0.2478.67\msedgewebview2.exe'},2712620
995dfb57-8738-8d34-a20f-e62eea0e3c6f,{'subject': 'c:\users\buzzingporpoise.pangolin\appdata\roaming\zoom\bin\zoom.exe'},2712750
2cfdb959-03f4-8333-b93a-874601d4c7c3,{'subject': 'c:\program files (x86)\microsoft\edgewebview\application\124.0.2478.67\msedgewebview2.exe'},2714441
ff38434d-8c7a-83a8-9e12-5568573146a6,{'subject': 'c:\program files (x86)\microsoft\edgewebview\application\124.0.2478.67\msedgewebview2.exe'},2714453
cb4ef46d-66de-8d29-af08-befeb844e2c3,{'subject': 'c:\program files (x86)\microsoft\edgewebview\application\124.0.2478.67\msedgewebview2.exe'},2714499
80896905-7f1e-8f0b-9b8f-bf9493348fea,{'subject': 'c:\program files (x86)\microsoft\edgewebview\application\124.0.2478.67\msedgewebview2.exe'},2714544
11e1b7fb-6cce-8bbb-88ea-76ab65e9b335,{'subject': 'c:\program files (x86)\microsoft\edgewebview\application\124.0.2478.67\msedgewebview2.exe'},2714587
4d04a164-ed5f-8890-87b8-9999e6c495a4,{'subject': 'c:\program files (x86)\microsoft\edgewebview\application\124.0.2478.67\msedgewebview2.exe'},2714640
7f582d0a-f992-8cea-86d9-e51979ddc3a3,{'subject': 'c:\users\buzzingporpoise.pangolin\appdata\roaming\zoom\bin\cpthost.exe'},2714652
9a130866-ad8f-8405-833c-f7e2c3246a0d,{'subject': 'c:\program files (x86)\google\googleupdater\126.0.6441.0\updater.exe'},2720203
f09a4ee0-1e89-8d6d-89be-093da3c0ad63,{'subject': 'c:\program files (x86)\google\googleupdater\126.0.6441.0\updater.exe'},2720205
7c76cd2b-be1e-82f2-8456-b7f01f8bd2f9,{'subject': 'c:\program files (x86)\google\googleupdater\126.0.6441.0\updater.exe'},2720209
8c359097-9abe-8c0c-9679-61018bde93b6,{'subject': 'c:\program files (x86)\google\googleupdater\126.0.6441.0\updater.exe'},2720211
23a56246-e688-8556-8949-cc1dddb266be,{'subject': 'c:\program files (x86)\google\googleupdater\126.0.6441.0\updater.exe'},2720212
93d85375-6af3-80e9-8061-9f503a032f2e,{'subject': 'c:\program files (x86)\google\googleupdater\126.0.6441.0\updater.exe'},2720214
8d395735-96e9-852b-9b05-241c9d881a60,{'subject': 'c:\program files (x86)\google\googleupdater\126.0.6441.0\updater.exe'},2720238
8b681028-719c-8900-bae2-c313c2e92ebd,{'subject': 'c:\program files (x86)\google\googleupdater\126.0.6441.0\updater.exe'},2720239
9b942efe-e616-8329-bd1e-de8956926dd0,{'subject': 'c:\program files\windowsapps\microsoft.outlookforwindows_1.2024.424.300_x64__8wekyb3d8bbwe\olk.exe'},2735180
4409589d-6068-8996-9cef-daac110bb65e,{'subject': 'c:\program files\windowsapps\microsoft.outlookforwindows_1.2024.424.300_x64__8wekyb3d8bbwe\olk.exe'},2735181
188e4069-18e2-837b-a629-5682c3899e70,{'subject': 'c:\program files (x86)\microsoft\edgewebview\application\124.0.2478.67\msedgewebview2.exe'},2735199
8c403cd7-5c30-8b73-b49c-313130609470,{'subject': 'c:\program files (x86)\microsoft\edgewebview\application\124.0.2478.67\msedgewebview2.exe'},2735202
c0307d73-abbd-8127-9fe9-6cf3fb08d84f,{'subject': 'c:\program files (x86)\microsoft\edgewebview\application\124.0.2478.67\msedgewebview2.exe'},2735207
d2a0e310-f493-8cda-8403-14a3a93c4e7b,{'subject': 'c:\program files (x86)\microsoft\edgewebview\application\124.0.2478.67\msedgewebview2.exe'},2735221
d3461a43-08fa-8f41-ab88-990fef2f1109,{'subject': 'c:\program files (x86)\microsoft\edgewebview\application\124.0.2478.67\msedgewebview2.exe'},2735224
7353ac1f-ff34-8ff7-b1b4-5aa5c3f215cd,{'subject': 'c:\program files (x86)\microsoft\edgewebview\application\124.0.2478.67\msedgewebview2.exe'},2735302
bcd668c4-88ff-877c-8e6b-a667bb3a55a5,{'subject': 'c:\program files (x86)\microsoft\edgewebview\application\124.0.2478.67\msedgewebview2.exe'},2735435
53abfaa0-e59f-8278-aaa1-6a56640ed28a,{'subject': 'c:\program files (x86)\microsoft\edgewebview\application\124.0.2478.67\msedgewebview2.exe'},2735660
c8d68c07-5fe1-8bbf-ac14-5462d7147b7b,{'subject': 'c:\program files (x86)\microsoft\edgewebview\application\124.0.2478.67\msedgewebview2.exe'},2736998
e56042c1-2ba5-8bb9-ac8c-5d61222f41ad,{'subject': 'c:\program files (x86)\microsoft\edgewebview\application\124.0.2478.67\msedgewebview2.exe'},2737249
8943ac30-d725-8334-b88d-a30d6d56088a,{'subject': 'c:\program files\windowsapps\microsoft.outlookforwindows_1.2024.424.300_x64__8wekyb3d8bbwe\xpdagent.exe'},2741281
ad982ec5-e299-83c2-bd46-5ecd419e23d6,{'subject': 'c:\program files (x86)\microsoft\edgewebview\application\124.0.2478.67\msedgewebview2.exe'},2741285
d45733be-e650-8e5f-a215-28ee26fb2ab2,{'subject': 'c:\program files\windowsapps\microsoft.outlookforwindows_1.2024.424.300_x64__8wekyb3d8bbwe\xpdagent.exe'},2741309
11d60c1f-17f6-8acc-a41d-c950f0bdf549,{'subject': 'c:\program files\windowsapps\microsoft.outlookforwindows_1.2024.424.300_x64__8wekyb3d8bbwe\xpdagent.exe'},2741310
2738419f-6562-8c2f-860d-48cbe2305106,{'subject': 'c:\program files\windowsapps\microsoft.outlookforwindows_1.2024.424.300_x64__8wekyb3d8bbwe\xpdagent.exe'},2741326
2c3b152c-206a-8e44-b5f9-5400c306c2a5,{'subject': 'c:\program files (x86)\microsoft\edgewebview\application\124.0.2478.67\msedgewebview2.exe'},2744915
59235b7a-24a0-8c1e-bf23-65cf1b01e995,{'subject': 'c:\users\buzzingporpoise.pangolin\appdata\roaming\zoom\bin\zoom.exe'},2747201
1f2bd575-0956-8465-bfdb-811ec833c354,{'subject': 'c:\users\inspiringrobin.pangolin\appdata\local\microsoft\onedrive\24.076.0414.0005\filesyncconfig.exe'},2753081
c839b953-fef4-81d0-af76-32bc2db3e337,{'subject': 'c:\users\inspiringrobin.pangolin\appdata\local\microsoft\onedrive\24.076.0414.0005\microsoft.sharepoint.exe'},2753764
5acb9266-0d1a-824a-b442-c69a7057a71f,{'subject': 'c:\users\inspiringrobin.pangolin\appdata\local\microsoft\onedrive\24.076.0414.0005\filecoauth.exe'},2754941
b0aeec20-8eb7-8ced-b336-c96d952acf17,{'subject': 'c:\program files\windowsapps\microsoft.outlookforwindows_1.2024.424.300_x64__8wekyb3d8bbwe\olk.exe'},2756087
f79f832b-f067-823e-ba35-a8b9f0c0f651,{'subject': 'c:\program files\windowsapps\microsoft.outlookforwindows_1.2024.424.300_x64__8wekyb3d8bbwe\olk.exe'},2756088
c8a874d0-3599-8332-bd94-351c047e10ce,{'subject': 'c:\program files (x86)\microsoft\edgewebview\application\124.0.2478.67\msedgewebview2.exe'},2756099
f14dbb37-776b-8696-a952-c55da44dddcb,{'subject': 'c:\program files (x86)\microsoft\edgewebview\application\124.0.2478.67\msedgewebview2.exe'},2756155
43e8ecb1-8487-85b8-be6b-1ec286d5f379,{'subject': 'c:\program files (x86)\microsoft\edgewebview\application\124.0.2478.67\msedgewebview2.exe'},2756169
ab84638b-288d-8eb7-a3de-3799ebd9f047,{'subject': 'c:\users\inspiringrobin.pangolin\appdata\local\microsoft\onedrive\24.076.0414.0005\filecoauth.exe'},2757192
bb880112-c900-8701-a8fe-a7b14e52b77c,{'subject': 'c:\program files (x86)\google\googleupdater\126.0.6441.0\updater.exe'},2757862
adbdea2f-83f3-8d13-a45c-8e0d12e71896,{'subject': 'c:\program files (x86)\google\googleupdater\126.0.6441.0\updater.exe'},2757865
542c76a6-d642-85b9-955f-19996893085c,{'subject': 'c:\program files (x86)\google\googleupdater\126.0.6441.0\updater.exe'},2757868
2a692f9a-e4e2-88a3-9ba2-20f81d47b3f5,{'subject': 'c:\program files (x86)\google\googleupdater\126.0.6441.0\updater.exe'},2757870
c0b5c3e6-5e17-87e9-b809-6e14301f8215,{'subject': 'c:\program files (x86)\google\googleupdater\126.0.6441.0\updater.exe'},2757871
5f02c823-9b46-8747-9ffb-96343a0be654,{'subject': 'c:\program files (x86)\google\googleupdater\126.0.6441.0\updater.exe'},2757873
c353168a-7c60-8024-8ed9-e0c8279a13e3,{'subject': 'c:\program files (x86)\google\googleupdater\126.0.6441.0\updater.exe'},2757874
f37cb47b-e49b-82f4-a163-ba6290c95595,{'subject': 'c:\program files (x86)\google\googleupdater\126.0.6441.0\updater.exe'},2757900
f3f2cf17-d4fc-8548-a919-98d9bdf5f8bc,{'subject': 'c:\program files (x86)\google\googleupdater\126.0.6441.0\updater.exe'},2757901
3417217d-e651-8f8b-a6d9-a67c81e4b498,{'subject': 'c:\program files\windowsapps\microsoft.people_10.2202.100.0_x64__8wekyb3d8bbwe\peopleapp.exe'},2762467
c2d511a6-5940-835d-a80f-43264c03ce1c,{'subject': 'c:\program files\windowsapps\microsoft.people_10.2202.100.0_x64__8wekyb3d8bbwe\peopleapp.exe'},2762571
12aef3aa-ead1-872e-b4c1-a07ad43e919f,{'subject': 'c:\program files (x86)\google\googleupdater\126.0.6441.0\updater.exe'},2785571
25a6461b-d75e-84e7-adba-c61fae59e441,{'subject': 'c:\program files (x86)\google\googleupdater\126.0.6441.0\updater.exe'},2785578
ae07e285-e1f6-841e-8268-f3bf19d050a7,{'subject': 'c:\program files (x86)\google\googleupdater\126.0.6441.0\updater.exe'},2785581
ec0ba43f-50d1-8122-989d-751f9c56411f,{'subject': 'c:\program files (x86)\google\googleupdater\126.0.6441.0\updater.exe'},2785582
79a10bd2-72ab-8205-ba65-53823ac5ba6c,{'subject': 'c:\program files (x86)\google\googleupdater\126.0.6441.0\updater.exe'},2785585
2c40668e-df1f-89ae-bc02-25dee4548a1d,{'subject': 'c:\program files (x86)\google\googleupdater\126.0.6441.0\updater.exe'},2785587
2468d87c-7231-8229-875d-197419ba2aff,{'subject': 'c:\program files (x86)\google\googleupdater\126.0.6441.0\updater.exe'},2785590
c29f7d14-1ae8-81c1-a312-1cd58cd4d2f6,{'subject': 'c:\program files (x86)\google\googleupdater\126.0.6441.0\updater.exe'},2785605
2c654371-9340-8192-9fa8-70ba747e5be2,{'subject': 'c:\users\buzzingporpoise.pangolin\appdata\local\temp\3ee94326-24ab-4696-b9cd-850f616eecd8\dismhost.exe'},2787029
65bc71a0-42f7-8bce-957d-d7a3de006b55,{'subject': 'c:\windows\microsoft.net\framework64\v4.0.30319\csc.exe'},2789376
f15eac1c-aa70-8c8c-847a-a7e5b0dc5232,{'subject': 'c:\windows\microsoft.net\framework64\v4.0.30319\cvtres.exe'},2789384
4d3f7280-078e-8ff5-9c98-87ac405fbd88,{'subject': 'c:\program files (x86)\microsoft\edgewebview\application\124.0.2478.67\msedgewebview2.exe'},2792922
b1ffc5c2-367c-822a-9466-d5e8e6477a2f,{'subject': 'c:\program files\windowsapps\microsoft.outlookforwindows_1.2024.424.300_x64__8wekyb3d8bbwe\olk.exe'},2793453
9cb7ad79-64a4-8d10-8836-16ca72deb1d8,{'subject': 'c:\program files\windowsapps\microsoft.outlookforwindows_1.2024.424.300_x64__8wekyb3d8bbwe\olk.exe'},2793454
f2c2f2ad-3020-85ec-8fd2-8d8d19bfca02,{'subject': 'c:\program files (x86)\microsoft\edgewebview\application\124.0.2478.67\msedgewebview2.exe'},2793467
705d3f7c-5355-8830-9406-8dea1fad4119,{'subject': 'c:\program files (x86)\microsoft\edgewebview\application\124.0.2478.67\msedgewebview2.exe'},2793468
40a0059e-bdb0-86a9-9b59-4b9eae0a87e2,{'subject': 'c:\program files (x86)\microsoft\edgewebview\application\124.0.2478.67\msedgewebview2.exe'},2793471
0b7cba40-f16c-827f-a003-731e079a8930,{'subject': 'c:\program files (x86)\microsoft\edgewebview\application\124.0.2478.67\msedgewebview2.exe'},2793479
3953ff54-30f8-8c31-bb3a-5c442bda3450,{'subject': 'c:\program files (x86)\microsoft\edgewebview\application\124.0.2478.67\msedgewebview2.exe'},2793488
2659b6cb-84a6-8dbb-a916-97cde56438ff,{'subject': 'c:\program files (x86)\microsoft\edgewebview\application\124.0.2478.67\msedgewebview2.exe'},2793566
ca3a36a1-c9df-8f3c-b87f-c96dff29af20,{'subject': 'c:\program files (x86)\microsoft\edgewebview\application\124.0.2478.67\msedgewebview2.exe'},2793705
9a86aeea-ef53-8840-a50c-ab16dc5cfb96,{'subject': 'c:\program files (x86)\microsoft\edgewebview\application\124.0.2478.67\msedgewebview2.exe'},2793963
1883bb19-68e9-82af-888e-830ac281a694,{'subject': 'c:\program files (x86)\microsoft\edgewebview\application\124.0.2478.67\msedgewebview2.exe'},2794654
9794afdb-3b3b-80db-831d-3413d4249e2f,{'subject': 'c:\program files\windowsapps\microsoft.outlookforwindows_1.2024.424.300_x64__8wekyb3d8bbwe\xpdagent.exe'},2796458
cb7311c5-be34-828f-9d53-f2f7ed70fa0a,{'subject': 'c:\program files (x86)\microsoft\edgewebview\application\124.0.2478.67\msedgewebview2.exe'},2796462
aace43f8-a12d-87f2-9ba2-d2ff896aac90,{'subject': 'c:\program files\windowsapps\microsoft.outlookforwindows_1.2024.424.300_x64__8wekyb3d8bbwe\xpdagent.exe'},2796512
bf0e56af-c7a6-81fa-9951-114255e0bae6,{'subject': 'c:\program files\windowsapps\microsoft.outlookforwindows_1.2024.424.300_x64__8wekyb3d8bbwe\xpdagent.exe'},2796513
55f2e4ed-b22f-8122-9f9f-c579a90d3494,{'subject': 'c:\program files\windowsapps\microsoft.outlookforwindows_1.2024.424.300_x64__8wekyb3d8bbwe\xpdagent.exe'},2796536
b7571c4f-28f9-8fc8-8d7e-a09df95e3549,{'subject': 'c:\program files\windowsapps\microsoft.outlookforwindows_1.2024.424.300_x64__8wekyb3d8bbwe\xpdagent.exe'},2796853
44e20f4a-47c4-82ab-be6c-e43903ad4927,{'subject': 'c:\program files\windowsapps\microsoft.outlookforwindows_1.2024.424.300_x64__8wekyb3d8bbwe\xpdagent.exe'},2796866
6ee3dbc6-9d88-8a3d-92c8-742e88d72e5e,{'subject': 'c:\program files (x86)\google\googleupdater\126.0.6441.0\updater.exe'},2797603
05338f83-c053-8878-bcad-402050c640a6,{'subject': 'c:\program files (x86)\google\googleupdater\126.0.6441.0\updater.exe'},2797607
241735cf-4451-82f9-9e48-191631a91ee5,{'subject': 'c:\program files (x86)\google\googleupdater\126.0.6441.0\updater.exe'},2797611
a539ee9e-f398-81e2-88f7-dee8b296c1f6,{'subject': 'c:\program files (x86)\google\googleupdater\126.0.6441.0\updater.exe'},2797613
27ec401c-568e-8808-a6d1-18d27c53dfeb,{'subject': 'c:\program files (x86)\google\googleupdater\126.0.6441.0\updater.exe'},2797614
70bc94fb-5e12-88e7-b8e7-20f8b5521efc,{'subject': 'c:\program files (x86)\google\googleupdater\126.0.6441.0\updater.exe'},2797616
0617ff89-6ccd-8932-88e8-83989a1c59c6,{'subject': 'c:\program files (x86)\google\googleupdater\126.0.6441.0\updater.exe'},2797743
0b620e77-d051-8bce-8bf4-f7dbfdb430c7,{'subject': 'c:\program files (x86)\google\googleupdater\126.0.6441.0\updater.exe'},2797805
e88f16fa-5f8c-8534-9cca-3959ff7c960f,{'subject': 'c:\program files (x86)\google\googleupdater\126.0.6441.0\updater.exe'},2797807
1923262f-cbe9-80e8-9a5b-9c533a6f1e4a,{'subject': 'c:\program files (x86)\microsoft\edgewebview\application\124.0.2478.67\msedgewebview2.exe'},2798772
510c671d-74ab-85f6-9e62-262065e22742,{'subject': 'c:\program files (x86)\microsoft\edgewebview\application\124.0.2478.67\msedgewebview2.exe'},2798777
c83dfd70-17b1-81fb-9a09-70aadd27451d,{'subject': 'c:\program files\windowsapps\microsoft.outlookforwindows_1.2024.424.300_x64__8wekyb3d8bbwe\olkpushnotificationbackgroundtask.exe'},2801749
b2e3306b-1e18-84b0-a9e4-fea48447d744,{'subject': 'c:\program files\windowsapps\microsoft.outlookforwindows_1.2024.424.300_x64__8wekyb3d8bbwe\olkpushnotificationbackgroundtask.exe'},2801750
e4b945d2-d0be-8595-ad16-e24b70d21c32,{'subject': 'c:\program files (x86)\google\googleupdater\126.0.6441.0\updater.exe'},2803993
393986e6-7cd9-89bd-933c-c5174a900c84,{'subject': 'c:\program files (x86)\google\googleupdater\126.0.6441.0\updater.exe'},2803997
b9e49cd8-7de9-83da-980c-9cad68854414,{'subject': 'c:\program files (x86)\google\googleupdater\126.0.6441.0\updater.exe'},2804000
60ba277f-4d6c-8626-86ff-a67caadf3e62,{'subject': 'c:\program files (x86)\google\googleupdater\126.0.6441.0\updater.exe'},2804002
a3e7c1e7-9b7c-827d-a6d0-eb0d6c89aac4,{'subject': 'c:\program files (x86)\google\googleupdater\126.0.6441.0\updater.exe'},2804003
be8aaed4-990a-8725-b2df-de0f62ac3e9d,{'subject': 'c:\program files (x86)\google\googleupdater\126.0.6441.0\updater.exe'},2804006
b4fc5507-df4b-8766-9558-de1eed131ec2,{'subject': 'c:\program files (x86)\google\googleupdater\126.0.6441.0\updater.exe'},2804009
d9ba8525-72d5-89db-adb5-94a884452b49,{'subject': 'c:\program files (x86)\google\googleupdater\126.0.6441.0\updater.exe'},2804021
42f06bd3-f8cd-834e-a056-5b76b5470f2e,{'subject': 'c:\program files (x86)\google\googleupdater\126.0.6441.0\updater.exe'},2804022
d7007907-065f-8b31-8482-80f2a14b154b,{'subject': 'c:\program files\windowsapps\microsoft.outlookforwindows_1.2024.424.300_x64__8wekyb3d8bbwe\olk.exe'},2806149
1bd8f31b-c3db-884b-8061-fe29076e5de9,{'subject': 'c:\program files\windowsapps\microsoft.outlookforwindows_1.2024.424.300_x64__8wekyb3d8bbwe\olk.exe'},2806153
e67d492d-3916-8056-9fdc-864d59c9a0a5,{'subject': 'c:\program files (x86)\microsoft\edgewebview\application\124.0.2478.67\msedgewebview2.exe'},2806163
f7a9284c-9e02-880a-a58e-bf34d7f4a40b,{'subject': 'c:\program files (x86)\microsoft\edgewebview\application\124.0.2478.67\msedgewebview2.exe'},2806164
eea36ee2-95ea-84f2-abf6-67adf44bbe33,{'subject': 'c:\program files (x86)\microsoft\edgewebview\application\124.0.2478.67\msedgewebview2.exe'},2806168
bbb0f001-cbc8-8db8-8628-4a0787fbbdf4,{'subject': 'c:\program files (x86)\microsoft\edgewebview\application\124.0.2478.67\msedgewebview2.exe'},2806179
848db7f0-48bc-8b90-91f2-458946ece3d7,{'subject': 'c:\program files (x86)\microsoft\edgewebview\application\124.0.2478.67\msedgewebview2.exe'},2806181
a943f1f1-304d-8ed2-8769-62745f35b4a6,{'subject': 'c:\program files (x86)\microsoft\edgewebview\application\124.0.2478.67\msedgewebview2.exe'},2806259
5f1b7aa5-d8ea-8fd9-8842-093ec44dcf14,{'subject': 'c:\program files (x86)\microsoft\edgewebview\application\124.0.2478.67\msedgewebview2.exe'},2806438
f0be4326-2096-8dc1-9b27-60a8de8c098b,{'subject': 'c:\program files (x86)\microsoft\edgewebview\application\124.0.2478.67\msedgewebview2.exe'},2806667
1607eddc-c249-8bda-b1cf-96d62936c052,{'subject': 'c:\program files (x86)\microsoft\edgewebview\application\124.0.2478.67\msedgewebview2.exe'},2807388
067df3d5-ec04-83e2-9f51-a8f9b5458b16,{'subject': 'c:\program files (x86)\microsoft\edgewebview\application\124.0.2478.67\msedgewebview2.exe'},2807538
0e7f80df-fb9b-8bdc-b363-c7ac5a1d3565,{'subject': 'c:\program files\windowsapps\microsoft.outlookforwindows_1.2024.424.300_x64__8wekyb3d8bbwe\xpdagent.exe'},2808561
78dfbdca-715b-86c1-bd81-be951a9e83df,{'subject': 'c:\program files (x86)\microsoft\edgewebview\application\124.0.2478.67\msedgewebview2.exe'},2808564
447ba871-6eb5-827b-9879-98800556bdb9,{'subject': 'c:\program files\windowsapps\microsoft.outlookforwindows_1.2024.424.300_x64__8wekyb3d8bbwe\xpdagent.exe'},2808585
74cbf247-08c8-8960-9564-2e1ee1d34116,{'subject': 'c:\program files\windowsapps\microsoft.outlookforwindows_1.2024.424.300_x64__8wekyb3d8bbwe\xpdagent.exe'},2808606
0618a0ab-60f2-8f3b-9c87-038abfd3f957,{'subject': 'c:\program files\windowsapps\microsoft.outlookforwindows_1.2024.424.300_x64__8wekyb3d8bbwe\xpdagent.exe'},2808616
122bb48c-7f24-8a3f-97f9-226da15ff3a6,{'subject': 'c:\users\inspiringrobin.pangolin\appdata\local\temp\c2139d2e-5c1d-41e2-b7f9-246c12839624\dismhost.exe'},2814968
cdd84386-440e-8e37-968f-785f21546069,{'subject': 'c:\program files (x86)\microsoft\edgewebview\application\124.0.2478.67\msedgewebview2.exe'},2817064
4ac659f8-37a4-8099-9dbf-c5b762a543df,{'subject': 'c:\program files (x86)\google\googleupdater\126.0.6441.0\updater.exe'},2817928
64b42649-2a8b-8ee0-96fc-9508e38d2622,{'subject': 'c:\program files (x86)\google\googleupdater\126.0.6441.0\updater.exe'},2817932
8ec5fb6c-8e7c-8932-a16d-76ac176e2adf,{'subject': 'c:\program files (x86)\google\googleupdater\126.0.6441.0\updater.exe'},2817935
91255526-65b6-8e08-b0fc-4fb34f79b227,{'subject': 'c:\program files (x86)\google\googleupdater\126.0.6441.0\updater.exe'},2817940
bcf4a15c-6754-814a-b28a-c70e95b43b0a,{'subject': 'c:\program files (x86)\google\googleupdater\126.0.6441.0\updater.exe'},2817942
d1289759-aefe-8e6f-bf5b-82a1a65acc85,{'subject': 'c:\program files (x86)\google\googleupdater\126.0.6441.0\updater.exe'},2817947
cabb6b58-2065-8d98-bfc2-a6744bedb5b2,{'subject': 'c:\program files (x86)\google\googleupdater\126.0.6441.0\updater.exe'},2817950
d411cdac-3b51-82b5-89d9-48208a6f5c5f,{'subject': 'c:\program files (x86)\google\googleupdater\126.0.6441.0\updater.exe'},2817958
d1ebb95f-239c-8eb3-8e61-47f3beedfdc6,{'subject': 'c:\program files (x86)\google\googleupdater\126.0.6441.0\updater.exe'},2817959
9e749a43-d0f2-89e1-82b9-d79d555d56b1,{'subject': 'c:\windows\temp\7afeb043-f514-4084-9a23-465008405527\dismhost.exe'},2818316
564eb58a-8105-8490-8661-7f9af8dba7c1,{'subject': 'c:\users\buzzingporpoise.pangolin\appdata\roaming\zoom\bin\zwebview2agent.exe'},2819673
481baeb7-80e2-8f90-b292-475b85ab0948,{'subject': 'c:\program files (x86)\microsoft\edgewebview\application\124.0.2478.67\msedgewebview2.exe'},2819691
128f86b2-9546-89d0-a5bb-4a408d57a813,{'subject': 'c:\program files (x86)\microsoft\edgewebview\application\124.0.2478.67\msedgewebview2.exe'},2819692
6cb4112c-4793-813f-ab02-b6a1d38732d3,{'subject': 'c:\users\obviouswombat.pangolin\appdata\local\temp\f7b310fc-58af-4b8a-8e38-939abf7a71da\dismhost.exe'},2821742
8ae9fe00-3d7c-82a6-bc78-5aa644bc688f,{'subject': 'c:\program files (x86)\google\googleupdater\126.0.6441.0\updater.exe'},2824700
e418697a-f79a-8543-983d-51b1bd9d0cdc,{'subject': 'c:\program files (x86)\google\googleupdater\126.0.6441.0\updater.exe'},2824705
ccc02bc8-680b-8c78-a6cd-2909253d1312,{'subject': 'c:\program files (x86)\google\googleupdater\126.0.6441.0\updater.exe'},2824709
e7ac9dc3-9ac5-8255-af74-4d23a4e8ba9c,{'subject': 'c:\program files (x86)\google\googleupdater\126.0.6441.0\updater.exe'},2824711
4ccbcc5f-11dd-8eee-a212-551cec9fbc9a,{'subject': 'c:\program files (x86)\google\googleupdater\126.0.6441.0\updater.exe'},2824716
b4c6a10d-1095-8d3e-9b88-5e5d54654958,{'subject': 'c:\program files (x86)\google\googleupdater\126.0.6441.0\updater.exe'},2824719
ca780fff-8f35-8022-9ea7-afa2a4ad6803,{'subject': 'c:\program files (x86)\google\googleupdater\126.0.6441.0\updater.exe'},2824722
47875db7-9131-8298-a616-c315fa79eb77,{'subject': 'c:\program files (x86)\google\googleupdater\126.0.6441.0\updater.exe'},2824748
477619d8-0da0-8b58-8f4f-f6dbb6960493,{'subject': 'c:\program files (x86)\google\googleupdater\126.0.6441.0\updater.exe'},2824749
6bd8244f-9c92-82ac-b4a7-85f0154c8d9d,{'subject': 'c:\program files (x86)\microsoft\edgewebview\application\124.0.2478.67\msedgewebview2.exe'},2849776
ef75bad3-f029-8884-8e52-c9862501eee8,{'subject': 'c:\program files (x86)\google\googleupdater\126.0.6441.0\updater.exe'},2849930
6518bb86-c416-86ec-aced-655c8863e390,{'subject': 'c:\program files (x86)\google\googleupdater\126.0.6441.0\updater.exe'},2849931
c73c43a7-b19c-86e9-a506-2f05aa38fbb8,{'subject': 'c:\program files (x86)\google\googleupdater\126.0.6441.0\updater.exe'},2849936
8fdf082a-640e-89e9-a57b-1c08c1788c85,{'subject': 'c:\program files (x86)\google\googleupdater\126.0.6441.0\updater.exe'},2849937
7c23390e-67e8-8b89-b990-0bbe565ec793,{'subject': 'c:\program files (x86)\google\googleupdater\126.0.6441.0\updater.exe'},2849942
80a2ac5a-88bd-8618-b2b0-db240af959e4,{'subject': 'c:\program files (x86)\google\googleupdater\126.0.6441.0\updater.exe'},2849944
c83c3f40-3a82-8a44-9236-8f35278f0205,{'subject': 'c:\program files (x86)\google\googleupdater\126.0.6441.0\updater.exe'},2849950
46b77d7c-3f16-8ae9-8051-27751c2d4d56,{'subject': 'c:\program files (x86)\google\googleupdater\126.0.6441.0\updater.exe'},2849964
9fdea811-d777-84e5-b760-93b854d8d05e,{'subject': 'c:\program files (x86)\google\googleupdater\126.0.6441.0\updater.exe'},2849965
670866ba-9f4c-8af9-b615-885c6e3704bf,{'subject': 'c:\users\administrator\appdata\local\temp\cd027c98-7c5e-416d-9729-05e9390e6c67\dismhost.exe'},2850169
1491e221-1e43-8304-bf3f-2751a66d6abb,{'subject': 'c:\windows\softwaredistribution\download\install\am_delta_patch_1.409.616.0.exe'},2851252
6340a1e3-48cb-88da-bc5c-99e53b6e6e39,{'subject': 'c:\program files (x86)\google\googleupdater\126.0.6441.0\updater.exe'},2851563
1391bb3c-6df6-8a1d-8606-529976451178,{'subject': 'c:\program files (x86)\google\googleupdater\126.0.6441.0\updater.exe'},2851566
bb78ac27-0209-886b-a66e-72e3fc14e606,{'subject': 'c:\program files (x86)\google\googleupdater\126.0.6441.0\updater.exe'},2851569
6870274f-a5dc-8269-9dd7-99008337e583,{'subject': 'c:\program files (x86)\google\googleupdater\126.0.6441.0\updater.exe'},2851570
a9417c69-c301-8a62-9afe-b54a29afddb3,{'subject': 'c:\program files (x86)\google\googleupdater\126.0.6441.0\updater.exe'},2851572
2e8c23c3-9a9a-8839-bb7c-2e9693898c49,{'subject': 'c:\program files (x86)\google\googleupdater\126.0.6441.0\updater.exe'},2851573
e2beca9b-89d2-89fd-8120-12ecf7ccb02e,{'subject': 'c:\program files (x86)\google\googleupdater\126.0.6441.0\updater.exe'},2851587
4096ccb7-529b-854d-80b2-069d7adb814e,{'subject': 'c:\program files (x86)\google\googleupdater\126.0.6441.0\updater.exe'},2851589
5e904443-1224-891d-b72e-70b91684834f,{'subject': 'c:\program files (x86)\google\googleupdater\126.0.6441.0\updater.exe'},2851591
885d62fa-88fd-869e-89ad-fe8ac7ececf2,{'subject': 'c:\program files (x86)\google\googleupdater\126.0.6441.0\updater.exe'},2851943
51d8688c-87d1-8693-b562-7824deb86ef0,{'subject': 'c:\program files (x86)\google\googleupdater\126.0.6441.0\updater.exe'},2851946
3aadd2ff-14a9-8cf2-9cef-b7b968b6c620,{'subject': 'c:\program files (x86)\google\googleupdater\126.0.6441.0\updater.exe'},2851949
246ee4f8-7a19-85a4-90b5-99dd2bc2a5e6,{'subject': 'c:\program files (x86)\google\googleupdater\126.0.6441.0\updater.exe'},2851951
120c91f8-bc6c-8b18-9315-90e89e92635e,{'subject': 'c:\program files (x86)\google\googleupdater\126.0.6441.0\updater.exe'},2851952
0b678065-7c08-8450-becb-a7fb7af7b460,{'subject': 'c:\program files (x86)\google\googleupdater\126.0.6441.0\updater.exe'},2851954
9638cc59-2537-8d7b-a9cb-48fe2f86e529,{'subject': 'c:\windows\system32\dfssvc.exe'},2852117
4294db41-2756-816b-b797-9e9f8bc6b5b6,{'subject': 'c:\program files (x86)\google\googleupdater\126.0.6441.0\updater.exe'},2852213
7d265ba6-362a-8176-a1b8-c2348bac6a68,{'subject': 'c:\program files (x86)\google\googleupdater\126.0.6441.0\updater.exe'},2852214
708fa7b3-2707-8a20-b2fd-1c13574f47bb,{'subject': 'c:\program files (x86)\google\googleupdater\126.0.6441.0\updater.exe'},2852219
bf1de4a5-38e7-8505-bf66-d8731e89193b,{'subject': 'c:\program files (x86)\google\googleupdater\126.0.6441.0\updater.exe'},2852220
2b8edad8-1e0c-8228-98df-6718c944d738,{'subject': 'c:\program files (x86)\google\googleupdater\126.0.6441.0\updater.exe'},2852222
2e71918c-83da-8710-9280-752c0603c59c,{'subject': 'c:\program files (x86)\google\googleupdater\126.0.6441.0\updater.exe'},2852224
2ed9e6e1-cfaa-8e0d-bb01-bea782e8b3f4,{'subject': 'c:\program files (x86)\google\googleupdater\126.0.6441.0\updater.exe'},2852234
e016d262-e63d-8b30-8318-235b96f40b5d,{'subject': 'c:\program files (x86)\google\googleupdater\126.0.6441.0\updater.exe'},2852235
dfedc28b-21ae-8b56-b9a9-521a5f609e2f,{'subject': 'c:\program files (x86)\google\googleupdater\126.0.6441.0\updater.exe'},2852534
5d0a0d05-e4c3-8c7f-bcff-89c8ecd5e3d6,{'subject': 'c:\program files (x86)\google\googleupdater\126.0.6441.0\updater.exe'},2852536
9a201559-95e2-80c5-b299-e8e23b287999,{'subject': 'c:\program files (x86)\google\googleupdater\126.0.6441.0\updater.exe'},2852540
61884ed4-9d65-8ca0-a619-5bad02b647b7,{'subject': 'c:\program files (x86)\google\googleupdater\126.0.6441.0\updater.exe'},2852541
f7ed93b6-5078-8456-bd1b-daf35cc8e276,{'subject': 'c:\program files (x86)\google\googleupdater\126.0.6441.0\updater.exe'},2852543
71b798cf-13b6-87e7-90be-757a34eca044,{'subject': 'c:\program files (x86)\google\googleupdater\126.0.6441.0\updater.exe'},2852544
aaff80c0-cbce-8997-ba80-bbf6522c3848,{'subject': 'c:\program files (x86)\google\googleupdater\126.0.6441.0\updater.exe'},2852551
6e7e31cf-22a0-8377-8eeb-59cf4ea9ffda,{'subject': 'c:\program files (x86)\google\googleupdater\126.0.6441.0\updater.exe'},2852552
85038185-9a28-82c1-8e5c-d4855ffcc54d,{'subject': 'c:\program files (x86)\google\googleupdater\126.0.6441.0\updater.exe'},2852819
ce8cf1e3-7ca7-889b-bc61-3142432c5975,{'subject': 'c:\program files (x86)\google\googleupdater\126.0.6441.0\updater.exe'},2852820
2c867801-8bc4-8701-9d0e-7732f25a1613,{'subject': 'c:\program files (x86)\google\googleupdater\126.0.6441.0\updater.exe'},2852825
9a2b3b5c-2241-814c-a20c-bdbf64411c66,{'subject': 'c:\program files (x86)\google\googleupdater\126.0.6441.0\updater.exe'},2852827
af4e3512-9b41-8943-88af-41b68ef20b94,{'subject': 'c:\program files (x86)\google\googleupdater\126.0.6441.0\updater.exe'},2852828
b5547abe-59e9-8b38-a746-34ae71d0493f,{'subject': 'c:\program files (x86)\google\googleupdater\126.0.6441.0\updater.exe'},2852830
8ed7cef4-223a-8181-9750-d2796c19551b,{'subject': 'c:\program files (x86)\google\googleupdater\126.0.6441.0\updater.exe'},2852837
9c029f09-c871-8bc4-ac60-862b5d27c4dd,{'subject': 'c:\program files (x86)\google\googleupdater\126.0.6441.0\updater.exe'},2852841
10c14344-f869-827e-b219-447a7aa2dc14,{'subject': 'c:\program files (x86)\google\googleupdater\126.0.6441.0\updater.exe'},2852842
f8c779e1-f3f1-85e4-94b2-eafdf8740c48,{'subject': 'c:\users\efficientgoldfinch\appdata\local\temp\12e003bc-5abb-4324-a66f-2a5decc135d7\dismhost.exe'},2853066
509cc4fa-107d-83e3-a56b-fb9926608729,{'subject': 'c:\program files (x86)\google\googleupdater\126.0.6441.0\updater.exe'},2853846
b110a4fa-2171-860a-bf6d-d8251d68645e,{'subject': 'c:\program files (x86)\google\googleupdater\126.0.6441.0\updater.exe'},2853849
b167960f-0f2c-8c53-bd46-ec481d1e7c06,{'subject': 'c:\program files (x86)\google\googleupdater\126.0.6441.0\updater.exe'},2853852
0cb58e87-075e-80e5-ac8d-4f5a6a26b380,{'subject': 'c:\program files (x86)\google\googleupdater\126.0.6441.0\updater.exe'},2853854
6af771c0-55d0-865f-87ae-183de7ae2889,{'subject': 'c:\program files (x86)\google\googleupdater\126.0.6441.0\updater.exe'},2853855
113b159b-dd55-8a09-832b-e7f15f3156b6,{'subject': 'c:\program files (x86)\google\googleupdater\126.0.6441.0\updater.exe'},2853857
9d03ceb2-78a1-86ce-b2f5-b1aa454bd5e8,{'subject': 'c:\program files (x86)\google\googleupdater\126.0.6441.0\updater.exe'},2853867
206021ff-ee73-8c26-99c6-005d063c3924,{'subject': 'c:\program files (x86)\google\googleupdater\126.0.6441.0\updater.exe'},2853871
497db9b8-9efb-8ece-9347-cceaeac474f6,{'subject': 'c:\program files (x86)\google\googleupdater\126.0.6441.0\updater.exe'},2853872
a60e4e1a-0f28-85ca-b893-db149c7d23f4,{'subject': 'c:\windows\system32\fodhelper.exe'},2853919
1e27e5ac-f5c6-83a7-9458-693cc4ab4710,{'subject': 'c:\windows\system32\fodhelper.exe'},2853920
3796684e-a965-84f7-807e-eed93962c7b4,{'subject': 'c:\windows\system32\fodhelper.exe'},2853923
5dccc13e-e98b-8006-9e4d-7cc220f765cc,{'subject': 'c:\windows\system32\fodhelper.exe'},2853929
8139154e-f5d2-8928-b366-418cf62514a0,{'subject': 'c:\users\efficientgoldfinch\appdata\roaming\transbaseodbcdriver\smrs.exe'},2853931
87efdcda-c4fb-8c17-aa4d-96c47cde9475,{'subject': 'c:\program files (x86)\google\googleupdater\126.0.6441.0\updater.exe'},2854181
da1d5d15-5bbf-8aab-84e3-d1237fc11b30,{'subject': 'c:\program files (x86)\google\googleupdater\126.0.6441.0\updater.exe'},2854184
17ba0aab-cdba-8d6e-96b5-7ccf65871ed7,{'subject': 'c:\program files (x86)\google\googleupdater\126.0.6441.0\updater.exe'},2854187
bae78174-4113-8521-a4bd-47e59f60ddf0,{'subject': 'c:\program files (x86)\google\googleupdater\126.0.6441.0\updater.exe'},2854189
7ed5764a-7c22-85af-966d-d060eb2400b9,{'subject': 'c:\program files (x86)\google\googleupdater\126.0.6441.0\updater.exe'},2854190
1b0d016b-cf06-8370-856f-6e5451b6ec7b,{'subject': 'c:\program files (x86)\google\googleupdater\126.0.6441.0\updater.exe'},2854191
1cdf6860-ac31-8b47-8ab1-132f548ad63f,{'subject': 'c:\program files (x86)\google\googleupdater\126.0.6441.0\updater.exe'},2854199
e0a81885-7b12-8882-8edb-5dfb446903f0,{'subject': 'c:\program files (x86)\google\googleupdater\126.0.6441.0\updater.exe'},2854203
70203cae-94f3-8962-a279-60da272480ee,{'subject': 'c:\program files (x86)\google\googleupdater\126.0.6441.0\updater.exe'},2854204
91f52957-c8ea-8047-bc9d-e9596d5b30b4,{'subject': 'c:\program files (x86)\google\googleupdater\126.0.6441.0\updater.exe'},2854485
937588d6-8873-882d-bfd2-19982863374b,{'subject': 'c:\program files (x86)\google\googleupdater\126.0.6441.0\updater.exe'},2854488
57e6d334-75d9-883b-842c-b586bd8b87b8,{'subject': 'c:\program files (x86)\google\googleupdater\126.0.6441.0\updater.exe'},2854491
03fbbbe0-0db2-89bc-b95f-9b9da9ac32d9,{'subject': 'c:\program files (x86)\google\googleupdater\126.0.6441.0\updater.exe'},2854493
daabdf16-5607-8e88-9160-7c1e23c09126,{'subject': 'c:\program files (x86)\google\googleupdater\126.0.6441.0\updater.exe'},2854494
d17c468a-e0f5-8e7d-8f29-ec88905085ff,{'subject': 'c:\program files (x86)\google\googleupdater\126.0.6441.0\updater.exe'},2854496
53efb946-1e18-8e82-9ec1-8214be6bddef,{'subject': 'c:\program files (x86)\google\googleupdater\126.0.6441.0\updater.exe'},2854502
19d4a1a0-a1a3-8cc4-b6cc-7fd8db8494d3,{'subject': 'c:\program files (x86)\google\googleupdater\126.0.6441.0\updater.exe'},2854503
1b2d6974-c549-88ba-82ff-427ce467bc87,{'subject': 'c:\program files (x86)\google\googleupdater\126.0.6441.0\updater.exe'},2854749
4ab95809-469d-8610-88b9-fd979902bba3,{'subject': 'c:\program files (x86)\google\googleupdater\126.0.6441.0\updater.exe'},2854752
4ffb1ecc-d29e-8ea1-81ce-951eba4a7f0f,{'subject': 'c:\program files (x86)\google\googleupdater\126.0.6441.0\updater.exe'},2854755
0796b39d-cf57-873c-86de-aa247c665c74,{'subject': 'c:\program files (x86)\google\googleupdater\126.0.6441.0\updater.exe'},2854757
063e5b98-7da1-8dea-8574-2ed1605a6fcf,{'subject': 'c:\program files (x86)\google\googleupdater\126.0.6441.0\updater.exe'},2854758
581d1f72-a023-84cb-b3af-204c40f26f57,{'subject': 'c:\program files (x86)\google\googleupdater\126.0.6441.0\updater.exe'},2854760
6460e683-44a5-8500-8dd0-dd2942231d11,{'subject': 'c:\program files (x86)\google\googleupdater\126.0.6441.0\updater.exe'},2854767
dbd4320d-a60d-8c0b-8f11-7e429be07308,{'subject': 'c:\program files (x86)\google\googleupdater\126.0.6441.0\updater.exe'},2854771
8cbe2553-eb7e-88e0-a35e-65a743437307,{'subject': 'c:\program files (x86)\google\googleupdater\126.0.6441.0\updater.exe'},2854772
53ba27cf-a0d7-8db1-a9a9-243fbc692aff,{'subject': 'c:\program files (x86)\google\googleupdater\126.0.6441.0\updater.exe'},2855210
86b115d9-72a9-8349-9b02-4035592a68ea,{'subject': 'c:\program files (x86)\google\googleupdater\126.0.6441.0\updater.exe'},2855213
eb6de222-c248-8383-a88c-6861b4ca2596,{'subject': 'c:\program files (x86)\google\googleupdater\126.0.6441.0\updater.exe'},2855216
77055520-3bcf-8fa2-ac2a-e20a9a65fc81,{'subject': 'c:\program files (x86)\google\googleupdater\126.0.6441.0\updater.exe'},2855218
a2d1df40-9bdd-8389-bced-27aa08edb593,{'subject': 'c:\program files (x86)\google\googleupdater\126.0.6441.0\updater.exe'},2855219
def86708-0fbb-8a10-8690-a690e5bd0975,{'subject': 'c:\program files (x86)\google\googleupdater\126.0.6441.0\updater.exe'},2855221
187f751d-e37c-820d-9602-4cb44b931c08,{'subject': 'c:\program files (x86)\google\googleupdater\126.0.6441.0\updater.exe'},2855227
53784830-8372-86cd-88f9-86f8249a88f2,{'subject': 'c:\program files (x86)\google\googleupdater\126.0.6441.0\updater.exe'},2855228
1e09cede-3e1a-88d2-b13d-373bf0249cc8,{'subject': 'c:\program files (x86)\google\googleupdater\126.0.6441.0\updater.exe'},2855973
c8c3f83a-5131-8044-97fc-a755b9220eb3,{'subject': 'c:\program files (x86)\google\googleupdater\126.0.6441.0\updater.exe'},2855976
b94328b2-f476-879d-9cec-f52446ffa45a,{'subject': 'c:\program files (x86)\google\googleupdater\126.0.6441.0\updater.exe'},2855979
de9a3e52-6329-8ade-a6e5-d04f045ac48d,{'subject': 'c:\program files (x86)\google\googleupdater\126.0.6441.0\updater.exe'},2855981
2eb61fc2-a6b8-8518-a11e-1e2e9e5fb4ab,{'subject': 'c:\program files (x86)\google\googleupdater\126.0.6441.0\updater.exe'},2855982
3e715b75-5c46-852e-9e65-9b7847755188,{'subject': 'c:\program files (x86)\google\googleupdater\126.0.6441.0\updater.exe'},2855984
9eee1bf1-23d7-8848-a5ce-907ea4ea26d8,{'subject': 'c:\program files (x86)\google\googleupdater\126.0.6441.0\updater.exe'},2855992
88f6bc8e-3c4a-8f56-a61e-212872d46786,{'subject': 'c:\program files (x86)\google\googleupdater\126.0.6441.0\updater.exe'},2855993
3bd72297-7e51-88a9-9d43-006f2c566298,{'subject': 'c:\program files (x86)\google\googleupdater\126.0.6441.0\updater.exe'},2855994
fe6cc197-4afc-8985-9001-2702743afa4d,{'subject': 'c:\program files (x86)\google\googleupdater\126.0.6441.0\updater.exe'},2856246
aae966f2-d7d3-8d25-a432-b82b86513503,{'subject': 'c:\program files (x86)\google\googleupdater\126.0.6441.0\updater.exe'},2856249
35dfbc05-4766-838a-a376-bb87a7cb33b2,{'subject': 'c:\program files (x86)\google\googleupdater\126.0.6441.0\updater.exe'},2856252
238d0577-a321-8135-ae49-9ef46dbb1ee8,{'subject': 'c:\program files (x86)\google\googleupdater\126.0.6441.0\updater.exe'},2856254
f8928a6c-8b66-85e6-9995-7d1d7c4e4a80,{'subject': 'c:\program files (x86)\google\googleupdater\126.0.6441.0\updater.exe'},2856255
3076b994-9472-89dc-b7ff-d06f037d5156,{'subject': 'c:\program files (x86)\google\googleupdater\126.0.6441.0\updater.exe'},2856257
da8a3c81-e476-8c16-bab8-53c61da6597c,{'subject': 'c:\windows\systemtemp\chrome_unpacker_beginunzipping14592_748976620\124.0.6367.118_chrome_installer.exe'},2856278
249ef248-8962-814a-91b9-6d62262696c0,{'subject': 'c:\windows\systemtemp\chrome_unpacker_beginunzipping14592_748976620\cr_0ad23.tmp\setup.exe'},2856283
19ffe0e3-8813-8ac8-9921-f4b524729107,{'subject': 'c:\windows\systemtemp\chrome_unpacker_beginunzipping14592_748976620\cr_0ad23.tmp\setup.exe'},2856285
0130014b-ea40-89f8-9f84-c9925ceb26af,{'subject': 'c:\windows\systemtemp\chrome_unpacker_beginunzipping14592_748976620\cr_0ad23.tmp\setup.exe'},2856718
e67b6eae-3aae-897f-ba10-0a9f01fd6ac9,{'subject': 'c:\windows\systemtemp\chrome_unpacker_beginunzipping14592_748976620\cr_0ad23.tmp\setup.exe'},2856721
452ac3de-35f4-8a23-bfc2-60f56030d899,{'subject': 'c:\program files (x86)\google\googleupdater\126.0.6441.0\updater.exe'},2856745
ffba0f03-06b4-833a-9ad3-3b3613b0eeae,{'subject': 'c:\program files (x86)\google\googleupdater\126.0.6441.0\updater.exe'},2856762
3e63695c-7392-801d-832b-106db1d760f7,{'subject': 'c:\program files (x86)\google\googleupdater\126.0.6441.0\updater.exe'},2856763
856bb64d-e12f-835c-9a41-8eb3484824d4,{'subject': 'c:\program files (x86)\google\googleupdater\126.0.6441.0\updater.exe'},2857012
d2e806df-2032-8aff-97cc-75773b461786,{'subject': 'c:\program files (x86)\google\googleupdater\126.0.6441.0\updater.exe'},2857014
c25f0bfa-bf1c-84c5-92e2-11f6d29e7b29,{'subject': 'c:\program files (x86)\google\googleupdater\126.0.6441.0\updater.exe'},2857018
ca9ce1fa-baaa-87c0-8b0e-023a00d56938,{'subject': 'c:\program files (x86)\google\googleupdater\126.0.6441.0\updater.exe'},2857020
197e4f2c-f97c-8381-8efa-4acb7f06e88a,{'subject': 'c:\program files (x86)\google\googleupdater\126.0.6441.0\updater.exe'},2857021
4c27a7e1-2938-8e65-a097-e8418858464d,{'subject': 'c:\program files (x86)\google\googleupdater\126.0.6441.0\updater.exe'},2857023
a8941d6f-2344-8a8b-a9b6-c7523c2a0562,{'subject': 'c:\program files (x86)\google\googleupdater\126.0.6441.0\updater.exe'},2857026
fdcfc7f2-3371-89f4-8583-34b924fe7baf,{'subject': 'c:\program files (x86)\google\googleupdater\126.0.6441.0\updater.exe'},2857030
eef72f1a-506c-8302-a7fd-d5323605cd42,{'subject': 'c:\program files (x86)\google\googleupdater\126.0.6441.0\updater.exe'},2857031
dcd529c1-0004-8c63-b884-47734010d381,{'subject': 'c:\program files (x86)\google\googleupdater\126.0.6441.0\updater.exe'},2857411
ab8f38db-24ba-8c1f-b22a-d218953cd716,{'subject': 'c:\program files (x86)\google\googleupdater\126.0.6441.0\updater.exe'},2857414
e39f5fca-edcd-85b8-8e47-707192b75bb3,{'subject': 'c:\program files (x86)\google\googleupdater\126.0.6441.0\updater.exe'},2857417
0e83b856-c781-8564-994b-5b3197473d0d,{'subject': 'c:\program files (x86)\google\googleupdater\126.0.6441.0\updater.exe'},2857419
e68c3bca-8640-8f22-a053-cf326921385e,{'subject': 'c:\program files (x86)\google\googleupdater\126.0.6441.0\updater.exe'},2857420
0ba2cd63-6f7d-83df-a87e-0a840605d5f4,{'subject': 'c:\program files (x86)\google\googleupdater\126.0.6441.0\updater.exe'},2857421
80090a0b-e81c-836b-868e-2ee36121ddb4,{'subject': 'c:\program files (x86)\google\googleupdater\126.0.6441.0\updater.exe'},2857425
4c2b3844-2e6e-85bc-8755-8eb89226f828,{'subject': 'c:\program files (x86)\google\googleupdater\126.0.6441.0\updater.exe'},2857429
5997ce24-3aa1-8aab-86a2-856735b42ea7,{'subject': 'c:\program files (x86)\google\googleupdater\126.0.6441.0\updater.exe'},2857430
15de724e-09b3-8d0d-8a90-289426be58fb,{'subject': 'c:\program files (x86)\google\googleupdater\126.0.6441.0\updater.exe'},2858580
0155d297-07e2-857e-be7d-e7c6de5c487b,{'subject': 'c:\program files (x86)\google\googleupdater\126.0.6441.0\updater.exe'},2858581
2369633f-dc21-8b59-a154-3affdce1ad33,{'subject': 'c:\program files (x86)\google\googleupdater\126.0.6441.0\updater.exe'},2858586
e78bdc00-b5ec-8f9d-9b00-6e017af03324,{'subject': 'c:\program files (x86)\google\googleupdater\126.0.6441.0\updater.exe'},2858588
a429a253-c3e5-8b5d-ab9c-8fd5c1358d83,{'subject': 'c:\program files (x86)\google\googleupdater\126.0.6441.0\updater.exe'},2858589
1d49059b-e692-8260-a5d0-79ca287c70da,{'subject': 'c:\program files (x86)\google\googleupdater\126.0.6441.0\updater.exe'},2858590
8cd0a8d3-3d0a-8794-bd6e-55df4f14ca17,{'subject': 'c:\program files (x86)\google\googleupdater\126.0.6441.0\updater.exe'},2858601
05266193-6b13-8b7c-ab65-6fcd871e61b0,{'subject': 'c:\program files (x86)\google\googleupdater\126.0.6441.0\updater.exe'},2858602
02e4c31e-e01e-80eb-b0ab-a255060a367d,{'subject': 'c:\program files\windowsapps\91750d7e.slack_4.38.115.0_x64__8she8kybcnzg4\app\slack.exe'},2861726
2c96aa77-ccef-8939-8095-fb02d51eebbf,{'subject': 'c:\program files\windowsapps\91750d7e.slack_4.38.115.0_x64__8she8kybcnzg4\app\slack.exe'},2861738
df6a258a-a429-86be-8635-2c1b944c9162,{'subject': 'c:\program files\windowsapps\91750d7e.slack_4.38.115.0_x64__8she8kybcnzg4\app\slack.exe'},2861758
fdd931d3-a777-8437-be90-ccee06154eb3,{'subject': 'c:\program files\windowsapps\91750d7e.slack_4.38.115.0_x64__8she8kybcnzg4\app\slack.exe'},2861759
96f2d8c9-b943-81d6-9ef3-982cfc581a63,{'subject': 'c:\program files\windowsapps\91750d7e.slack_4.38.115.0_x64__8she8kybcnzg4\app\slack.exe'},2861775
98c30a95-391e-8d9c-ae69-286813d95bb7,{'subject': 'c:\program files\windowsapps\91750d7e.slack_4.38.115.0_x64__8she8kybcnzg4\app\slack.exe'},2861821
661a9a33-617b-8919-812e-30028f7f8774,{'subject': 'c:\program files\windowsapps\91750d7e.slack_4.38.115.0_x64__8she8kybcnzg4\app\slack.exe'},2862452
7929991f-9288-8ad9-8a8f-2341dbd30bb7,{'subject': 'c:\program files\windowsapps\91750d7e.slack_4.38.115.0_x64__8she8kybcnzg4\app\slack.exe'},2862455
665e1bdb-5b13-8433-867b-eaf4bf837b21,{'subject': 'c:\program files\windowsapps\91750d7e.slack_4.38.115.0_x64__8she8kybcnzg4\app\slack.exe'},2862807
56f310b2-232b-8f4c-946b-808549d98460,{'subject': 'c:\program files\windowsapps\91750d7e.slack_4.38.115.0_x64__8she8kybcnzg4\app\slack.exe'},2863777
85854e50-b0da-84dc-ab09-69f46260bc51,{'subject': 'c:\program files\windowsapps\91750d7e.slack_4.38.115.0_x64__8she8kybcnzg4\app\slack.exe'},2864151
1a0568fb-396e-8e46-b7e9-c4c87130e481,{'subject': 'c:\program files\windowsapps\91750d7e.slack_4.38.115.0_x64__8she8kybcnzg4\app\slack.exe'},2864153
df8f18d2-cb2a-805d-a713-140a8fb58604,{'subject': 'c:\users\obviouswombat.pangolin\appdata\local\microsoft\onedrive\24.076.0414.0005\filesyncconfig.exe'},2864378
cdd1accf-d913-8c5e-b94e-e823e4622e3f,{'subject': 'c:\users\obviouswombat.pangolin\appdata\local\microsoft\onedrive\24.076.0414.0005\microsoft.sharepoint.exe'},2866169
d00cd8be-e2d9-8e48-8a57-7c6d1b5417a2,{'subject': 'c:\program files\windowsapps\microsoft.outlookforwindows_1.2024.424.0_x64__8wekyb3d8bbwe\olk.exe'},2870146
9dc63812-8047-807d-b390-136563551314,{'subject': 'c:\program files\windowsapps\microsoft.outlookforwindows_1.2024.424.0_x64__8wekyb3d8bbwe\olk.exe'},2870159
1cb24d13-cdba-886e-8c4f-7b7e0528067b,{'subject': 'c:\program files (x86)\microsoft\edgewebview\application\124.0.2478.67\msedgewebview2.exe'},2870207
89c7d50f-5fd5-89ea-a370-c43e0f9ad4ef,{'subject': 'c:\program files (x86)\microsoft\edgewebview\application\124.0.2478.67\msedgewebview2.exe'},2870208
7e7803c0-aeed-8c02-bad7-623f82ff897b,{'subject': 'c:\program files (x86)\microsoft\edgewebview\application\124.0.2478.67\msedgewebview2.exe'},2870210
8c3bda98-26be-8283-aa73-18e290c00aef,{'subject': 'c:\program files (x86)\microsoft\edgewebview\application\124.0.2478.67\msedgewebview2.exe'},2870237
8a1e7e30-c1b9-8174-9820-0a81c76f59dc,{'subject': 'c:\program files (x86)\microsoft\edgewebview\application\124.0.2478.67\msedgewebview2.exe'},2870248
7d9ffa1b-3d04-8153-8f43-969c9261c7ca,{'subject': 'c:\program files (x86)\microsoft\edgewebview\application\124.0.2478.67\msedgewebview2.exe'},2870282
27ca08af-d5f4-8636-9c74-bf3bc3f1a169,{'subject': 'c:\program files (x86)\microsoft\edgewebview\application\124.0.2478.67\msedgewebview2.exe'},2870323
71dc7208-2dc9-8bf7-825d-2f6d1428bc25,{'subject': 'c:\program files (x86)\microsoft\edgewebview\application\124.0.2478.67\msedgewebview2.exe'},2870443
8e4c9f40-f52d-8455-bf72-6b37fecfe4ec,{'subject': 'c:\program files (x86)\microsoft\edgewebview\application\124.0.2478.67\msedgewebview2.exe'},2871044
c0ff5601-2413-86e4-991b-f4fdf415457a,{'subject': 'c:\program files\windowsapps\91750d7e.slack_4.38.115.0_x64__8she8kybcnzg4\app\slack.exe'},2871218
239128b9-01dd-8787-8238-a2439487835f,{'subject': 'c:\users\obviouswombat.pangolin\appdata\local\microsoft\onedrive\24.076.0414.0005\filecoauth.exe'},2871367
d5669ee4-f1af-8f4b-8090-5df13728b3a4,{'subject': 'c:\program files (x86)\microsoft\edgewebview\application\124.0.2478.67\msedgewebview2.exe'},2872111
88189d10-3811-8063-952b-2d896cf8d849,{'subject': 'c:\program files (x86)\microsoft\edgewebview\application\124.0.2478.67\msedgewebview2.exe'},2872156
43adb04d-36eb-8fad-95f6-5419d0b2e5c0,{'subject': 'c:\program files (x86)\microsoft\edgewebview\application\124.0.2478.67\msedgewebview2.exe'},2872220
a5ad97f4-5da5-8e4b-9c8a-0481dad83d84,{'subject': 'c:\program files (x86)\google\googleupdater\126.0.6441.0\updater.exe'},2872238
85d3f939-ecf0-8e1b-8c18-6053ea304308,{'subject': 'c:\program files (x86)\google\googleupdater\126.0.6441.0\updater.exe'},2872241
4b956c63-8443-8cac-827e-90b2be47d8c1,{'subject': 'c:\program files (x86)\google\googleupdater\126.0.6441.0\updater.exe'},2872244
a6e3a2ca-e3c2-861a-bc43-ab319c716c1a,{'subject': 'c:\program files (x86)\google\googleupdater\126.0.6441.0\updater.exe'},2872246
b344f434-5eb9-8daf-88c6-3136b44adfbf,{'subject': 'c:\program files (x86)\google\googleupdater\126.0.6441.0\updater.exe'},2872247
23181429-7088-87ac-8514-9d9bd8cee27c,{'subject': 'c:\program files (x86)\google\googleupdater\126.0.6441.0\updater.exe'},2872248
dc798507-b0ab-886d-8c94-b1d679d8f16d,{'subject': 'c:\program files (x86)\google\googleupdater\126.0.6441.0\updater.exe'},2872429
5e93d71e-01ec-8ef9-b236-c582f736f84e,{'subject': 'c:\program files (x86)\google\googleupdater\126.0.6441.0\updater.exe'},2872430
5fe1db7c-9e35-8350-a9be-5733cb17d467,{'subject': 'c:\program files (x86)\microsoft\edgewebview\application\124.0.2478.67\msedgewebview2.exe'},2872442
cca6fe50-9f9b-864d-8218-4ca298e95d2d,{'subject': 'c:\program files\windowsapps\microsoft.outlookforwindows_1.2024.424.0_x64__8wekyb3d8bbwe\xpdagent.exe'},2872647
2eeecf15-098f-816a-8cef-c66d746230d4,{'subject': 'c:\program files (x86)\microsoft\edgewebview\application\124.0.2478.67\msedgewebview2.exe'},2872650
198dd0fa-d965-8441-9913-ebd843db7410,{'subject': 'c:\program files\windowsapps\microsoft.outlookforwindows_1.2024.424.0_x64__8wekyb3d8bbwe\xpdagent.exe'},2872702
4f992ccd-4323-803c-9c75-9d41127f1e59,{'subject': 'c:\program files\windowsapps\microsoft.outlookforwindows_1.2024.424.0_x64__8wekyb3d8bbwe\xpdagent.exe'},2872703
7b4c54cf-de01-8695-be9b-44d159a429d2,{'subject': 'c:\program files\windowsapps\microsoft.outlookforwindows_1.2024.424.0_x64__8wekyb3d8bbwe\xpdagent.exe'},2872709
85691d5f-c120-8a53-baf0-274ecd2f81a4,{'subject': 'c:\program files\windowsapps\microsoft.outlookforwindows_1.2024.424.0_x64__8wekyb3d8bbwe\xpdagent.exe'},2872710
82e2c104-37be-86e5-90dc-88ed80ff75f0,{'subject': 'c:\program files\windowsapps\microsoft.outlookforwindows_1.2024.424.0_x64__8wekyb3d8bbwe\xpdagent.exe'},2872711
9a6417a4-26bf-825f-8f3f-1172650e40e9,{'subject': 'c:\program files (x86)\microsoft\edgewebview\application\124.0.2478.67\msedgewebview2.exe'},2872738
38664a24-9f25-8325-8f03-156324e1da84,{'subject': 'c:\program files\windowsapps\microsoft.outlookforwindows_1.2024.424.0_x64__8wekyb3d8bbwe\xpdagent.exe'},2874848
63e76cdb-9f9b-8f22-ae5f-3e3fa99de55f,{'subject': 'c:\program files (x86)\microsoft\edgewebview\application\124.0.2478.67\msedgewebview2.exe'},2874872
925d3cd2-7bbf-8455-a8ca-0b5b0618b2d0,{'subject': 'c:\program files (x86)\microsoft\edgewebview\application\124.0.2478.67\msedgewebview2.exe'},2875147
5a38e7ec-384a-8e99-9056-5c17ee683890,{'subject': 'c:\program files (x86)\microsoft\edgewebview\application\124.0.2478.67\msedgewebview2.exe'},2875297
887657cc-faa0-8d28-8f25-02c4d757ee23,{'subject': 'c:\program files\windowsapps\microsoft.windowscommunicationsapps_16005.14326.21888.0_x64__8wekyb3d8bbwe\hxcalendarappimm.exe'},2876356
6fcd54dc-a55f-86d2-bf70-94e9be9da5e3,{'subject': 'c:\users\obviouswombat.pangolin\appdata\local\microsoft\onedrive\24.076.0414.0005\filecoauth.exe'},2877373
091a6b96-ef62-80b2-99b1-831bdc27b366,{'subject': 'c:\program files\windowsapps\91750d7e.slack_4.38.115.0_x64__8she8kybcnzg4\app\slack.exe'},2878395
281910a5-409e-8f22-b347-1ffe08907f57,{'subject': 'c:\program files\microsoft onedrive\24.070.0407.0003\onedriveupdaterservice.exe'},2879645
0301990d-4b0d-889b-a085-4b42656b570f,{'subject': 'c:\program files (x86)\google\googleupdater\126.0.6441.0\updater.exe'},2882095
8b2d5f6a-dfd6-8f3c-a951-e5972614a40c,{'subject': 'c:\program files (x86)\google\googleupdater\126.0.6441.0\updater.exe'},2882100
1dfc35f8-46fd-808a-a3b3-7c5811dcf4ea,{'subject': 'c:\program files (x86)\google\googleupdater\126.0.6441.0\updater.exe'},2882104
e3d705db-0a90-858d-9917-8acc8ba5dfde,{'subject': 'c:\program files (x86)\google\googleupdater\126.0.6441.0\updater.exe'},2882106
25913b83-87e4-8580-b062-22534964563d,{'subject': 'c:\program files (x86)\google\googleupdater\126.0.6441.0\updater.exe'},2882107
48d22f87-29ca-83bb-b200-ab4953787c56,{'subject': 'c:\program files (x86)\google\googleupdater\126.0.6441.0\updater.exe'},2882108
b57ace27-3f73-8749-b0cc-ced5b671525d,{'subject': 'c:\program files\microsoft onedrive\24.076.0414.0005\filesyncconfig.exe'},2882883
32dfadc9-20a6-8620-ba55-a8d09ed13bca,{'subject': 'c:\program files\microsoft onedrive\24.076.0414.0005\microsoft.sharepoint.exe'},2883012
0bfefa76-b8ff-8ced-b014-c0ff7de1d40e,{'subject': 'c:\program files\microsoft onedrive\24.070.0407.0003\onedriveupdaterservice.exe'},2883922
237602fc-ac0e-8361-b872-dd1430a0ab7b,{'subject': 'c:\program files\microsoft onedrive\24.076.0414.0005\filecoauth.exe'},2884327
2305a278-ebbe-86f9-97bf-9dee535c75ab,{'subject': 'c:\program files (x86)\google\googleupdater\126.0.6441.0\updater.exe'},2884976
22b87d8a-cc52-81dc-bc00-a13686a12841,{'subject': 'c:\program files (x86)\google\googleupdater\126.0.6441.0\updater.exe'},2885315
d02f5f29-047c-8bba-ad1c-eaa41d58284b,{'subject': 'c:\program files (x86)\google\googleupdater\126.0.6441.0\updater.exe'},2885316
412c9634-c2a6-8a63-9b16-d1f144461afa,{'subject': 'c:\program files\windowsapps\microsoft.outlookforwindows_1.2024.424.300_x64__8wekyb3d8bbwe\olk.exe'},2887757
9aed396c-002e-82ca-be7d-2ae77910dae8,{'subject': 'c:\program files\windowsapps\microsoft.outlookforwindows_1.2024.424.300_x64__8wekyb3d8bbwe\olk.exe'},2887761
f2bae072-e138-8339-b4ed-b155e6cc7a64,{'subject': 'c:\program files (x86)\microsoft\edgewebview\application\124.0.2478.67\msedgewebview2.exe'},2887787
7d113d98-2f1b-8569-b3a6-d21a742a477e,{'subject': 'c:\program files (x86)\microsoft\edgewebview\application\124.0.2478.67\msedgewebview2.exe'},2887788
d028674d-68a7-8460-8e6d-d2c2e4a6d6fb,{'subject': 'c:\program files (x86)\microsoft\edgewebview\application\124.0.2478.67\msedgewebview2.exe'},2887792
c80ea485-193c-8ca0-81f4-715c613711c3,{'subject': 'c:\program files (x86)\microsoft\edgewebview\application\124.0.2478.67\msedgewebview2.exe'},2887802
1ffb048e-94de-8b3c-b404-c522c5f00d54,{'subject': 'c:\program files (x86)\microsoft\edgewebview\application\124.0.2478.67\msedgewebview2.exe'},2887807
d9b08f44-fc1e-8424-92df-bb85d6bace74,{'subject': 'c:\program files (x86)\microsoft\edgewebview\application\124.0.2478.67\msedgewebview2.exe'},2887936
81ba668c-a364-8191-ac49-1e5b26148c8c,{'subject': 'c:\program files (x86)\microsoft\edgewebview\application\124.0.2478.67\msedgewebview2.exe'},2888074
1b70359a-8550-82ee-949a-193c6d29101d,{'subject': 'c:\program files (x86)\microsoft\edgewebview\application\124.0.2478.67\msedgewebview2.exe'},2888342
94925f02-eace-837b-946c-481f0c200878,{'subject': 'c:\program files (x86)\microsoft\edgewebview\application\124.0.2478.67\msedgewebview2.exe'},2888728
35f6416f-926d-8042-97fd-c78014104777,{'subject': 'c:\program files (x86)\microsoft\edgewebview\application\124.0.2478.67\msedgewebview2.exe'},2888745
33371e2b-1943-8b70-a725-d3dfc27121eb,{'subject': 'c:\program files\windowsapps\microsoft.outlookforwindows_1.2024.424.300_x64__8wekyb3d8bbwe\olk.exe'},2888749
96a7f55c-a96c-87c8-aa78-d34c5e10dfd1,{'subject': 'c:\users\efficientgoldfinch\appdata\roaming\transbaseodbcdriver\smrs.exe'},2888778
c86c5f25-64b6-899d-a375-a6bb8a5172ca,{'subject': 'c:\users\efficientgoldfinch\appdata\roaming\transbaseodbcdriver\smrs.exe'},2888784
be702ef6-9947-8b11-8078-26e651cc6b1b,{'subject': 'c:\users\efficientgoldfinch\appdata\roaming\transbaseodbcdriver\smrs.exe'},2888803
5ef00c4b-1a0c-871d-a9cf-be3a49d9bcc7,{'subject': 'c:\users\efficientgoldfinch\appdata\roaming\transbaseodbcdriver\smrs.exe'},2888810
2903757a-f177-8224-b0f8-fd6d7142ef33,{'subject': 'c:\users\efficientgoldfinch\appdata\roaming\transbaseodbcdriver\smrs.exe'},2888832
16d46f23-efc0-89e3-b609-24b12fff7f6e,{'subject': 'c:\users\buzzingporpoise.pangolin\appdata\local\temp\ea58df18-7434-416a-b382-702355c7a5ce\dismhost.exe'},2890044
5c915ee1-684d-8107-a06f-7367632f81f2,{'subject': 'c:\program files\windowsapps\microsoft.outlookforwindows_1.2024.424.300_x64__8wekyb3d8bbwe\olk.exe'},2894598
fee63fdc-bcd6-8c57-bedc-3415b3a859cd,{'subject': 'c:\program files\windowsapps\microsoft.outlookforwindows_1.2024.424.300_x64__8wekyb3d8bbwe\olk.exe'},2894599
a69dc4a2-08b3-8cbe-9385-13c392c2bd3f,{'subject': 'c:\program files (x86)\microsoft\edgewebview\application\124.0.2478.67\msedgewebview2.exe'},2894614
9b86d5d5-c97d-83dc-b459-618959bf4f41,{'subject': 'c:\program files (x86)\microsoft\edgewebview\application\124.0.2478.67\msedgewebview2.exe'},2894615
83b533fb-a6a4-8beb-93d9-0e2ec776ca3b,{'subject': 'c:\program files (x86)\microsoft\edgewebview\application\124.0.2478.67\msedgewebview2.exe'},2894617
3a5bbedc-ae02-8d31-904b-a4088150eb6c,{'subject': 'c:\program files (x86)\microsoft\edgewebview\application\124.0.2478.67\msedgewebview2.exe'},2894628
c471e9af-bf01-88a1-a88f-a7cd797661bc,{'subject': 'c:\program files (x86)\microsoft\edgewebview\application\124.0.2478.67\msedgewebview2.exe'},2894634
fa286650-0703-8270-aa58-bdf08f91e348,{'subject': 'c:\program files (x86)\microsoft\edgewebview\application\124.0.2478.67\msedgewebview2.exe'},2894684
ccaf21c8-79a6-8274-9409-67e4169a846b,{'subject': 'c:\program files (x86)\microsoft\edgewebview\application\124.0.2478.67\msedgewebview2.exe'},2894846
b8e85147-0e19-84d1-88d7-d91f036ff0c2,{'subject': 'c:\program files (x86)\microsoft\edgewebview\application\124.0.2478.67\msedgewebview2.exe'},2895034
5e0959d4-3b26-8e6c-b75f-828ec916fb89,{'subject': 'c:\program files (x86)\microsoft\edgewebview\application\124.0.2478.67\msedgewebview2.exe'},2895897
19f95895-010f-8f20-a601-a1d714973e8d,{'subject': 'c:\program files\windowsapps\microsoft.windows.photos_2024.11030.15001.0_x64__8wekyb3d8bbwe\photosapp.exe'},2895936
86f29fe6-9c28-84bc-85af-3cbc711181a0,{'subject': 'c:\program files (x86)\microsoft\edgewebview\application\124.0.2478.67\msedgewebview2.exe'},2896001
3722087c-4e79-8310-9397-b30f2cda2599,{'subject': 'c:\program files\windowsapps\microsoft.windows.photos_2024.11030.15001.0_x64__8wekyb3d8bbwe\photosservice\photosservice.exe'},2896087
aac25cb3-2026-84b6-9d65-8112ea7026ba,{'subject': 'c:\program files\windowsapps\microsoft.windows.photos_2024.11030.15001.0_x64__8wekyb3d8bbwe\photosservice\photosservice.exe'},2896146
6d541048-bf19-86ea-91c7-6648b155ac40,{'subject': 'c:\program files\windowsapps\microsoft.windows.photos_2024.11030.15001.0_x64__8wekyb3d8bbwe\photosapp.exe'},2896282
0c28559f-b684-8c39-87a2-ad4c3a86a8ef,{'subject': 'c:\program files\windowsapps\microsoft.windows.photos_2024.11030.15001.0_x64__8wekyb3d8bbwe\photosapp.exe'},2896284
2cb0ecfe-efad-8380-82c3-8013996666a8,{'subject': 'c:\program files\windowsapps\microsoft.windows.photos_2024.11030.15001.0_x64__8wekyb3d8bbwe\photosservice\photosservice.exe'},2896292
2f76a6b2-df63-8fc1-92ca-16f6a66b2bcd,{'subject': 'c:\program files\windowsapps\microsoft.windows.photos_2024.11030.15001.0_x64__8wekyb3d8bbwe\photosservice\photosservice.exe'},2896299
75f49c69-dd6d-8872-ba11-573d63e6d384,{'subject': 'c:\program files\windowsapps\microsoft.windowsstore_22403.1401.3.0_x64__8wekyb3d8bbwe\winstore.app.exe'},2897535
0d808c8f-0584-88e0-b7f5-95ac69f6e81b,{'subject': 'c:\program files\windowsapps\microsoft.windowsstore_22403.1401.3.0_x64__8wekyb3d8bbwe\winstore.app.exe'},2897595
726e34dc-e8c1-8b59-93b0-b47c7546cb0a,{'subject': 'c:\program files\windowsapps\microsoft.windows.photos_2024.11030.15001.0_x64__8wekyb3d8bbwe\photosapp.exe'},2897907
44bfc30d-44fa-889a-aab3-479741b68c41,{'subject': 'c:\program files\windowsapps\microsoft.windows.photos_2024.11030.15001.0_x64__8wekyb3d8bbwe\photosservice\photosservice.exe'},2897914
75d01080-d2bb-8867-a30e-bf07bc138083,{'subject': 'c:\program files\windowsapps\microsoft.windows.photos_2024.11030.15001.0_x64__8wekyb3d8bbwe\photosservice\photosservice.exe'},2897915
53bfd7b0-3b06-887e-8e44-32644dc6a9d0,{'subject': 'c:\program files\windowsapps\microsoft.windows.photos_2024.11030.15001.0_x64__8wekyb3d8bbwe\photosapp.exe'},2897948
1acfcdb9-7d4d-838d-b452-b159d5dbae16,{'subject': 'c:\program files\windowsapps\microsoft.windows.photos_2024.11030.15001.0_x64__8wekyb3d8bbwe\photosservice\photosservice.exe'},2897955
31bc8262-78a5-8d13-a6a5-cee43e31a03c,{'subject': 'c:\program files\windowsapps\microsoft.windows.photos_2024.11030.15001.0_x64__8wekyb3d8bbwe\photosservice\photosservice.exe'},2897956
c5f3410e-688c-8abd-ac92-52cb06767558,{'subject': 'c:\program files\windowsapps\microsoft.windows.photos_2024.11030.15001.0_x64__8wekyb3d8bbwe\photosapp.exe'},2898004
6bdb125a-caeb-8a69-aeeb-c878920d2e94,{'subject': 'c:\program files\windowsapps\microsoft.windows.photos_2024.11030.15001.0_x64__8wekyb3d8bbwe\photosservice\photosservice.exe'},2898011
38c38d67-f70e-8d6a-8116-a2b66b398382,{'subject': 'c:\program files\windowsapps\microsoft.windows.photos_2024.11030.15001.0_x64__8wekyb3d8bbwe\photosservice\photosservice.exe'},2898012
328d750c-f5ae-8caa-9b70-c1d1c9c974db,{'subject': 'c:\program files\windowsapps\microsoft.outlookforwindows_1.2024.424.300_x64__8wekyb3d8bbwe\xpdagent.exe'},2898061
199d3839-3fe6-86ed-bff4-0b3d5f19c928,{'subject': 'c:\program files (x86)\microsoft\edgewebview\application\124.0.2478.67\msedgewebview2.exe'},2898064
1c2a3ebd-05aa-8758-b38b-80805f2d93da,{'subject': 'c:\program files\windowsapps\microsoft.windows.photos_2024.11030.15001.0_x64__8wekyb3d8bbwe\photosapp.exe'},2898075
50bf59c5-19c2-8a5e-ad46-605056b0c4bf,{'subject': 'c:\program files\windowsapps\microsoft.windows.photos_2024.11030.15001.0_x64__8wekyb3d8bbwe\photosservice\photosservice.exe'},2898086
1f37882a-e339-8dd4-919c-7f4b62e755c5,{'subject': 'c:\program files\windowsapps\microsoft.windows.photos_2024.11030.15001.0_x64__8wekyb3d8bbwe\photosservice\photosservice.exe'},2898091
84311670-0d74-8aab-9ca3-ab8231a6dc25,{'subject': 'c:\program files\windowsapps\microsoft.outlookforwindows_1.2024.424.300_x64__8wekyb3d8bbwe\xpdagent.exe'},2898110
cd686060-0b82-8a1c-89dc-73dd8ad0682c,{'subject': 'c:\program files\windowsapps\microsoft.outlookforwindows_1.2024.424.300_x64__8wekyb3d8bbwe\xpdagent.exe'},2898130
5c5e74f7-cf67-8a6b-b569-2bc5f9c0514a,{'subject': 'c:\program files\windowsapps\microsoft.outlookforwindows_1.2024.424.300_x64__8wekyb3d8bbwe\xpdagent.exe'},2898145
6e61b31e-cf3b-81d8-a34a-2aa2884fc4f4,{'subject': 'c:\program files\windowsapps\microsoft.windows.photos_2024.11030.15001.0_x64__8wekyb3d8bbwe\photosapp.exe'},2898175
409160bc-bb26-8fe2-a21a-69812efe9a21,{'subject': 'c:\program files\windowsapps\microsoft.windows.photos_2024.11030.15001.0_x64__8wekyb3d8bbwe\photosservice\photosservice.exe'},2898182
6a2464e6-ad45-845a-a66c-15667a5daa46,{'subject': 'c:\program files\windowsapps\microsoft.windows.photos_2024.11030.15001.0_x64__8wekyb3d8bbwe\photosservice\photosservice.exe'},2898183
52df64be-9722-8ffe-a64e-82e4d86b3e57,{'subject': 'c:\program files\windowsapps\microsoft.windows.photos_2024.11030.15001.0_x64__8wekyb3d8bbwe\photosapp.exe'},2898252
0b70ae1a-527c-8802-a1dd-8b83401a910f,{'subject': 'c:\program files\windowsapps\microsoft.windows.photos_2024.11030.15001.0_x64__8wekyb3d8bbwe\photosservice\photosservice.exe'},2898259
16877c87-0ab2-852a-9df9-eeaef7a3323a,{'subject': 'c:\program files\windowsapps\microsoft.windows.photos_2024.11030.15001.0_x64__8wekyb3d8bbwe\photosservice\photosservice.exe'},2898260
e690960a-9d3d-8561-84f0-e38fd56103f2,{'subject': 'c:\program files\windowsapps\microsoft.windows.photos_2024.11030.15001.0_x64__8wekyb3d8bbwe\photosapp.exe'},2899638
27c736c6-f3e2-89e1-9d34-8492627785ee,{'subject': 'c:\program files\windowsapps\microsoft.windows.photos_2024.11030.15001.0_x64__8wekyb3d8bbwe\photosservice\photosservice.exe'},2899646
18ab10e2-68ec-8f4c-a904-a582ad7c5584,{'subject': 'c:\program files\windowsapps\microsoft.windows.photos_2024.11030.15001.0_x64__8wekyb3d8bbwe\photosservice\photosservice.exe'},2899647
de746f67-b4d5-8a10-a8ed-5a41a680645d,{'subject': 'c:\program files\windowsapps\microsoft.windows.photos_2024.11030.15001.0_x64__8wekyb3d8bbwe\photosapp.exe'},2902433
e843a038-0184-855b-a423-63284d468b57,{'subject': 'c:\program files\windowsapps\microsoft.windows.photos_2024.11030.15001.0_x64__8wekyb3d8bbwe\photosservice\photosservice.exe'},2902443
426b4b38-5182-8477-9ee3-08c67125a3ab,{'subject': 'c:\program files\windowsapps\microsoft.windows.photos_2024.11030.15001.0_x64__8wekyb3d8bbwe\photosservice\photosservice.exe'},2902451
4673be83-f496-8bdb-889f-1fe8b5e59f92,{'subject': 'c:\windows\system32\mspaint.exe'},2902518
0f6975f2-5ca0-8b50-9ff1-e68d99733064,{'subject': 'c:\program files\windowsapps\microsoft.windows.photos_2024.11030.15001.0_x64__8wekyb3d8bbwe\photosapp.exe'},2902571
661c63f2-92fe-85ae-a19f-f7b95741a5dd,{'subject': 'c:\program files\windowsapps\microsoft.windows.photos_2024.11030.15001.0_x64__8wekyb3d8bbwe\photosservice\photosservice.exe'},2902578
711c5209-2168-8c25-9a9b-e4edb23a60d2,{'subject': 'c:\program files\windowsapps\microsoft.windows.photos_2024.11030.15001.0_x64__8wekyb3d8bbwe\photosservice\photosservice.exe'},2902579
7e131e0b-c4d6-8e93-96f5-672be907612f,{'subject': 'c:\program files\windowsapps\microsoft.windows.photos_2024.11030.15001.0_x64__8wekyb3d8bbwe\photosapp.exe'},2902824
ca6125d9-610f-8ab3-9887-e3859fb00ce4,{'subject': 'c:\program files\windowsapps\microsoft.windows.photos_2024.11030.15001.0_x64__8wekyb3d8bbwe\photosservice\photosservice.exe'},2902831
da59de35-8932-8288-b776-c6c7f8ead013,{'subject': 'c:\program files\windowsapps\microsoft.windows.photos_2024.11030.15001.0_x64__8wekyb3d8bbwe\photosservice\photosservice.exe'},2902833
d266cfc8-ab18-8e8f-ba5b-534bdf666619,{'subject': 'c:\program files\windowsapps\microsoft.windows.photos_2024.11030.15001.0_x64__8wekyb3d8bbwe\photosapp.exe'},2903629
0b3b9fe7-89b7-88e1-9f11-399b1a024bd5,{'subject': 'c:\program files\windowsapps\microsoft.windows.photos_2024.11030.15001.0_x64__8wekyb3d8bbwe\photosservice\photosservice.exe'},2903636
cb3dfd0b-7c7e-8391-98d3-73b816732100,{'subject': 'c:\program files\windowsapps\microsoft.windows.photos_2024.11030.15001.0_x64__8wekyb3d8bbwe\photosservice\photosservice.exe'},2903637
404a9942-ae2f-833d-b36e-50a47f1f3f2e,{'subject': 'c:\program files\windowsapps\microsoft.windows.photos_2024.11030.15001.0_x64__8wekyb3d8bbwe\photosapp.exe'},2904232
54f3bc02-fe54-839c-ae0c-b0798f941b49,{'subject': 'c:\program files\windowsapps\microsoft.windows.photos_2024.11030.15001.0_x64__8wekyb3d8bbwe\photosservice\photosservice.exe'},2904239
5619ca83-b107-867f-ba56-c0b9bb49147f,{'subject': 'c:\program files\windowsapps\microsoft.windows.photos_2024.11030.15001.0_x64__8wekyb3d8bbwe\photosservice\photosservice.exe'},2904240
9062d97e-ed8b-8fa0-84b9-3ea9d9e5b7fe,{'subject': 'c:\users\inspiringrobin.pangolin\appdata\local\microsoft\onedrive\24.076.0414.0005\microsoft.sharepoint.exe'},2911978
5ff59903-d025-8443-b2da-202d95a01232,{'subject': 'c:\program files (x86)\google\googleupdater\126.0.6441.0\updater.exe'},2912056
a58df2f4-e2fa-8c4d-ac95-147c5c866cb4,{'subject': 'c:\program files (x86)\google\googleupdater\126.0.6441.0\updater.exe'},2912060
50bdb3ff-ffb2-8102-abf8-f29864223b35,{'subject': 'c:\program files (x86)\google\googleupdater\126.0.6441.0\updater.exe'},2912063
ba6ca44c-98a8-836c-a1fe-a5b6e5e2c088,{'subject': 'c:\program files (x86)\google\googleupdater\126.0.6441.0\updater.exe'},2912065
083a9c36-31c5-8389-896a-b80c0d7ed254,{'subject': 'c:\program files (x86)\google\googleupdater\126.0.6441.0\updater.exe'},2912066
153413a4-a0c9-8e46-a72e-d82ca11242a7,{'subject': 'c:\program files (x86)\google\googleupdater\126.0.6441.0\updater.exe'},2912069
69521111-6d98-8346-997e-c48fc2b2ddad,{'subject': 'c:\program files (x86)\google\googleupdater\126.0.6441.0\updater.exe'},2912072
d39746cb-16fc-8a36-909e-31ec62a88c91,{'subject': 'c:\program files (x86)\google\googleupdater\126.0.6441.0\updater.exe'},2912108
8572bf39-6a0a-8c92-ac13-8383aabaed11,{'subject': 'c:\program files (x86)\google\googleupdater\126.0.6441.0\updater.exe'},2912109
d8866e91-aef5-8f87-a5d3-9842c3c7eb43,{'subject': 'c:\users\buzzingporpoise.pangolin\appdata\local\programs\microsoft vs code\resources\app\node_modules.asar.unpacked\@vscode\ripgrep\bin\rg.exe'},2915820
1d54aa4b-1878-87f4-8d31-783a77368b8b,{'subject': 'c:\users\buzzingporpoise.pangolin\appdata\local\programs\microsoft vs code\resources\app\node_modules.asar.unpacked\@vscode\ripgrep\bin\rg.exe'},2915825
264318a7-1d28-896e-bc7d-8289019dadbc,{'subject': 'c:\users\buzzingporpoise.pangolin\appdata\local\programs\microsoft vs code\resources\app\node_modules.asar.unpacked\@vscode\ripgrep\bin\rg.exe'},2915828
780bc69c-629d-804f-9bd8-22b6412730ba,{'subject': 'c:\users\buzzingporpoise.pangolin\appdata\local\programs\microsoft vs code\resources\app\node_modules.asar.unpacked\@vscode\ripgrep\bin\rg.exe'},2915831
309b5389-e32c-871d-9e44-ab51508eac1a,{'subject': 'c:\users\obviouswombat.pangolin\appdata\local\temp\3723c096-f40d-49e3-b7ea-84876fcdccee\dismhost.exe'},2921719
393688f0-598f-8e5c-b9f9-47ca7552ec49,{'subject': 'c:\program files (x86)\google\googleupdater\126.0.6441.0\updater.exe'},2923036
41b62624-fec1-81ba-8f9c-20f005377811,{'subject': 'c:\program files (x86)\google\googleupdater\126.0.6441.0\updater.exe'},2923039
6270ea48-9244-83bf-9fb6-1a2d047a6b2f,{'subject': 'c:\program files (x86)\google\googleupdater\126.0.6441.0\updater.exe'},2923044
4e66d168-cea7-84b2-aaa9-7c26995c3621,{'subject': 'c:\program files (x86)\google\googleupdater\126.0.6441.0\updater.exe'},2923048
ffdd52bf-746e-8b09-84ce-395cc3f2750f,{'subject': 'c:\program files (x86)\google\googleupdater\126.0.6441.0\updater.exe'},2923050
a9f75a1c-fe0c-8488-a59a-007d9ca33f8d,{'subject': 'c:\program files (x86)\google\googleupdater\126.0.6441.0\updater.exe'},2923051
a83ce6d2-d0ad-873f-b016-ea1db240dad4,{'subject': 'c:\program files (x86)\google\googleupdater\126.0.6441.0\updater.exe'},2923059
b94443cd-ec06-86ba-91bc-5108b3beaf20,{'subject': 'c:\program files (x86)\google\googleupdater\126.0.6441.0\updater.exe'},2923130
6dcedc6f-48d7-87a1-a3a4-a8d79c4f0764,{'subject': 'c:\program files (x86)\google\googleupdater\126.0.6441.0\updater.exe'},2923131
ec91876c-076d-879d-863e-eede65029f42,{'subject': 'c:\program files (x86)\google\googleupdater\126.0.6441.0\updater.exe'},2928579
e485c5bc-ef90-8da6-8f71-9bd4e595a86d,{'subject': 'c:\program files (x86)\google\googleupdater\126.0.6441.0\updater.exe'},2928582
ab1b342b-ba05-83c4-aaf1-4c294d1108de,{'subject': 'c:\program files (x86)\google\googleupdater\126.0.6441.0\updater.exe'},2928585
6263102d-ea0f-8b62-9842-de4202952928,{'subject': 'c:\program files (x86)\google\googleupdater\126.0.6441.0\updater.exe'},2928587
e813152b-9acb-8734-afb5-6a977aa4e410,{'subject': 'c:\program files (x86)\google\googleupdater\126.0.6441.0\updater.exe'},2928588
494b1dee-58d7-8a40-ad80-389e5cba079e,{'subject': 'c:\program files (x86)\google\googleupdater\126.0.6441.0\updater.exe'},2928590
cb4bcb94-da61-8557-8039-2f655cc32c5f,{'subject': 'c:\program files (x86)\google\googleupdater\126.0.6441.0\updater.exe'},2928593
aefee86a-6fdb-88cc-89c0-52b452215c40,{'subject': 'c:\program files (x86)\google\googleupdater\126.0.6441.0\updater.exe'},2928609
8cdc10d0-d79a-847e-ba54-8d3906fdce58,{'subject': 'c:\program files (x86)\google\googleupdater\126.0.6441.0\updater.exe'},2928610
3a928c49-4b49-822e-93fe-3b3913229ec4,{'subject': 'c:\program files\windowsapps\microsoft.outlookforwindows_1.2024.424.0_x64__8wekyb3d8bbwe\xpdagent.exe'},2928625
9a4bc812-c93c-88c2-aef4-acbc743242fb,{'subject': 'c:\program files\windowsapps\microsoft.outlookforwindows_1.2024.424.0_x64__8wekyb3d8bbwe\xpdagent.exe'},2928684
1e16a877-b1f7-829f-8852-4f7b233b14e7,{'subject': 'c:\program files\windowsapps\91750d7e.slack_4.38.115.0_x64__8she8kybcnzg4\app\slack.exe'},2929233
78792f1c-0899-87fd-adb1-0a6b9c34a154,{'subject': 'c:\users\efficientgoldfinch\appdata\roaming\transbaseodbcdriver\pscp.exe'},2929272
5a94efc8-b5b9-8f23-b1a6-fae5527b5ca1,{'subject': 'c:\users\efficientgoldfinch\appdata\roaming\transbaseodbcdriver\pscp.exe'},2929362
d6f8b0fd-d9eb-8826-a467-15ab92b82e82,{'subject': '/usr/bin/scp'},2929456
c371b110-a1d7-8063-b104-d5d6fca432fa,{'subject': '/usr/bin/scp'},2929457
eb998a3c-b286-8b54-934d-2910067cc42f,{'subject': 'c:\users\efficientgoldfinch\appdata\roaming\transbaseodbcdriver\pscp.exe'},2929484
4b17531b-9dc3-8e6b-945e-4d5d0216febe,{'subject': '/usr/bin/scp'},2929545
ebf2a983-792b-8ffb-b688-d3d301ee75c1,{'subject': 'c:\users\efficientgoldfinch\appdata\roaming\transbaseodbcdriver\pscp.exe'},2929667
897ca3f3-c06c-868f-a29e-82f7d6b7d007,{'subject': '/usr/bin/scp'},2929696
d7c0eb20-aca6-8f20-9a91-98485cad32d5,{'subject': 'c:\users\efficientgoldfinch\appdata\roaming\transbaseodbcdriver\plink.exe'},2929720
ed5b03fc-6f4d-8443-a8d0-bd1e596685a1,{'subject': '/usr/bin/ps'},2929812
7055bbfd-fa76-86ba-90bf-c141add17e7e,{'subject': '/usr/libexec/pk-command-not-found'},2929935
1a37feb4-0c9a-86be-9ab7-1bbd039d0414,{'subject': '/usr/libexec/pk-command-not-found'},2929987
b2995487-dd07-879a-abd9-95951b81b0e2,{'subject': '/usr/libexec/pk-command-not-found'},2929990
dd7ebbbb-a368-89d9-a9f7-2edd03f769de,{'subject': '/usr/libexec/pk-command-not-found'},2930162
b46bcd19-4b26-8467-918e-5e1d76d50078,{'subject': '/usr/libexec/pk-command-not-found'},2930163
9e9e14db-1f69-828a-aa4b-31f6d4ab8290,{'subject': '/usr/libexec/pk-command-not-found'},2930164
ee944ad5-271a-808d-9676-398eaeb76899,{'subject': '/usr/libexec/pk-command-not-found'},2930165
e1fe6a72-d8ed-88f5-a0e6-281853daa38e,{'subject': '/usr/libexec/pk-command-not-found'},2930166
6e6a027f-9e66-83f9-ad8d-cb54af21fc6b,{'subject': '/usr/libexec/pk-command-not-found'},2930268
3cfe3bfd-16f5-8819-900b-52e882446890,{'subject': '/usr/bin/chmod'},2930312
e55cf4e3-4098-8f8c-b259-6ab2ed995f8e,{'subject': 'c:\windows\system32\servermanager.exe'},2930819
283ccd95-4eb2-845f-8cc2-4d9365a2c83f,{'subject': 'c:\windows\system32\servermanagerlauncher.exe'},2930820
f1c4ffb1-8f24-874d-a90a-e4d3992348e2,{'subject': 'c:\users\inspiringrobin.pangolin\appdata\local\microsoft\onedrive\24.076.0414.0005\filecoauth.exe'},2931758
a54002e5-3dc2-8b0c-a160-b278bbf48584,{'subject': 'c:\windows\systemtemp\chrome_unpacker_beginunzipping10636_1922319796\cr_7821b.tmp\setup.exe'},2956358
0373a351-1cd9-8034-9f02-ccdb8f54b8ff,{'subject': '/usr/libexec/pk-command-not-found'},2934913
1b942ae6-a59c-87e4-9739-8aa45e63a10d,{'subject': '/usr/bin/sudo'},2935460
193507d3-5e3a-8cc9-918f-a405e7dcacbb,{'subject': '/usr/bin/sudo'},2935461
d402951c-7f36-87d9-93d8-9b8c7d5e2ad1,{'subject': '/usr/lib/systemd/systemd-udevd'},2935462
e99ceb24-f5fb-800f-8249-4afad95fd196,{'subject': '/usr/libexec/fprintd'},2935463
ba42f9d2-2e8d-8dd3-bb8e-39bc39ffb26e,{'subject': '/usr/bin/sudo'},2935475
3bde3268-d42f-866c-a3de-310d1904e883,{'subject': '/usr/bin/sudo'},2935476
c70d0db1-3516-845a-9297-f7e35e9b76cb,{'subject': 'c:\windows\nbupaxjy.exe'},2942672
93a730a6-b414-8a48-a7fc-a9257b9c8979,{'subject': 'c:\windows\syswow64\cmd.exe'},2942673
481e650c-1ef5-87a3-b1b3-9fa4f8b75285,{'subject': '/usr/bin/python3.6'},2942680
b2756296-6e5d-8096-9c3e-b8931804b453,{'subject': '/usr/bin/python3.6'},2942681
b1fbd28f-a8b1-854c-a199-fbac55869a62,{'subject': 'c:\windows\syswow64\cmd.exe'},2944085
dfef76a4-eba3-8581-aff1-c653e1bd17e2,{'subject': 'c:\windows\syswow64\findstr.exe'},2944086
51c6d5d1-4885-844e-957b-8591575d9af2,{'subject': 'c:\windows\tiny.exe'},2944866
675618a6-603f-8152-a6a6-6dc9fe8eb21e,{'subject': 'c:\program files (x86)\microsoft\edgewebview\application\124.0.2478.67\msedgewebview2.exe'},2945071
8df92fa7-2eba-8d8b-9170-91c5ad3ba55c,{'subject': 'c:\program files (x86)\microsoft\edgewebview\application\124.0.2478.67\msedgewebview2.exe'},2945072
96542ee3-7d29-8aa1-8c20-68b841844ce9,{'subject': 'c:\program files (x86)\microsoft\edgewebview\application\124.0.2478.67\msedgewebview2.exe'},2945090
1175c483-dea7-82de-86ea-988649230142,{'subject': 'c:\program files (x86)\microsoft\edgewebview\application\124.0.2478.67\msedgewebview2.exe'},2945093
76f57170-e973-8929-9845-6b4a8d388e60,{'subject': 'c:\program files (x86)\microsoft\edgewebview\application\124.0.2478.67\msedgewebview2.exe'},2945152
9e936154-f594-8d01-b22b-1e582c695086,{'subject': 'c:\program files (x86)\microsoft\edgewebview\application\124.0.2478.67\msedgewebview2.exe'},2945261
ec5bf105-340e-82e6-80a8-6f8bc0fd05be,{'subject': 'c:\program files (x86)\microsoft\edgewebview\application\124.0.2478.67\msedgewebview2.exe'},2945278
59a7a7f8-97af-899a-9f50-fe0119ccacb8,{'subject': 'c:\program files (x86)\microsoft\edgewebview\application\124.0.2478.67\msedgewebview2.exe'},2945380
690749ab-c6c5-8423-be00-6e855c8f4ca0,{'subject': 'c:\users\obviouswombat.pangolin\appdata\roaming\zoom\bin\cpthost.exe'},2945770
33de79ce-aaf8-8b81-8458-dfce8f02547b,{'subject': 'c:\program files\windowsapps\91750d7e.slack_4.38.115.0_x64__8she8kybcnzg4\app\slack.exe'},2946400
d5d53368-290a-87d6-bdde-29c43babf75f,{'subject': 'c:\program files (x86)\microsoft\edgewebview\application\124.0.2478.67\msedgewebview2.exe'},2947412
7d8d2881-d45c-8c7a-a38c-c8943bdb0e9a,{'subject': 'c:\windows\system32\sndvol.exe'},2947460
844443c1-2393-8104-88fe-3a4565665fc2,{'subject': 'c:\program files (x86)\google\googleupdater\126.0.6441.0\updater.exe'},2947736
e3fe5b17-01bf-81cf-b646-d886b8452b39,{'subject': 'c:\program files (x86)\google\googleupdater\126.0.6441.0\updater.exe'},2947739
8f55a1a6-676c-8ac0-bc72-c55fdbc175ae,{'subject': 'c:\program files (x86)\google\googleupdater\126.0.6441.0\updater.exe'},2947742
084b69a5-be98-87d6-956e-897bce8e4906,{'subject': 'c:\program files (x86)\google\googleupdater\126.0.6441.0\updater.exe'},2947744
a42871b1-35fe-82b0-94cb-10ad07aae2b1,{'subject': 'c:\program files (x86)\google\googleupdater\126.0.6441.0\updater.exe'},2947745
33ed4b1e-dd93-8a9f-8e31-bd7b0b4227a0,{'subject': 'c:\program files (x86)\google\googleupdater\126.0.6441.0\updater.exe'},2947747
f2dc7007-9425-849c-8351-c7072800ae01,{'subject': 'c:\program files (x86)\google\googleupdater\126.0.6441.0\updater.exe'},2947750
da9f756d-2690-8e40-bcfe-00d97f49b12f,{'subject': 'c:\program files (x86)\google\googleupdater\126.0.6441.0\updater.exe'},2947764
69b418ba-5eca-8ebb-82c8-e936810398d1,{'subject': 'c:\program files (x86)\google\googleupdater\126.0.6441.0\updater.exe'},2947765
9074f3e0-fe17-8c4f-88b0-fdd04ede237f,{'subject': 'c:\program files\windowsapps\microsoft.outlookforwindows_1.2024.424.300_x64__8wekyb3d8bbwe\xpdagent.exe'},2950523
c3637c97-e6d2-87d5-9f85-dd927dd16538,{'subject': 'c:\program files\windowsapps\microsoft.outlookforwindows_1.2024.424.300_x64__8wekyb3d8bbwe\xpdagent.exe'},2950536
4989bcc8-edf9-8e8d-b60f-513e28566001,{'subject': 'c:\program files\windowsapps\91750d7e.slack_4.38.115.0_x64__8she8kybcnzg4\app\slack.exe'},2950819
4662af1d-688b-81a9-ac41-ca23f123b92d,{'subject': 'c:\users\inspiringrobin.pangolin\appdata\local\temp\839f7cbc-74d2-4f4f-844c-89173c8f57d1\dismhost.exe'},2953773
35f32dca-e049-84c5-a99c-9af7cafaaffd,{'subject': 'c:\program files (x86)\google\googleupdater\126.0.6441.0\updater.exe'},2955572
1a8dc58c-e2cf-8a12-9d6b-ec03c7e636a6,{'subject': 'c:\program files (x86)\google\googleupdater\126.0.6441.0\updater.exe'},2955576
03250e21-8ef6-82f7-8208-fdce5ab4fc43,{'subject': 'c:\program files (x86)\google\googleupdater\126.0.6441.0\updater.exe'},2955580
1551d8ab-0f7b-811d-8d65-3ae3a88b0763,{'subject': 'c:\program files (x86)\google\googleupdater\126.0.6441.0\updater.exe'},2955582
ff6ed326-f68b-858d-b994-e955e615bacf,{'subject': 'c:\program files (x86)\google\googleupdater\126.0.6441.0\updater.exe'},2955583
31d4680f-fc4a-8510-981e-4a6f04a7dca6,{'subject': 'c:\program files (x86)\google\googleupdater\126.0.6441.0\updater.exe'},2955585
7e636872-4d45-810f-8f6c-fd2de4a052a6,{'subject': 'c:\windows\systemtemp\chrome_unpacker_beginunzipping10636_1922319796\124.0.6367.119_124.0.6367.118_chrome_updater.exe'},2955752
40741378-83fb-8a96-92a9-113e5e42feff,{'subject': 'c:\program files\google\chrome\application\124.0.6367.118\installer\setup.exe'},2955756
958fa481-a0b7-8529-bbcf-fd8aeef0645d,{'subject': 'c:\program files\google\chrome\application\124.0.6367.118\installer\setup.exe'},2955759
43d8d27c-eb41-89f0-9f66-a0944a012f0f,{'subject': 'c:\program files\google\chrome\application\124.0.6367.118\installer\setup.exe'},2955769
d78340dd-3139-81d2-85a5-be0b1d14951e,{'subject': 'c:\windows\systemtemp\chrome_unpacker_beginunzipping10636_1922319796\cr_7821b.tmp\setup.exe'},2955770
92cfcd4f-2e16-8297-a842-360d794a9406,{'subject': 'c:\windows\systemtemp\chrome_unpacker_beginunzipping10636_1922319796\cr_7821b.tmp\setup.exe'},2955773
9ca19d62-f139-8bc2-9f24-8869df232c38,{'subject': 'c:\windows\systemtemp\chrome_unpacker_beginunzipping10636_1922319796\cr_7821b.tmp\setup.exe'},2956361
5cbf79b4-c42a-84b2-bf9b-e0f26d1af5e6,{'subject': 'c:\windows\systemtemp\chrome_unpacker_beginunzipping10636_1922319796\cr_7821b.tmp\setup.exe'},2956366
9ad93776-a1cb-89df-b579-27bf87fdd7eb,{'subject': 'c:\windows\systemtemp\chrome_unpacker_beginunzipping10636_1922319796\cr_7821b.tmp\setup.exe'},2956377
fd0f154b-0622-8da9-99ed-ed370940c8e9,{'subject': 'c:\program files (x86)\google\googleupdater\126.0.6441.0\updater.exe'},2956408
3b6f37ad-4bb3-860d-aeb2-ec58b8687c50,{'subject': 'c:\program files (x86)\google\googleupdater\126.0.6441.0\updater.exe'},2956426
13863267-26ae-8aea-bcf5-d762e0956826,{'subject': 'c:\program files (x86)\google\googleupdater\126.0.6441.0\updater.exe'},2956428
c61ae480-e9ee-82ba-8ceb-dffdaacb8e56,{'subject': 'c:\users\buzzingporpoise.pangolin\appdata\local\temp\vscode-stable-user-x64\codesetup-stable-b58957e67ee1e712cebf466b995adf4c5307b2bd.exe'},2973713
e97aef9d-b176-8573-9145-48d767b9b35e,{'subject': 'c:\users\buzzingporpoise.pangolin\appdata\local\temp\is-ab20a.tmp\codesetup-stable-b58957e67ee1e712cebf466b995adf4c5307b2bd.tmp'},2973717
08ad2943-e4d6-88ae-9ee9-e6bc3b8c044e,{'subject': 'c:\program files (x86)\microsoft\edgeupdate\download\{56eb18f8-b008-4cbd-b6d2-8c97fe7e9062}\124.0.2478.80\microsoftedge_x64_124.0.2478.80_124.0.2478.67.exe'},2976773
e3c7a99f-3ac6-8629-a7ab-44484f5a7d0d,{'subject': 'c:\program files (x86)\microsoft\edgeupdate\install\{b77fbf71-72ca-476a-80e6-a43c61982c31}\edgemitmp_86c36.tmp\setup.exe'},2976779
d61c3f66-bdeb-8b46-8722-9b30a39ef005,{'subject': 'c:\program files (x86)\microsoft\edgeupdate\install\{b77fbf71-72ca-476a-80e6-a43c61982c31}\edgemitmp_86c36.tmp\setup.exe'},2976781
51cc4413-a2a3-8806-8067-2f63b84c7750,{'subject': 'c:\program files (x86)\microsoft\edgeupdate\install\{b77fbf71-72ca-476a-80e6-a43c61982c31}\edgemitmp_86c36.tmp\setup.exe'},2977912
ea809488-5f61-8cd8-abb7-c5bfefa909de,{'subject': 'c:\program files (x86)\microsoft\edgeupdate\install\{b77fbf71-72ca-476a-80e6-a43c61982c31}\edgemitmp_86c36.tmp\setup.exe'},2977913
29acaf16-e2ba-8ec4-8040-7ddfaa9a7fb6,{'subject': 'c:\program files (x86)\microsoft\edgeupdate\install\{b77fbf71-72ca-476a-80e6-a43c61982c31}\edgemitmp_86c36.tmp\setup.exe'},2977918
0db11767-8c6d-8d13-93a8-84d7b0dd2167,{'subject': 'c:\program files (x86)\microsoft\edgeupdate\install\{b77fbf71-72ca-476a-80e6-a43c61982c31}\edgemitmp_86c36.tmp\setup.exe'},2978338
c5f6e09e-0127-8fba-ad55-1d0d39c99eef,{'subject': 'c:\program files (x86)\google\googleupdater\126.0.6441.0\updater.exe'},2978477
a690c986-6d22-8520-8323-d998d6e053e8,{'subject': 'c:\program files (x86)\google\googleupdater\126.0.6441.0\updater.exe'},2978480
9e2283d1-72e0-8225-8bbf-c7264ab2aaba,{'subject': 'c:\program files (x86)\google\googleupdater\126.0.6441.0\updater.exe'},2978483
6f56d3b6-a0ef-8694-ad5f-5a6bb0c0a5a0,{'subject': 'c:\program files (x86)\google\googleupdater\126.0.6441.0\updater.exe'},2978485
6d7fd2e1-d2ff-8f39-8301-bc4ba89ea0ca,{'subject': 'c:\program files (x86)\google\googleupdater\126.0.6441.0\updater.exe'},2978486
c693fb61-cb72-8a62-b114-7122d12a9a62,{'subject': 'c:\program files (x86)\google\googleupdater\126.0.6441.0\updater.exe'},2978488
84becd0f-5a4e-878c-9b98-192564010d7b,{'subject': 'c:\program files (x86)\google\googleupdater\126.0.6441.0\updater.exe'},2978494
933ae142-9119-84fe-9022-13dae242fd6e,{'subject': 'c:\program files (x86)\google\googleupdater\126.0.6441.0\updater.exe'},2978509
f17e532b-4d26-8aa4-bd7d-db41353b1072,{'subject': 'c:\program files (x86)\google\googleupdater\126.0.6441.0\updater.exe'},2978510
9dd4a93c-082d-82ff-9225-3a9fc597aee0,{'subject': 'c:\program files (x86)\google\googleupdater\126.0.6441.0\updater.exe'},2984114
b716c827-a0bd-84cc-be7f-9ece5d819105,{'subject': 'c:\program files (x86)\google\googleupdater\126.0.6441.0\updater.exe'},2984117
202fe312-17d3-8cc8-801d-0134e34336bc,{'subject': 'c:\program files (x86)\google\googleupdater\126.0.6441.0\updater.exe'},2984121
b813ae65-c5e3-86be-8e00-80946627b03e,{'subject': 'c:\program files (x86)\google\googleupdater\126.0.6441.0\updater.exe'},2984126
6d26db52-430d-8426-861c-e7fa3284d804,{'subject': 'c:\program files (x86)\google\googleupdater\126.0.6441.0\updater.exe'},2984128
b937bc9e-079b-865e-809a-d3d5db8cce65,{'subject': 'c:\program files (x86)\google\googleupdater\126.0.6441.0\updater.exe'},2984133
101ff692-49c7-808d-ba10-e4a9c856ea34,{'subject': 'c:\program files (x86)\google\googleupdater\126.0.6441.0\updater.exe'},2984137
79475521-ca4b-82d7-b7e9-fc2226528369,{'subject': 'c:\program files (x86)\google\googleupdater\126.0.6441.0\updater.exe'},2984159
477c3d90-1a77-8ef0-bccc-83e5ef19c92e,{'subject': 'c:\program files (x86)\google\googleupdater\126.0.6441.0\updater.exe'},2984160
1e04d458-21fe-801e-9d36-355a0bc30609,{'subject': 'c:\program files\windowsapps\microsoft.outlookforwindows_1.2024.424.0_x64__8wekyb3d8bbwe\xpdagent.exe'},2984183
ce5d74f9-0015-8d73-9044-9af1b1f576fe,{'subject': 'c:\program files (x86)\microsoft\edgewebview\application\124.0.2478.67\msedgewebview2.exe'},2984830
27a1bf7e-5ed4-87f9-876e-1dd198b58f2b,{'subject': 'c:\program files\windowsapps\microsoft.outlookforwindows_1.2024.424.0_x64__8wekyb3d8bbwe\xpdagent.exe'},2984831
190bcc47-2489-8a1a-8ecf-86739ee48895,{'subject': 'c:\program files (x86)\microsoft\edgewebview\application\124.0.2478.67\msedgewebview2.exe'},2984870
498b9a84-85dd-8863-966a-842a6d7f1223,{'subject': 'c:\program files\windowsapps\91750d7e.slack_4.38.115.0_x64__8she8kybcnzg4\app\slack.exe'},2985024
a59f8e1d-36ba-84e2-8eb2-00ed45dcc1ba,{'subject': 'c:\windows\temp\77177a39-6b5c-4ff6-8777-194476e40db0\dismhost.exe'},2985152
c8057ef8-f637-87d7-be76-5bc893a12abe,{'subject': 'c:\windows\softwaredistribution\download\install\am_delta_patch_1.409.632.0.exe'},2985630
f33440de-179a-8fa8-b5be-9077992c1b67,{'subject': 'c:\windows\syswow64\cmd.exe'},2985670
2570ac25-d9d6-8282-8f88-59d3306c226c,{'subject': 'c:\program files (x86)\microsoft\edgewebview\application\124.0.2478.67\msedgewebview2.exe'},2988439
d814c68f-4887-8609-88ec-3c5dad3a1bba,{'subject': 'c:\program files (x86)\microsoft\edgewebview\application\124.0.2478.67\msedgewebview2.exe'},2988512
d4ecc9a0-1da0-80e6-94d4-4ed0278beaf6,{'subject': 'c:\windows\system32\wscript.exe'},2988616
c78513f6-b776-8337-ad08-88370b15bb04,{'subject': 'c:\program files (x86)\microsoft\edgewebview\application\124.0.2478.67\msedgewebview2.exe'},2988634
ab566d2a-0e17-88c2-b8ba-73df19bf1b9c,{'subject': 'c:\windows\system32\wscript.exe'},2988641
042a1414-68a9-89ef-977e-481b582e9e84,{'subject': 'c:\program files (x86)\google\googleupdater\126.0.6441.0\updater.exe'},3163683
273e8bae-34d9-8c1d-ac1f-f773060c3941,{'subject': 'c:\program files (x86)\google\googleupdater\126.0.6441.0\updater.exe'},3163862
78a6ac40-b22a-8e08-bf8f-4f05c31be457,{'subject': 'c:\program files (x86)\google\googleupdater\126.0.6441.0\updater.exe'},3163886
af64a0b7-5b1c-83e9-a5b8-79c584973778,{'subject': 'c:\program files (x86)\google\googleupdater\126.0.6441.0\updater.exe'},3163895
7c2a037d-7102-880b-83dc-374de1144963,{'subject': 'c:\program files (x86)\google\googleupdater\126.0.6441.0\updater.exe'},3164146
eb965b5d-be10-8de0-b3f3-5b1c25917924,{'subject': 'c:\program files (x86)\google\googleupdater\126.0.6441.0\updater.exe'},3164161
3f92a9f9-ded1-8153-9302-4c4d90c654d1,{'subject': 'c:\windows\system32\ie4uinit.exe'},3165532
822171e3-b9b1-8ab4-a8ac-f8f6384bea7f,{'subject': 'c:\windows\system32\ie4uinit.exe'},3165582
08c58015-3772-8388-bdb9-68fd8d63bfdf,{'subject': 'c:\windows\system32\ie4uinit.exe'},3170606
c7528a6d-30a9-8503-a7da-70ede0e45a11,{'subject': 'c:\windows\systemapps\microsoft.windows.sechealthui_cw5n1h2txyewy\sechealthui.exe'},3178353
144ba716-cf2b-818a-a450-0b09e335704c,{'subject': 'c:\users\administrator\appdata\local\temp\aae0dab7-1ea9-4d27-a7e9-ab4c1a0635eb\dismhost.exe'},3184335
57ef352a-fc92-8524-9d51-dd9db578b031,{'subject': 'c:\users\buzzingporpoise.pangolin\appdata\local\programs\microsoft vs code\tools\inno_updater.exe'},3185007
308473d3-971b-8f16-9b4a-5c34a303eb86,{'subject': 'c:\windows\system32\cliprenew.exe'},3186968
ed2f2a79-8367-8683-988e-0ffcd356f394,{'subject': 'c:\windows\system32\find.exe'},3186975
e23dca26-92d5-84af-9879-aedbf6eb4158,{'subject': '/opt/carbonblack/psc/bin/cbagentd'},3188425
512724df-0142-8162-9390-58c3a0821c72,{'subject': 'c:\program files\windowsapps\91750d7e.slack_4.38.115.0_x64__8she8kybcnzg4\app\slack.exe'},3190019
d0cc14f4-3239-88a4-8076-f194b5f72e61,{'subject': 'c:\program files\windowsapps\91750d7e.slack_4.38.115.0_x64__8she8kybcnzg4\app\slack.exe'},3190025
df59f6d1-9872-8ed2-b624-7bf93cd8b220,{'subject': 'c:\program files\windowsapps\91750d7e.slack_4.38.115.0_x64__8she8kybcnzg4\app\slack.exe'},3190041
c36f4d62-6ba6-809e-928e-71d7bc32b436,{'subject': 'c:\program files\windowsapps\91750d7e.slack_4.38.115.0_x64__8she8kybcnzg4\app\slack.exe'},3190061
9bcc139f-70bc-8a08-9ae8-7c888b73fce0,{'subject': 'c:\program files\windowsapps\91750d7e.slack_4.38.115.0_x64__8she8kybcnzg4\app\slack.exe'},3190070
c2928b2f-fbec-818f-9d5a-2d6b02fcceff,{'subject': 'c:\program files\windowsapps\91750d7e.slack_4.38.115.0_x64__8she8kybcnzg4\app\slack.exe'},3190096
0a837bef-be40-8a94-80f8-7b6e26425a87,{'subject': 'c:\program files\windowsapps\91750d7e.slack_4.38.115.0_x64__8she8kybcnzg4\app\slack.exe'},3190137
2a07193c-792b-84b6-bae7-a082dea31239,{'subject': 'c:\program files\windowsapps\91750d7e.slack_4.38.115.0_x64__8she8kybcnzg4\app\slack.exe'},3190147
bb114b3b-4096-88c2-92e4-fb867fc06ed0,{'subject': 'c:\program files\windowsapps\91750d7e.slack_4.38.115.0_x64__8she8kybcnzg4\app\slack.exe'},3190240
69187c12-b5de-80d7-b028-9dfbccd5b4a9,{'subject': 'c:\program files\windowsapps\91750d7e.slack_4.38.115.0_x64__8she8kybcnzg4\app\slack.exe'},3190309
bd78cb40-b244-857d-9f73-cd301d896741,{'subject': 'c:\program files\windowsapps\microsoft.outlookforwindows_1.2024.424.300_x64__8wekyb3d8bbwe\olk.exe'},3191500
89ea4e91-6dfe-8cf3-b508-05f4de3f8a81,{'subject': 'c:\program files\windowsapps\microsoft.outlookforwindows_1.2024.424.300_x64__8wekyb3d8bbwe\olk.exe'},3191513
197caa09-a562-8ea7-a972-090d3788740c,{'subject': 'c:\program files (x86)\microsoft\edgewebview\application\124.0.2478.67\msedgewebview2.exe'},3191557
4483f4e7-c0a3-8874-8cc4-ffe57ad92f59,{'subject': 'c:\program files\windowsapps\microsoft.outlookforwindows_1.2024.424.300_x64__8wekyb3d8bbwe\xpdagent.exe'},3219495
d87efa25-88b5-8f7f-b5f6-657e9a5f74f7,{'subject': 'c:\program files (x86)\microsoft\edgewebview\application\124.0.2478.67\msedgewebview2.exe'},3191558
2fdb671e-c6aa-8ed9-8eb7-6d89bef99f4e,{'subject': 'c:\program files (x86)\microsoft\edgewebview\application\124.0.2478.67\msedgewebview2.exe'},3191562
ee6a734e-77e5-8337-ac94-95eef18f3796,{'subject': 'c:\program files (x86)\microsoft\edgewebview\application\124.0.2478.67\msedgewebview2.exe'},3191576
d4932764-3226-84a7-90a7-470c70abbbab,{'subject': 'c:\program files (x86)\microsoft\edgewebview\application\124.0.2478.67\msedgewebview2.exe'},3191581
fb85389d-fa2b-8f6e-b346-b18a61ddb7e0,{'subject': 'c:\program files (x86)\microsoft\edgewebview\application\124.0.2478.67\msedgewebview2.exe'},3191629
53b4bd6b-865c-8e34-8fc3-0590eac8bbbd,{'subject': 'c:\program files (x86)\microsoft\edgewebview\application\124.0.2478.67\msedgewebview2.exe'},3191696
89629a3d-ffd4-8d9f-89cf-95cbefd8d227,{'subject': 'c:\program files (x86)\microsoft\edgewebview\application\124.0.2478.67\msedgewebview2.exe'},3191873
1fcb4b57-f989-87bd-a719-eb0a67a9d7a2,{'subject': 'c:\program files\windowsapps\microsoft.windowscommunicationsapps_16005.14326.21888.0_x64__8wekyb3d8bbwe\hxcalendarappimm.exe'},3191985
f8436377-33c8-8324-a378-eb1f883da7ba,{'subject': 'c:\program files (x86)\microsoft\edgewebview\application\124.0.2478.67\msedgewebview2.exe'},3193174
4b6078bf-28c1-86b7-8858-cc35b529b520,{'subject': 'c:\program files (x86)\microsoft\edgewebview\application\124.0.2478.67\msedgewebview2.exe'},3193180
1c193c47-c828-8b19-b915-927facd43a7a,{'subject': 'c:\program files\windowsapps\microsoft.outlookforwindows_1.2024.424.300_x64__8wekyb3d8bbwe\olk.exe'},3193183
8c7698d1-e1e7-8dc7-b297-dbefe400123a,{'subject': 'c:\program files\windowsapps\microsoft.outlookforwindows_1.2024.424.300_x64__8wekyb3d8bbwe\olk.exe'},3193470
4ce71405-9e7e-8b98-8542-799a00e0c99e,{'subject': 'c:\program files\windowsapps\microsoft.outlookforwindows_1.2024.424.300_x64__8wekyb3d8bbwe\olk.exe'},3193471
1a4da60a-9f20-8dca-92ef-9548f76f33b8,{'subject': 'c:\program files (x86)\microsoft\edgewebview\application\124.0.2478.67\msedgewebview2.exe'},3193480
efff73b1-93c9-8432-b344-5e553ffa97f3,{'subject': 'c:\program files (x86)\microsoft\edgewebview\application\124.0.2478.67\msedgewebview2.exe'},3193481
b422ff9f-4825-8e5b-9391-36766ae92281,{'subject': 'c:\program files (x86)\microsoft\edgewebview\application\124.0.2478.67\msedgewebview2.exe'},3193485
36821a87-27d6-80d1-8d39-b30a59e3aa8b,{'subject': 'c:\program files (x86)\microsoft\edgewebview\application\124.0.2478.67\msedgewebview2.exe'},3193500
9ec2d7be-af23-82d9-996b-956d4561297b,{'subject': 'c:\program files (x86)\microsoft\edgewebview\application\124.0.2478.67\msedgewebview2.exe'},3193503
c8201e3f-08b1-8a0a-8fa6-ad8d5ce98805,{'subject': 'c:\program files (x86)\microsoft\edgewebview\application\124.0.2478.67\msedgewebview2.exe'},3193589
5cd4efc4-cbfd-885b-90a8-f34fc38854f2,{'subject': 'c:\program files (x86)\microsoft\edgewebview\application\124.0.2478.67\msedgewebview2.exe'},3193690
0109023a-9f0f-8f5e-8562-bf9858b6c480,{'subject': 'c:\program files (x86)\microsoft\edgewebview\application\124.0.2478.67\msedgewebview2.exe'},3193842
5e29c4d9-fc18-8a2b-afb6-54735dfea53a,{'subject': 'c:\program files (x86)\microsoft\edgewebview\application\124.0.2478.67\msedgewebview2.exe'},3219505
1683dcee-66b0-8bc7-8518-a5963e075fc6,{'subject': 'c:\program files (x86)\microsoft\edgewebview\application\124.0.2478.67\msedgewebview2.exe'},3194415
ae9f55aa-cb85-8044-a6b9-4e0f888ebed5,{'subject': 'c:\program files\windowsapps\91750d7e.slack_4.38.115.0_x64__8she8kybcnzg4\app\slack.exe'},3196018
2dacee7f-49d0-8d80-b988-ee55da0946ec,{'subject': 'c:\users\obviouswombat.pangolin\appdata\local\microsoft\onedrive\24.076.0414.0005\microsoft.sharepoint.exe'},3196093
305ac57c-278d-8cc5-afbf-6b3dc57d2b46,{'subject': 'c:\program files\windowsapps\microsoft.outlookforwindows_1.2024.424.300_x64__8wekyb3d8bbwe\xpdagent.exe'},3196634
77b218bf-0f54-83f1-9a10-ff8f63806f99,{'subject': 'c:\program files (x86)\microsoft\edgewebview\application\124.0.2478.67\msedgewebview2.exe'},3196639
8d4f3a9a-2926-84e1-ac2b-c9a644246720,{'subject': 'c:\program files\windowsapps\microsoft.outlookforwindows_1.2024.424.300_x64__8wekyb3d8bbwe\xpdagent.exe'},3196657
b24229f5-0f78-82b5-8386-c74a07aabd85,{'subject': 'c:\program files\windowsapps\microsoft.outlookforwindows_1.2024.424.300_x64__8wekyb3d8bbwe\xpdagent.exe'},3196658
f9ecf662-ef40-8436-8cc0-1718a4fd1dbd,{'subject': 'c:\program files\windowsapps\microsoft.outlookforwindows_1.2024.424.300_x64__8wekyb3d8bbwe\xpdagent.exe'},3196673
43690ddb-40db-8703-b38b-4426037c6ba4,{'subject': 'c:\users\obviouswombat.pangolin\appdata\local\microsoft\onedrive\24.076.0414.0005\filecoauth.exe'},3199285
82949cf8-a0d6-8c47-ae47-614aec450b4e,{'subject': 'c:\program files (x86)\microsoft\edgewebview\application\124.0.2478.67\msedgewebview2.exe'},3204587
0fb61c83-38ea-8303-b7b6-3c67720993b9,{'subject': 'c:\program files (x86)\microsoft\edgewebview\application\124.0.2478.67\msedgewebview2.exe'},3204673
5811b713-5299-820b-a491-4a48e2f4feda,{'subject': 'c:\program files (x86)\microsoft\edgeupdate\download\{56eb18f8-b008-4cbd-b6d2-8c97fe7e9062}\124.0.2478.80\microsoftedge_x64_124.0.2478.80_124.0.2478.67.exe'},3205082
fee679e9-7872-83ea-96e8-7305318170e4,{'subject': 'c:\program files (x86)\microsoft\edgeupdate\install\{0f7598b0-7258-4a75-b383-899a90e6784d}\edgemitmp_4dd47.tmp\setup.exe'},3205088
a19cec6b-fec0-823f-8851-f9f9bfeb4997,{'subject': 'c:\program files (x86)\microsoft\edgeupdate\install\{0f7598b0-7258-4a75-b383-899a90e6784d}\edgemitmp_4dd47.tmp\setup.exe'},3205090
67461fcf-c50f-8303-8e97-d541c07891c0,{'subject': 'c:\program files (x86)\microsoft\edgeupdate\install\{0f7598b0-7258-4a75-b383-899a90e6784d}\edgemitmp_4dd47.tmp\setup.exe'},3206007
340e7755-8fca-802e-8ea6-e70cfaa46755,{'subject': 'c:\program files (x86)\microsoft\edgeupdate\install\{0f7598b0-7258-4a75-b383-899a90e6784d}\edgemitmp_4dd47.tmp\setup.exe'},3206008
a771b566-652a-8b5b-b614-97985bc90e21,{'subject': 'c:\program files (x86)\microsoft\edgeupdate\install\{0f7598b0-7258-4a75-b383-899a90e6784d}\edgemitmp_4dd47.tmp\setup.exe'},3206014
06d99bd2-1704-88b0-8412-d2495c2c8476,{'subject': 'c:\program files (x86)\microsoft\edgeupdate\install\{0f7598b0-7258-4a75-b383-899a90e6784d}\edgemitmp_4dd47.tmp\setup.exe'},3206018
e00cd40d-af14-8984-9854-b0887c2dda54,{'subject': 'c:\program files\windowsapps\microsoft.outlookforwindows_1.2024.424.300_x64__8wekyb3d8bbwe\olk.exe'},3206960
b8177f56-cccd-8198-b481-7431f9bfba59,{'subject': 'c:\program files\windowsapps\microsoft.outlookforwindows_1.2024.424.300_x64__8wekyb3d8bbwe\olk.exe'},3206961
06e19038-619c-8384-b60d-9cb6fea52aec,{'subject': 'c:\program files (x86)\microsoft\edgewebview\application\124.0.2478.67\msedgewebview2.exe'},3206970
03f88a33-3d9f-86b3-a17f-f7c821101678,{'subject': 'c:\program files (x86)\microsoft\edgewebview\application\124.0.2478.67\msedgewebview2.exe'},3206971
eb393707-fb19-8a42-b7c5-8cc3b1222bd2,{'subject': 'c:\program files (x86)\microsoft\edgewebview\application\124.0.2478.67\msedgewebview2.exe'},3206975
46c9b458-5ca7-8063-8b77-dd9e919238de,{'subject': 'c:\program files (x86)\microsoft\edgewebview\application\124.0.2478.67\msedgewebview2.exe'},3206989
d3829366-c695-8daa-8461-98477bf5f692,{'subject': 'c:\program files (x86)\microsoft\edgewebview\application\124.0.2478.67\msedgewebview2.exe'},3206994
aea718cc-cbfe-8966-87c0-d1c08292f163,{'subject': 'c:\program files (x86)\microsoft\edgewebview\application\124.0.2478.67\msedgewebview2.exe'},3207068
0c4d65d1-68e3-820f-9a27-97e32d9e46b2,{'subject': 'c:\program files (x86)\microsoft\edgewebview\application\124.0.2478.67\msedgewebview2.exe'},3207179
33998196-ae4b-8f2d-b968-9b7dd5ec91f1,{'subject': 'c:\program files (x86)\microsoft\edgewebview\application\124.0.2478.67\msedgewebview2.exe'},3207342
1f330748-c7df-8e5a-9177-4415fe80ffd8,{'subject': 'c:\program files (x86)\microsoft\edgewebview\application\124.0.2478.67\msedgewebview2.exe'},3207925
4bb02095-dc66-8d1d-bc76-8669536d97a9,{'subject': 'c:\program files\windowsapps\microsoft.outlookforwindows_1.2024.424.300_x64__8wekyb3d8bbwe\xpdagent.exe'},3208622
c70f128c-1d60-853a-956c-435fedf269f8,{'subject': 'c:\program files (x86)\microsoft\edgewebview\application\124.0.2478.67\msedgewebview2.exe'},3208627
a4289d4f-4e25-8d5a-81aa-cc73c5fc40f5,{'subject': 'c:\program files\windowsapps\microsoft.outlookforwindows_1.2024.424.300_x64__8wekyb3d8bbwe\xpdagent.exe'},3208646
ae397f52-a056-8b7f-ab6f-b433ce3a676f,{'subject': 'c:\program files\windowsapps\microsoft.outlookforwindows_1.2024.424.300_x64__8wekyb3d8bbwe\xpdagent.exe'},3208661
b240cdbb-d109-8727-af71-6538c9c9a475,{'subject': 'c:\program files\windowsapps\microsoft.outlookforwindows_1.2024.424.300_x64__8wekyb3d8bbwe\xpdagent.exe'},3208665
5b670a31-0909-8206-95a7-cf7731c24060,{'subject': 'c:\program files (x86)\google\googleupdater\126.0.6441.0\updater.exe'},3209847
84f136b1-7070-8ee2-9a47-a9ffdb3117aa,{'subject': 'c:\program files (x86)\google\googleupdater\126.0.6441.0\updater.exe'},3209848
248ce06e-b100-8c1b-913d-61907157f812,{'subject': 'c:\program files (x86)\google\googleupdater\126.0.6441.0\updater.exe'},3209861
94ed9d85-89ce-8013-9daa-e1a873af13bb,{'subject': 'c:\program files (x86)\google\googleupdater\126.0.6441.0\updater.exe'},3209862
85b89407-278f-84c4-8473-643820905fd3,{'subject': 'c:\program files (x86)\google\googleupdater\126.0.6441.0\updater.exe'},3209882
d3118584-27dd-882c-b436-8ecf0074e92b,{'subject': 'c:\program files (x86)\google\googleupdater\126.0.6441.0\updater.exe'},3209883
e0657d27-0ef8-841e-a1f2-7bec5244efe4,{'subject': 'c:\program files (x86)\google\googleupdater\126.0.6441.0\updater.exe'},3209884
c38381c3-140c-83c8-bd7e-beb7cc5cd9c3,{'subject': 'c:\program files (x86)\google\googleupdater\126.0.6441.0\updater.exe'},3210415
92498851-f035-811a-978d-93d6f2f5b5a4,{'subject': 'c:\program files (x86)\google\googleupdater\126.0.6441.0\updater.exe'},3210511
62d92703-5516-8250-a99c-285bd3a8a583,{'subject': 'c:\program files (x86)\google\googleupdater\126.0.6441.0\updater.exe'},3211001
aef2a79b-2cfd-8656-9ed1-234f8a18faf0,{'subject': 'c:\program files (x86)\google\googleupdater\126.0.6441.0\updater.exe'},3211078
8d4f6e1e-4b0d-81c8-8ea2-7a1d81b1f6e6,{'subject': 'c:\program files\windowsapps\microsoft.outlookforwindows_1.2024.424.300_x64__8wekyb3d8bbwe\olk.exe'},3215375
5e154184-2705-87dc-bf01-585cfa03194d,{'subject': 'c:\program files\windowsapps\microsoft.outlookforwindows_1.2024.424.300_x64__8wekyb3d8bbwe\olk.exe'},3215382
451072b9-8641-81a7-a371-f7c4f98fb55c,{'subject': 'c:\program files (x86)\microsoft\edgewebview\application\124.0.2478.67\msedgewebview2.exe'},3215395
9ed02207-f920-8365-9b14-2ce880a0bc73,{'subject': 'c:\program files (x86)\microsoft\edgewebview\application\124.0.2478.67\msedgewebview2.exe'},3215396
abee666e-ef7b-85ca-a6e3-8ff5ef2350fa,{'subject': 'c:\program files (x86)\microsoft\edgewebview\application\124.0.2478.67\msedgewebview2.exe'},3215400
be77dbb7-e284-83e6-a5cd-83adecf3177f,{'subject': 'c:\program files (x86)\microsoft\edgewebview\application\124.0.2478.67\msedgewebview2.exe'},3215411
d15de64c-993f-8861-b6bb-8ba199ad6c2f,{'subject': 'c:\program files (x86)\microsoft\edgewebview\application\124.0.2478.67\msedgewebview2.exe'},3215416
33ec5de6-ed0a-8f79-8d9c-8a9ea31af3b3,{'subject': 'c:\program files (x86)\microsoft\edgewebview\application\124.0.2478.67\msedgewebview2.exe'},3215448
ea1897e7-f653-87b7-85d6-a2366dc0af18,{'subject': 'c:\program files (x86)\microsoft\edgewebview\application\124.0.2478.67\msedgewebview2.exe'},3215522
0b852314-d6d2-876f-9c62-c8e7edadbf40,{'subject': 'c:\program files (x86)\microsoft\edgewebview\application\124.0.2478.67\msedgewebview2.exe'},3215715
d7bb8e47-7312-8eba-ba2e-e2316194a61c,{'subject': 'c:\program files (x86)\microsoft\edgewebview\application\124.0.2478.67\msedgewebview2.exe'},3217282
b5f77f32-3144-8d07-a950-ef8f2dcd98b1,{'subject': 'c:\program files (x86)\microsoft\edgewebview\application\124.0.2478.67\msedgewebview2.exe'},3217334
463fa99d-2888-8ea1-a47d-669154c16486,{'subject': 'c:\program files\windowsapps\microsoft.outlookforwindows_1.2024.424.300_x64__8wekyb3d8bbwe\xpdagent.exe'},3219590
81cf5bb5-415a-8339-b46c-a8fa846e2894,{'subject': 'c:\program files\windowsapps\microsoft.outlookforwindows_1.2024.424.300_x64__8wekyb3d8bbwe\xpdagent.exe'},3219591
6fbf54eb-585b-85a5-9591-d0077f20146f,{'subject': 'c:\program files\windowsapps\microsoft.outlookforwindows_1.2024.424.300_x64__8wekyb3d8bbwe\xpdagent.exe'},3219636
829283ad-222e-8a88-b623-20c9cd61fabe,{'subject': 'c:\program files\windowsapps\microsoft.outlookforwindows_1.2024.424.300_x64__8wekyb3d8bbwe\xpdagent.exe'},3220193
a3ac5c26-2962-8401-810e-3be37acbbdd3,{'subject': 'c:\program files\windowsapps\microsoft.outlookforwindows_1.2024.424.300_x64__8wekyb3d8bbwe\xpdagent.exe'},3220622
16cb270a-1674-824a-b1eb-5fc482b9b0ea,{'subject': 'c:\windows\system32\printfilterpipelinesvc.exe'},3223084
0f4cf53e-1732-8f28-a09d-f6cf4c6c608c,{'subject': 'c:\program files\windowsapps\91750d7e.slack_4.38.115.0_x64__8she8kybcnzg4\app\slack.exe'},3223557
75aa0f7d-cbd9-83e7-a6f2-b6c2b1cc2100,{'subject': 'c:\program files (x86)\google\googleupdater\126.0.6441.0\updater.exe'},3226493
1ed47a92-122a-81c5-80a6-b7ab5b73b593,{'subject': 'c:\program files (x86)\google\googleupdater\126.0.6441.0\updater.exe'},3226496
21e8a4fb-abf8-8eca-be41-03c8171f65a3,{'subject': 'c:\program files (x86)\google\googleupdater\126.0.6441.0\updater.exe'},3226500
6a71b658-42db-8366-8271-d0fa62f6ba05,{'subject': 'c:\program files (x86)\google\googleupdater\126.0.6441.0\updater.exe'},3226502
d93dc759-ac55-8045-9a28-380001bafc99,{'subject': 'c:\program files (x86)\google\googleupdater\126.0.6441.0\updater.exe'},3226506
00cf92e3-9b04-807b-993e-7890c1fd3eb6,{'subject': 'c:\program files (x86)\google\googleupdater\126.0.6441.0\updater.exe'},3226508
a4440e2c-275c-819d-8195-d438e78bd328,{'subject': 'c:\program files (x86)\google\googleupdater\126.0.6441.0\updater.exe'},3226514
a30e2862-de4c-8252-9380-0f6917494849,{'subject': 'c:\program files (x86)\google\googleupdater\126.0.6441.0\updater.exe'},3226519
cdeadb7a-4039-8cea-b9cf-e8b26bfe4b1c,{'subject': 'c:\program files (x86)\google\googleupdater\126.0.6441.0\updater.exe'},3226520
f4b4ff17-37c1-8fce-baf2-12b6b6166c2c,{'subject': 'c:\program files (x86)\microsoft\edgewebview\application\124.0.2478.67\msedgewebview2.exe'},3229805
58aee065-c15c-8c82-9cc3-4bf6d05780e0,{'subject': 'c:\program files (x86)\microsoft\edgeupdate\download\{56eb18f8-b008-4cbd-b6d2-8c97fe7e9062}\124.0.2478.80\microsoftedge_x64_124.0.2478.80_124.0.2478.67.exe'},3230013
a3c74390-768e-860b-ad6c-c0149620a266,{'subject': 'c:\program files (x86)\microsoft\edgeupdate\install\{d5c40fc4-a227-40fe-894e-7d15c504d50b}\edgemitmp_2b34a.tmp\setup.exe'},3230019
0729fd73-0a20-8568-8ff2-c294f560245c,{'subject': 'c:\program files (x86)\microsoft\edgeupdate\install\{d5c40fc4-a227-40fe-894e-7d15c504d50b}\edgemitmp_2b34a.tmp\setup.exe'},3230022
279896ba-a959-830f-803d-3605d6f69100,{'subject': 'c:\program files (x86)\microsoft\edgeupdate\install\{d5c40fc4-a227-40fe-894e-7d15c504d50b}\edgemitmp_2b34a.tmp\setup.exe'},3230990
bead5de2-74a4-8cdb-9a06-91a170730429,{'subject': 'c:\program files (x86)\microsoft\edgeupdate\install\{d5c40fc4-a227-40fe-894e-7d15c504d50b}\edgemitmp_2b34a.tmp\setup.exe'},3230992
7e54f9ac-4adb-89fa-8745-9a6bfb6aa1b0,{'subject': 'c:\program files (x86)\microsoft\edgeupdate\install\{d5c40fc4-a227-40fe-894e-7d15c504d50b}\edgemitmp_2b34a.tmp\setup.exe'},3230997
79a8eb45-3cd0-86d5-9dd2-28a1cb31bd5b,{'subject': 'c:\program files (x86)\google\googleupdater\126.0.6441.0\updater.exe'},3249639
99aa0400-6a97-8185-b500-24873aef0195,{'subject': 'c:\program files (x86)\microsoft\edgeupdate\install\{d5c40fc4-a227-40fe-894e-7d15c504d50b}\edgemitmp_2b34a.tmp\setup.exe'},3231003
542ebb96-041a-8faf-a45e-26a39900b40b,{'subject': 'c:\users\efficientgoldfinch\appdata\local\temp\4ddcedd7-e366-4cdb-91e9-c7c4782fbc61\dismhost.exe'},3232153
b3542d88-bac7-8518-9147-a774669fb205,{'subject': 'c:\program files (x86)\google\googleupdater\126.0.6441.0\updater.exe'},3249644
b66309b8-0739-8d45-a224-ce560ace87ff,{'subject': 'c:\users\efficientgoldfinch\appdata\roaming\transbaseodbcdriver\smrs.exe'},3238032
bcf8d7f8-7ded-883e-acd0-2fa22a19e472,{'subject': 'c:\users\efficientgoldfinch\appdata\roaming\transbaseodbcdriver\smrs.exe'},3238043
82baf95c-bb3d-80fe-99a7-1bf26a411c03,{'subject': 'c:\users\efficientgoldfinch\appdata\roaming\transbaseodbcdriver\smrs.exe'},3238048
a712514b-09cc-8513-829e-1142f24be23c,{'subject': 'c:\users\efficientgoldfinch\appdata\roaming\transbaseodbcdriver\smrs.exe'},3238054
56664476-251b-8ebe-bfaa-13ecc629120c,{'subject': 'c:\users\efficientgoldfinch\appdata\roaming\transbaseodbcdriver\smrs.exe'},3238063
b6db53d0-2c4b-821f-b7f5-06139d8a0ed9,{'subject': 'c:\users\efficientgoldfinch\appdata\roaming\transbaseodbcdriver\smrs.exe'},3238165
42f10d52-cdcd-80b8-82fb-bf5736d09d94,{'subject': 'c:\program files (x86)\google\googleupdater\126.0.6441.0\updater.exe'},3238565
396a20e7-af1a-8161-bb2a-f84d70f48198,{'subject': 'c:\program files (x86)\google\googleupdater\126.0.6441.0\updater.exe'},3238568
14ba1add-1baa-8675-894d-c5abc690aa0b,{'subject': 'c:\program files (x86)\google\googleupdater\126.0.6441.0\updater.exe'},3238571
017256eb-39c0-88d1-b1fb-fee13a6f8bf1,{'subject': 'c:\program files (x86)\google\googleupdater\126.0.6441.0\updater.exe'},3238573
8fbce36a-f48e-8084-88cc-ded7839ed5b3,{'subject': 'c:\program files (x86)\google\googleupdater\126.0.6441.0\updater.exe'},3238574
9e9c09a1-9942-8009-89e6-1860b0bfa3ae,{'subject': 'c:\program files (x86)\google\googleupdater\126.0.6441.0\updater.exe'},3238576
5d41eab5-0213-8453-97ec-30b5287ab7e2,{'subject': 'c:\program files (x86)\google\googleupdater\126.0.6441.0\updater.exe'},3238579
23d7b704-0803-8b2c-8116-261146fb6d02,{'subject': 'c:\program files (x86)\google\googleupdater\126.0.6441.0\updater.exe'},3238591
ba9d23e5-811c-8de3-a7b6-20420174ec37,{'subject': 'c:\program files (x86)\google\googleupdater\126.0.6441.0\updater.exe'},3238592
2ccd1756-7bba-8e02-9e84-fc8b8c542345,{'subject': 'c:\program files\windowsapps\91750d7e.slack_4.38.115.0_x64__8she8kybcnzg4\app\slack.exe'},3241510
5f521478-6237-8ee2-b749-2c102f4b512d,{'subject': 'c:\program files\windowsapps\91750d7e.slack_4.38.115.0_x64__8she8kybcnzg4\app\slack.exe'},3241511
68391bc5-6efc-8b4f-aabe-8af1786c8992,{'subject': 'c:\program files\windowsapps\91750d7e.slack_4.38.115.0_x64__8she8kybcnzg4\app\slack.exe'},3242545
a52194a2-66fd-8e1b-bc9a-d23a76429d7a,{'subject': 'c:\program files\windowsapps\microsoft.outlookforwindows_1.2024.424.300_x64__8wekyb3d8bbwe\olk.exe'},3242910
fd04eaeb-930c-86c8-a5bd-26eb35895468,{'subject': 'c:\program files (x86)\microsoft\edgewebview\application\124.0.2478.67\msedgewebview2.exe'},3242911
6933c277-d7ff-842e-a2e7-0f0dd3b7d6ce,{'subject': 'c:\program files\windowsapps\microsoft.outlookforwindows_1.2024.424.300_x64__8wekyb3d8bbwe\olk.exe'},3242912
0d8fc996-e1ef-8a1c-bf80-c8b8abc1c7bd,{'subject': 'c:\program files (x86)\microsoft\edgewebview\application\124.0.2478.67\msedgewebview2.exe'},3242927
3448f997-0649-8073-bbc1-2ed1bde95068,{'subject': 'c:\program files (x86)\microsoft\edgewebview\application\124.0.2478.67\msedgewebview2.exe'},3242932
178b13fb-9f3c-8e9e-86f1-a9c110aa5168,{'subject': 'c:\program files (x86)\microsoft\edgewebview\application\124.0.2478.67\msedgewebview2.exe'},3242933
22f7ad3c-3b13-8737-aac1-98ea670382f7,{'subject': 'c:\program files (x86)\microsoft\edgewebview\application\124.0.2478.67\msedgewebview2.exe'},3242937
c7f715fb-f79d-8f48-b1f4-112c682e0efc,{'subject': 'c:\program files (x86)\microsoft\edgewebview\application\124.0.2478.67\msedgewebview2.exe'},3242950
76b0538b-eb10-8f6d-8d31-cf992b6df32b,{'subject': 'c:\program files (x86)\microsoft\edgewebview\application\124.0.2478.67\msedgewebview2.exe'},3242953
3e0e051e-4907-8b8f-bcf6-aae7d21f0aee,{'subject': 'c:\program files (x86)\microsoft\edgewebview\application\124.0.2478.67\msedgewebview2.exe'},3243022
1f59f471-bc11-89c8-9429-3fe8c9382b79,{'subject': 'c:\program files (x86)\microsoft\edgewebview\application\124.0.2478.67\msedgewebview2.exe'},3243186
37018dfe-7b9d-8077-be4b-fbc2111f06e8,{'subject': 'c:\program files (x86)\microsoft\edgewebview\application\124.0.2478.67\msedgewebview2.exe'},3243421
87767501-d66b-8324-85cb-401cbe6d8ff3,{'subject': 'c:\program files (x86)\microsoft\edgewebview\application\124.0.2478.67\msedgewebview2.exe'},3244271
9b4725b0-eca6-8181-9426-a114b0968f0a,{'subject': 'c:\program files (x86)\microsoft\edgewebview\application\124.0.2478.67\msedgewebview2.exe'},3244401
2a8afd29-3824-85d8-9b40-8fd29857fbf2,{'subject': 'c:\program files\windowsapps\microsoft.outlookforwindows_1.2024.424.300_x64__8wekyb3d8bbwe\xpdagent.exe'},3245173
b9d3f934-cbe4-82a5-88c2-d939c43e86d0,{'subject': 'c:\program files (x86)\microsoft\edgewebview\application\124.0.2478.67\msedgewebview2.exe'},3245178
653d2c2a-f13b-87c8-be6e-1056cd5123ad,{'subject': 'c:\program files\windowsapps\microsoft.outlookforwindows_1.2024.424.300_x64__8wekyb3d8bbwe\xpdagent.exe'},3245197
20dacca7-a0eb-81c7-809e-f4076be4f144,{'subject': 'c:\program files\windowsapps\microsoft.outlookforwindows_1.2024.424.300_x64__8wekyb3d8bbwe\xpdagent.exe'},3245213
eeafa3e7-4e75-8326-abe4-0590ff2470ce,{'subject': 'c:\program files\windowsapps\microsoft.outlookforwindows_1.2024.424.300_x64__8wekyb3d8bbwe\xpdagent.exe'},3245231
f64a3f11-a5a4-871f-8509-5b58ce882ab5,{'subject': 'c:\program files (x86)\google\googleupdater\126.0.6441.0\updater.exe'},3245325
9f377c8b-5526-8553-a206-58e3a5e19592,{'subject': 'c:\program files (x86)\google\googleupdater\126.0.6441.0\updater.exe'},3245329
01ce077d-9238-82da-9335-844e12c841fa,{'subject': 'c:\program files (x86)\google\googleupdater\126.0.6441.0\updater.exe'},3245334
87e8d857-897d-85a2-ab9f-f1828cdc3831,{'subject': 'c:\program files (x86)\google\googleupdater\126.0.6441.0\updater.exe'},3245336
14e9f80d-38b9-8a77-bc87-229d97451011,{'subject': 'c:\program files (x86)\google\googleupdater\126.0.6441.0\updater.exe'},3245341
182eea31-2fa4-83c7-bbb9-b4f0f7f44075,{'subject': 'c:\program files (x86)\google\googleupdater\126.0.6441.0\updater.exe'},3245342
d2b71c10-c0c1-8c1d-88f5-7a54c9d4edd7,{'subject': 'c:\program files (x86)\google\googleupdater\126.0.6441.0\updater.exe'},3245347
da0131fd-012d-8342-9906-d978b5e30136,{'subject': 'c:\program files (x86)\google\googleupdater\126.0.6441.0\updater.exe'},3245433
d93a91e1-fb39-84c4-b47d-ec31add2f07e,{'subject': 'c:\program files (x86)\google\googleupdater\126.0.6441.0\updater.exe'},3245434
131e8040-1109-8301-8ecb-7ecdab7a2fb3,{'subject': 'c:\program files\windowsapps\microsoft.outlookforwindows_1.2024.424.300_x64__8wekyb3d8bbwe\olk.exe'},3246099
019a2ed3-83eb-8c57-b2d7-30bb65ceda4a,{'subject': 'c:\program files\windowsapps\microsoft.outlookforwindows_1.2024.424.300_x64__8wekyb3d8bbwe\olk.exe'},3246100
c152793a-17a7-8cbd-894f-37c5683afe34,{'subject': 'c:\program files (x86)\microsoft\edgewebview\application\124.0.2478.67\msedgewebview2.exe'},3246106
ecd59009-a3ec-8c84-b732-dec1fa39b27b,{'subject': 'c:\program files (x86)\microsoft\edgewebview\application\124.0.2478.67\msedgewebview2.exe'},3246140
4b73efc1-3463-8833-a2e8-fc6c1fd3b9e6,{'subject': 'c:\program files (x86)\microsoft\edgewebview\application\124.0.2478.67\msedgewebview2.exe'},3246156
651517cf-9da2-822c-bc51-34ed4d88bb4c,{'subject': 'c:\users\obviouswombat.pangolin\appdata\local\temp\232f256f-f8f6-4418-8f51-4c4c18869367\dismhost.exe'},3246535
76c14bbf-169e-8d38-916b-6bbae6fd9643,{'subject': 'c:\program files (x86)\google\googleupdater\126.0.6441.0\updater.exe'},3249648
b98feaba-0b28-85b3-9f30-13ceba8812f7,{'subject': 'c:\program files (x86)\google\googleupdater\126.0.6441.0\updater.exe'},3249651
d01470b9-9c1e-8132-bcf0-3e765054afd3,{'subject': 'c:\program files (x86)\google\googleupdater\126.0.6441.0\updater.exe'},3249655
f92c3f37-92d4-8f4e-8370-949058744c9b,{'subject': 'c:\program files (x86)\google\googleupdater\126.0.6441.0\updater.exe'},3249657
2f18b6ea-c2a4-8b79-bf7a-a5d1b91d4e54,{'subject': 'c:\program files (x86)\google\googleupdater\126.0.6441.0\updater.exe'},3249661
49ee9cb9-072e-8e82-8f30-5efabf773eee,{'subject': 'c:\program files (x86)\google\googleupdater\126.0.6441.0\updater.exe'},3249672
e579d2e4-8b26-8a05-95a2-9d0225d6b7b1,{'subject': 'c:\program files (x86)\google\googleupdater\126.0.6441.0\updater.exe'},3249673
eafc8108-67b3-8c88-8f27-c27238f1fe61,{'subject': 'c:\program files\windowsapps\microsoft.outlookforwindows_1.2024.424.300_x64__8wekyb3d8bbwe\xpdagent.exe'},3250776
c2c89448-1e6e-8be8-9a8f-56726e3357c1,{'subject': 'c:\program files\windowsapps\microsoft.outlookforwindows_1.2024.424.300_x64__8wekyb3d8bbwe\xpdagent.exe'},3250792
e4aaa650-4da3-8d64-8f03-3a74f9d20007,{'subject': 'c:\program files (x86)\google\googleupdater\126.0.6441.0\updater.exe'},3253960
e0345235-f973-819b-a681-e97e72692d36,{'subject': 'c:\program files (x86)\google\googleupdater\126.0.6441.0\updater.exe'},3253963
952fa23c-1413-891a-9629-e93238ddf108,{'subject': 'c:\program files (x86)\google\googleupdater\126.0.6441.0\updater.exe'},3253967
d4f61e6c-986e-8e7c-8061-095a89e31941,{'subject': 'c:\program files (x86)\google\googleupdater\126.0.6441.0\updater.exe'},3253970
a144dabb-4ad1-88e3-a7e6-be50f0284d5b,{'subject': 'c:\program files (x86)\google\googleupdater\126.0.6441.0\updater.exe'},3253972
63b953e1-c336-8643-b22e-d2335d0ea425,{'subject': 'c:\program files (x86)\google\googleupdater\126.0.6441.0\updater.exe'},3253973
8473fd4d-753e-8688-afa3-5b424f5d95f4,{'subject': 'c:\program files (x86)\google\googleupdater\126.0.6441.0\updater.exe'},3254025
0cf3ad10-dd4e-828c-ba22-cd07ec7b913f,{'subject': 'c:\program files (x86)\google\googleupdater\126.0.6441.0\updater.exe'},3254026
d5f8e87a-ecc1-813d-a0ec-0ab8dcda2c16,{'subject': 'c:\program files (x86)\google\googleupdater\126.0.6441.0\updater.exe'},3257396
c6a973df-935e-8653-b04d-73607113ca58,{'subject': 'c:\program files (x86)\google\googleupdater\126.0.6441.0\updater.exe'},3257399
8b66e4e2-ea5a-80fe-83b4-c1c741ec3ae1,{'subject': 'c:\program files (x86)\google\googleupdater\126.0.6441.0\updater.exe'},3257402
77742af0-11f3-8128-b57c-e12563e4172f,{'subject': 'c:\program files (x86)\google\googleupdater\126.0.6441.0\updater.exe'},3257404
934f4716-e32a-8c28-a1cb-ff0f0ba84441,{'subject': 'c:\program files (x86)\google\googleupdater\126.0.6441.0\updater.exe'},3257405
c24e09b4-3333-86b1-8bc4-1ca2581b284c,{'subject': 'c:\program files (x86)\google\googleupdater\126.0.6441.0\updater.exe'},3257407
dbb3bc5b-9cea-8a4c-8b0a-4a5610ed395f,{'subject': 'c:\program files (x86)\google\googleupdater\126.0.6441.0\updater.exe'},3257420
76ec2f7c-d8ec-8f4d-a6a3-238556ddf611,{'subject': 'c:\program files (x86)\google\googleupdater\126.0.6441.0\updater.exe'},3257425
1cf7b0cb-0e8d-83ff-9641-3fa45347ed04,{'subject': 'c:\program files (x86)\google\googleupdater\126.0.6441.0\updater.exe'},3257426
15c8d9b5-7548-89fc-9e06-ec80609e0ce4,{'subject': 'c:\program files (x86)\microsoft\edgecore\124.0.2478.80\elevation_service.exe'},3258550
384b7867-6681-8892-a5a7-64200e0544aa,{'subject': 'c:\program files (x86)\microsoft\edgecore\124.0.2478.80\installer\setup.exe'},3258551
1cf9a5f9-677f-8031-8dde-5246dad813ec,{'subject': 'c:\program files (x86)\microsoft\edgecore\124.0.2478.80\installer\setup.exe'},3258554
d96d97c5-cab5-8184-8f92-b12f5f7218e6,{'subject': 'c:\program files (x86)\microsoft\edgecore\124.0.2478.80\installer\setup.exe'},3258581
be7ba0ea-abb9-847b-ba6b-342bd6d6ea3f,{'subject': 'c:\program files (x86)\microsoft\edgecore\124.0.2478.80\installer\setup.exe'},3258582
5db29805-c45f-8d75-ad62-4c2972bfa3c4,{'subject': 'c:\program files (x86)\microsoft\edgecore\124.0.2478.80\installer\setup.exe'},3258586
10a60291-d575-85f8-8a60-f16aec8bcee1,{'subject': 'c:\program files (x86)\microsoft\edgecore\124.0.2478.80\installer\setup.exe'},3258587
22593c3a-1d58-8af5-9b14-17faafdb546f,{'subject': 'c:\program files (x86)\microsoft\edgecore\124.0.2478.80\installer\setup.exe'},3258588
241af2d5-2eb7-8069-9051-fb12abd8dd44,{'subject': 'c:\program files (x86)\microsoft\edgecore\124.0.2478.80\installer\setup.exe'},3258614
08a4bb56-0b47-8c7b-87b6-90c91c18749c,{'subject': 'c:\program files (x86)\microsoft\edgewebview\application\124.0.2478.67\msedgewebview2.exe'},3258631
f4cf9f54-b7db-8197-b588-539824492afa,{'subject': 'c:\program files (x86)\microsoft\edgecore\124.0.2478.80\elevation_service.exe'},3258792
88fec5a3-b8a2-8d93-a62e-9213f21a7266,{'subject': 'c:\program files (x86)\microsoft\edgecore\124.0.2478.80\identity_helper.exe'},3258803
0bd7c58e-6aa5-848c-beb7-5fce0dc4f2db,{'subject': 'c:\program files (x86)\microsoft\edgecore\124.0.2478.80\identity_helper.exe'},3258807
2e98e27c-2308-87ea-b928-bc60b0821eda,{'subject': 'c:\program files (x86)\microsoft\edgecore\124.0.2478.80\elevation_service.exe'},3259923
bfd01517-3d39-89f3-9b89-fe54d858dcf8,{'subject': 'c:\program files (x86)\microsoft\edgecore\124.0.2478.80\installer\setup.exe'},3259924
b915431c-d6f2-8609-a442-dc917b7d3be7,{'subject': 'c:\program files (x86)\microsoft\edgecore\124.0.2478.80\installer\setup.exe'},3259926
fd28f52e-556d-8dbc-b139-06e192e7a60b,{'subject': 'c:\program files (x86)\microsoft\edgecore\124.0.2478.80\installer\setup.exe'},3259954
d6545ad5-3cc9-8717-a7d1-8924e96a34ba,{'subject': 'c:\program files (x86)\microsoft\edgecore\124.0.2478.80\installer\setup.exe'},3259956
aaea7e51-65d2-85d8-b504-e9f38ade6e63,{'subject': 'c:\program files (x86)\microsoft\edgecore\124.0.2478.80\installer\setup.exe'},3259959
ef2b55d9-9b5c-8291-a992-88b4ad27dfa8,{'subject': 'c:\program files (x86)\microsoft\edgecore\124.0.2478.80\installer\setup.exe'},3259960
6344d297-bf7d-8566-bec7-5c2e3bfb535c,{'subject': 'c:\program files (x86)\microsoft\edgecore\124.0.2478.80\installer\setup.exe'},3259962
67fb2e64-0029-8a50-8ea4-4754b3be0e74,{'subject': 'c:\program files\windowsapps\microsoft.outlookforwindows_1.2024.424.300_x64__8wekyb3d8bbwe\olk.exe'},3260002
1662ba85-089f-818d-ae48-fc3320cd7c46,{'subject': 'c:\program files (x86)\microsoft\edgewebview\application\124.0.2478.67\msedgewebview2.exe'},3260008
f0f639b7-e91c-8137-9737-62c6ef54fa6c,{'subject': 'c:\windows\softwaredistribution\download\install\am_delta_patch_1.409.642.0.exe'},3260491
cb5677cd-8de9-8561-9445-ed5aba2fe6ee,{'subject': 'c:\windows\temp\7e180840-521a-4a68-8e77-12717131fa6c\dismhost.exe'},3260855
5aade6f1-c33c-814a-acc0-20ce15bdaa85,{'subject': 'c:\users\administrator\appdata\local\temp\c77d244e-ab24-4944-9151-978486397fcd\dismhost.exe'},3261041
9db7540e-bd7f-8aa8-bd62-d2f980ecd42c,{'subject': 'c:\windows\softwaredistribution\download\install\am_delta_patch_1.409.660.0.exe'},3264131
bbdf5f42-383e-8af0-b68e-fc05777dec6e,{'subject': 'c:\windows\temp\a4b04f99-fb93-4558-ad9b-2c01add276ec\dismhost.exe'},3264377
b519709c-3f29-8b31-a038-81e4990754d0,{'subject': 'c:\users\administrator\appdata\local\temp\9d4010ed-7ba5-43d6-91e4-865091e8e4fd\dismhost.exe'},3264681
3658fb6d-2d86-8892-89fe-dfb4b69dd4cf,{'subject': 'c:\windows\softwaredistribution\download\install\am_delta_patch_1.409.683.0.exe'},3267954
108e18f0-e1d0-8d64-babe-6a7baecf4950,{'subject': 'c:\windows\temp\97f19ea0-6d78-4251-b760-9b7bed2445ad\dismhost.exe'},3268243
08e5ae3c-b9fa-8ef6-af85-ad4f648428c7,{'subject': 'c:\users\administrator\appdata\local\temp\0974d155-3cd3-4a20-90e5-70fd3e413197\dismhost.exe'},3268485
9c4ac60f-8e00-8688-9346-872815e8f831,{'subject': 'c:\windows\temp\2be1b4fe-867e-4ae6-b094-95596f27f005mpcommu\mpam-d.exe'},3270405
8765f4b6-7bbe-8076-b7a6-7fa2d6ddbf70,{'subject': 'c:\windows\temp\5c46296b-bd02-4b9a-8bb6-def6c66aef1a\mpsigstub.exe'},3270406
4d299e62-1eee-814a-bc42-d617033fe06f,{'subject': 'c:\program files\windowsapps\microsoft.outlookforwindows_1.2024.424.300_x64__8wekyb3d8bbwe\olkpushnotificationbackgroundtask.exe'},3270964
d50278a8-c397-8228-88aa-d552f4fde825,{'subject': 'c:\program files\windowsapps\microsoft.outlookforwindows_1.2024.424.300_x64__8wekyb3d8bbwe\olkpushnotificationbackgroundtask.exe'},3270967
17291d4a-9ea5-880f-bf62-2548f24691e2,{'subject': 'c:\program files\windowsapps\microsoft.outlookforwindows_1.2024.424.300_x64__8wekyb3d8bbwe\olk.exe'},3271226
1ae81cf9-933a-8b6a-bc99-732cc3a4fea5,{'subject': 'c:\program files\windowsapps\microsoft.outlookforwindows_1.2024.424.300_x64__8wekyb3d8bbwe\olk.exe'},3271227
3f870d82-777b-80eb-a2e8-ddeb8584297c,{'subject': 'c:\program files (x86)\microsoft\edgewebview\application\124.0.2478.67\msedgewebview2.exe'},3271242
52ca1eb8-66ca-8d7e-a56f-f5aa42731a4a,{'subject': 'c:\program files (x86)\microsoft\edgewebview\application\124.0.2478.67\msedgewebview2.exe'},3271243
6c723ab3-62f0-8c2d-947b-80d28cfe00f8,{'subject': 'c:\program files (x86)\microsoft\edgewebview\application\124.0.2478.67\msedgewebview2.exe'},3271248
c20c93af-67cf-8e37-9277-83ea1af2cfb2,{'subject': 'c:\program files (x86)\microsoft\edgewebview\application\124.0.2478.67\msedgewebview2.exe'},3271434
508e65a6-25ae-8c87-ba0e-5334d67226a1,{'subject': 'c:\program files (x86)\microsoft\edgewebview\application\124.0.2478.67\msedgewebview2.exe'},3271438
25a8cecb-136b-88aa-9570-b6fc34be2b94,{'subject': 'c:\program files (x86)\microsoft\edgewebview\application\124.0.2478.67\msedgewebview2.exe'},3271498
a47d8db1-8a9d-88a8-94a2-35cafc4a224c,{'subject': 'c:\program files (x86)\microsoft\edgewebview\application\124.0.2478.67\msedgewebview2.exe'},3271586
8b229d74-6fc2-8f18-ba6e-f194a5fa5825,{'subject': 'c:\program files (x86)\microsoft\edgewebview\application\124.0.2478.67\msedgewebview2.exe'},3271926
bf4a0a5c-01cf-89e6-b1fc-5e05b16ee889,{'subject': 'c:\program files (x86)\microsoft\edge\application\124.0.2478.80\elevation_service.exe'},3272899
097a7169-0d25-802d-a24e-1f6cb4f259aa,{'subject': 'c:\program files (x86)\microsoft\edge\application\124.0.2478.80\identity_helper.exe'},3273028
3372a4fb-c03c-8b23-b509-5cb864dd2b1b,{'subject': 'c:\program files (x86)\microsoft\edge\application\124.0.2478.80\identity_helper.exe'},3273046
27d94a81-1b6f-82d8-96f0-7df52d2420de,{'subject': 'c:\program files (x86)\microsoft\edgewebview\application\124.0.2478.67\msedgewebview2.exe'},3273313
12593fc9-3fae-85ac-af0e-79b8c284480f,{'subject': 'c:\program files\windowsapps\91750d7e.slack_4.38.115.0_x64__8she8kybcnzg4\app\slack.exe'},3273882
09386737-66ec-88b4-9091-5f9283fb33d5,{'subject': 'c:\program files\windowsapps\91750d7e.slack_4.38.115.0_x64__8she8kybcnzg4\app\slack.exe'},3273884
77348104-3390-8163-98fb-810c94295157,{'subject': 'c:\program files\windowsapps\91750d7e.slack_4.38.115.0_x64__8she8kybcnzg4\app\slack.exe'},3273889
02fd8b54-449a-8959-b483-72d6e9760130,{'subject': 'c:\program files\windowsapps\91750d7e.slack_4.38.115.0_x64__8she8kybcnzg4\app\slack.exe'},3273890
0e5dff79-a4ae-8c46-9893-0a49f7f27b43,{'subject': 'c:\program files\windowsapps\91750d7e.slack_4.38.115.0_x64__8she8kybcnzg4\app\slack.exe'},3273898
dd71022a-3a27-818d-9a3d-595ed62673ee,{'subject': 'c:\program files\windowsapps\91750d7e.slack_4.38.115.0_x64__8she8kybcnzg4\app\slack.exe'},3273911
bc8250d1-1000-8597-9fad-5df910a3abba,{'subject': 'c:\program files\windowsapps\91750d7e.slack_4.38.115.0_x64__8she8kybcnzg4\app\slack.exe'},3273927
665bbfa8-2e34-8ef6-b65c-1a51decf7f1e,{'subject': 'c:\program files\windowsapps\91750d7e.slack_4.38.115.0_x64__8she8kybcnzg4\app\slack.exe'},3273931
1b2ab4e4-4ccd-8b41-8705-8191eeaa1d14,{'subject': 'c:\program files\windowsapps\91750d7e.slack_4.38.115.0_x64__8she8kybcnzg4\app\slack.exe'},3274072
63d049fa-1f67-87a2-bf3b-c8b748ce5b1a,{'subject': 'c:\program files\windowsapps\91750d7e.slack_4.38.115.0_x64__8she8kybcnzg4\app\slack.exe'},3274076
006ce6f7-5980-8935-9e20-48c5bfbe4c1c,{'subject': 'c:\program files\windowsapps\91750d7e.slack_4.38.115.0_x64__8she8kybcnzg4\app\slack.exe'},3274512
7e725bd3-f4c1-8f66-8762-6a03d31ae004,{'subject': 'c:\program files (x86)\microsoft\edgewebview\application\124.0.2478.67\msedgewebview2.exe'},3276053
755977e8-5ee8-83e3-8efa-b140ead6811a,{'subject': 'c:\program files\windowsapps\microsoft.outlookforwindows_1.2024.424.300_x64__8wekyb3d8bbwe\olk.exe'},3276167
a759deaa-f75d-8305-a3f9-fd23568b7d77,{'subject': 'c:\program files\windowsapps\microsoft.outlookforwindows_1.2024.424.300_x64__8wekyb3d8bbwe\olk.exe'},3276168
aabdac9c-1458-8fac-87c4-62ff790fa50c,{'subject': 'c:\program files (x86)\microsoft\edgewebview\application\124.0.2478.67\msedgewebview2.exe'},3276183
bab7d383-0966-892b-9dc2-274819d9072b,{'subject': 'c:\program files\windowsapps\91750d7e.slack_4.38.115.0_x64__8she8kybcnzg4\app\slack.exe'},3276362
eaca574e-2142-80c2-8f6c-8d46c426a8a8,{'subject': 'c:\program files\windowsapps\91750d7e.slack_4.38.115.0_x64__8she8kybcnzg4\app\slack.exe'},3276364
44122cf6-17b1-8244-a6a9-fe145800f69a,{'subject': 'c:\program files\windowsapps\microsoft.outlookforwindows_1.2024.424.300_x64__8wekyb3d8bbwe\xpdagent.exe'},3276596
96b94408-7774-8ea3-85c7-675f863792b9,{'subject': 'c:\program files\windowsapps\microsoft.outlookforwindows_1.2024.424.300_x64__8wekyb3d8bbwe\xpdagent.exe'},3276610
044cca30-0976-81df-8ea7-e156ab068bf7,{'subject': 'c:\program files\windowsapps\microsoft.outlookforwindows_1.2024.424.300_x64__8wekyb3d8bbwe\xpdagent.exe'},3276612
4b668789-5c16-8dd8-a4a7-6f7e4644254e,{'subject': 'c:\program files\windowsapps\microsoft.outlookforwindows_1.2024.424.300_x64__8wekyb3d8bbwe\xpdagent.exe'},3276627
6f0a05d6-e7c4-8767-a005-b75704cf7333,{'subject': 'c:\program files (x86)\microsoft\edgewebview\application\124.0.2478.67\msedgewebview2.exe'},3276634
da6410ed-1377-8f0e-9570-74e4e2e9c4a5,{'subject': 'c:\users\obviouswombat.pangolin\appdata\local\microsoft\onedrive\24.076.0414.0005\microsoft.sharepoint.exe'},3276860
e25ad9a0-0c66-812e-b851-0d6ac17567f3,{'subject': 'c:\program files\windowsapps\91750d7e.slack_4.38.115.0_x64__8she8kybcnzg4\app\slack.exe'},3276897
29dcac8e-73f1-8a1f-8cd9-29a8816ddf48,{'subject': 'c:\program files (x86)\microsoft\edgeupdate\download\{f3017226-fe2a-4295-8bdf-00c3a9a7e4c5}\124.0.2478.80\microsoftedge_x64_124.0.2478.80_124.0.2478.67.exe'},3277168
dfaa14ca-e507-87ba-8447-cdb5646528ed,{'subject': 'c:\program files (x86)\microsoft\edgeupdate\install\{4ccba4b3-65a6-43bf-bb8b-17e6ecb5b36d}\edgemitmp_f5eb8.tmp\setup.exe'},3277174
e40c8b44-e42e-8151-9deb-0d57e1f4082c,{'subject': 'c:\program files (x86)\microsoft\edgeupdate\install\{4ccba4b3-65a6-43bf-bb8b-17e6ecb5b36d}\edgemitmp_f5eb8.tmp\setup.exe'},3277177
65431a06-4f9f-8b07-95dd-84c8919903ef,{'subject': 'c:\program files (x86)\microsoft\edgecore\124.0.2478.80\installer\setup.exe'},3277831
a004807e-2e8c-858b-9ba1-9007d5d4e1f7,{'subject': 'c:\program files (x86)\microsoft\edgeupdate\install\{4ccba4b3-65a6-43bf-bb8b-17e6ecb5b36d}\edgemitmp_f5eb8.tmp\setup.exe'},3277833
0717f5eb-f531-87b8-99de-d94feb013a76,{'subject': 'c:\program files (x86)\microsoft\edgecore\124.0.2478.80\installer\setup.exe'},3277835
192a65bb-f0eb-80d2-ad8a-c48426af0450,{'subject': 'c:\program files\windowsapps\microsoft.windowscommunicationsapps_16005.14326.21888.0_x64__8wekyb3d8bbwe\hxcalendarappimm.exe'},3277990
b080a109-ab2d-885a-8c75-acfd0f26a0be,{'subject': 'c:\program files\windowsapps\91750d7e.slack_4.38.115.0_x64__8she8kybcnzg4\app\slack.exe'},3278163
996cea30-841b-8f4b-a420-58db3d8600f6,{'subject': 'c:\users\obviouswombat.pangolin\appdata\local\microsoft\onedrive\24.076.0414.0005\filecoauth.exe'},3278593
23aaaf8c-49dc-8eb7-b155-7c272159ae58,{'subject': 'c:\program files (x86)\microsoft\edgecore\124.0.2478.80\installer\setup.exe'},3278765
e6d3b667-d6ee-8837-aef7-f1e70032114b,{'subject': 'c:\program files\microsoft onedrive\24.076.0414.0005\filecoauth.exe'},3286326
74ed72b5-59dd-8d67-8513-f7be2013acff,{'subject': 'c:\program files (x86)\microsoft\edgeupdate\download\{56eb18f8-b008-4cbd-b6d2-8c97fe7e9062}\124.0.2478.80\microsoftedge_x64_124.0.2478.80_124.0.2478.67.exe'},3286391
957d5eae-de2e-8af7-944b-956e7a6f1372,{'subject': 'c:\program files (x86)\microsoft\edgeupdate\install\{5f23bcbe-4da0-4792-a22f-b128befce733}\edgemitmp_0cc65.tmp\setup.exe'},3286403
d8b4ed21-8428-8519-be32-17252eb4662b,{'subject': 'c:\program files (x86)\microsoft\edgeupdate\install\{5f23bcbe-4da0-4792-a22f-b128befce733}\edgemitmp_0cc65.tmp\setup.exe'},3286407
d3258ed5-b423-8263-9d6f-7f5f8534c3ac,{'subject': 'c:\program files (x86)\microsoft\edgeupdate\install\{5f23bcbe-4da0-4792-a22f-b128befce733}\edgemitmp_0cc65.tmp\setup.exe'},3287864
62d876b1-69d2-82d0-bac4-34694c639df7,{'subject': 'c:\program files (x86)\microsoft\edgeupdate\install\{5f23bcbe-4da0-4792-a22f-b128befce733}\edgemitmp_0cc65.tmp\setup.exe'},3287865
aef78476-6b96-806d-bf81-180548fe6a9e,{'subject': 'c:\program files (x86)\microsoft\edgeupdate\download\{f3017226-fe2a-4295-8bdf-00c3a9a7e4c5}\124.0.2478.80\microsoftedge_x64_124.0.2478.80_124.0.2478.67.exe'},3287972
f841a64a-eada-8b3f-b5b0-44330179ad4b,{'subject': 'c:\program files (x86)\microsoft\edgeupdate\install\{9cb297e2-997d-4a0f-b578-513efe8bb9a0}\edgemitmp_a19fd.tmp\setup.exe'},3287982
cd9e23c2-1ed4-8ca0-a2d5-e084f5026acf,{'subject': 'c:\program files (x86)\microsoft\edgeupdate\install\{9cb297e2-997d-4a0f-b578-513efe8bb9a0}\edgemitmp_a19fd.tmp\setup.exe'},3287984
fb426691-1dd5-8e5b-be16-c657f176aaca,{'subject': 'c:\program files (x86)\google\googleupdater\126.0.6441.0\updater.exe'},3288805
732f526e-c997-888c-8923-b4da0afcdc8d,{'subject': 'c:\program files (x86)\google\googleupdater\126.0.6441.0\updater.exe'},3288809
ff8fbb78-2476-8da8-a775-1d6a01f4ffd0,{'subject': 'c:\program files (x86)\google\googleupdater\126.0.6441.0\updater.exe'},3288812
40d418c1-babe-87c5-8f2a-39dd925da197,{'subject': 'c:\program files (x86)\google\googleupdater\126.0.6441.0\updater.exe'},3288813
0dbe8c09-7f1e-80ae-9338-a49e00566955,{'subject': 'c:\program files (x86)\google\googleupdater\126.0.6441.0\updater.exe'},3288814
10c7f8ca-f62f-8945-bb01-66aba87beff6,{'subject': 'c:\program files (x86)\google\googleupdater\126.0.6441.0\updater.exe'},3288835
ffc35717-899a-8e38-914f-bdebaac7b4d1,{'subject': 'c:\program files (x86)\google\googleupdater\126.0.6441.0\updater.exe'},3288856
7c5317c0-40c2-864d-8321-fe152e0fffdd,{'subject': 'c:\program files (x86)\google\googleupdater\126.0.6441.0\updater.exe'},3289250
9f888c49-1e85-854e-91ae-82dc5db25f05,{'subject': 'c:\program files (x86)\google\googleupdater\126.0.6441.0\updater.exe'},3289361
9095efd7-7bb9-89c6-9d44-1d269c5a01e0,{'subject': 'c:\program files\windowsapps\microsoft.outlookforwindows_1.2024.424.300_x64__8wekyb3d8bbwe\olkpushnotificationbackgroundtask.exe'},3289463
68646439-ada1-8d05-ac03-968aea203bd3,{'subject': 'c:\program files\windowsapps\microsoft.outlookforwindows_1.2024.424.300_x64__8wekyb3d8bbwe\olkpushnotificationbackgroundtask.exe'},3289464
b09db186-15a2-84b9-8d2e-8307b68d7810,{'subject': 'c:\program files (x86)\microsoft\edge\application\124.0.2478.80\elevation_service.exe'},3290443
bfa715a0-5604-863e-bcbe-d58ff0c1da64,{'subject': 'c:\program files (x86)\microsoft\edge\application\124.0.2478.80\identity_helper.exe'},3290511
f634188d-0cf3-89f9-8160-aff1936bd4b3,{'subject': 'c:\program files (x86)\microsoft\edge\application\124.0.2478.80\identity_helper.exe'},3290536
763bd14d-5b4e-8de8-b13a-30cad36c4b68,{'subject': 'c:\windows\system32\unregmp2.exe'},3426787
199a12b0-71d3-8e98-ab33-e7ef14e1db9c,{'subject': 'c:\users\efficientgoldfinch\appdata\local\microsoft\onedrive\24.081.0421.0003\filesyncconfig.exe'},3293431
cfc437b7-4271-8af5-937f-23791b297d66,{'subject': 'c:\users\efficientgoldfinch\appdata\local\microsoft\onedrive\24.081.0421.0003\microsoft.sharepoint.exe'},3294133
d8d33857-ad84-8bd3-b38f-f3e33d6d74a3,{'subject': 'c:\program files\microsoft onedrive\24.076.0414.0005\microsoft.sharepoint.exe'},3298417
78cb86b9-972d-87fb-a6fb-789c9492cdc7,{'subject': 'c:\users\efficientgoldfinch\appdata\local\microsoft\onedrive\24.081.0421.0003\filecoauth.exe'},3298487
18e8ed2d-4783-8353-aa1a-2b65959f28c9,{'subject': 'c:\program files (x86)\google\googleupdater\126.0.6441.0\updater.exe'},3298692
58dfdd24-0f4e-8b1a-bb78-74042ba1b4b7,{'subject': 'c:\program files\windowsapps\microsoft.outlookforwindows_1.2024.424.300_x64__8wekyb3d8bbwe\olk.exe'},3298790
d6575a7d-0d51-86c5-9f46-3a1300776374,{'subject': 'c:\program files\windowsapps\microsoft.outlookforwindows_1.2024.424.300_x64__8wekyb3d8bbwe\olk.exe'},3298792
f7c0db36-6db9-8091-bcb6-40fb372b2e3e,{'subject': 'c:\program files (x86)\microsoft\edgewebview\application\124.0.2478.67\msedgewebview2.exe'},3298834
89516316-baf9-8398-b1c8-071143fa7b37,{'subject': 'c:\program files (x86)\microsoft\edgewebview\application\124.0.2478.67\msedgewebview2.exe'},3298835
1dc37acc-c13e-898e-870a-8d78257cf372,{'subject': 'c:\program files (x86)\microsoft\edgewebview\application\124.0.2478.67\msedgewebview2.exe'},3298840
d998a363-5bc1-854d-98f4-175392b64372,{'subject': 'c:\program files (x86)\microsoft\edgewebview\application\124.0.2478.67\msedgewebview2.exe'},3298887
7abbafdb-36ed-81a4-85c1-a4cb06f211ef,{'subject': 'c:\program files (x86)\google\googleupdater\126.0.6441.0\updater.exe'},3298903
5618efd2-aa0c-85e7-9a97-51d5660536b3,{'subject': 'c:\program files (x86)\microsoft\edgewebview\application\124.0.2478.67\msedgewebview2.exe'},3298909
a84cb619-2d36-87b8-8b96-41235199f623,{'subject': 'c:\program files (x86)\microsoft\edgewebview\application\124.0.2478.67\msedgewebview2.exe'},3298976
23b928b4-718c-87d0-b56c-5f5056698ec8,{'subject': 'c:\program files (x86)\microsoft\edgewebview\application\124.0.2478.67\msedgewebview2.exe'},3299064
2cd22445-aaab-8047-8d84-6d567a1c5976,{'subject': 'c:\program files (x86)\microsoft\edgewebview\application\124.0.2478.67\msedgewebview2.exe'},3299284
d7a682ed-28ba-8dbd-a77e-41a62cd9f824,{'subject': 'c:\program files (x86)\microsoft\edgewebview\application\124.0.2478.67\msedgewebview2.exe'},3300612
87a66620-7aed-82aa-a3a9-172a6397591d,{'subject': 'c:\program files (x86)\microsoft\edgewebview\application\124.0.2478.67\msedgewebview2.exe'},3300751
92b08274-c21f-894a-a520-2c1059e7c468,{'subject': 'c:\program files (x86)\microsoft\edgewebview\application\124.0.2478.67\msedgewebview2.exe'},3302447
a8d99bef-1115-801a-ba3b-aa84770ed14f,{'subject': 'c:\program files (x86)\microsoft\edgewebview\application\124.0.2478.67\msedgewebview2.exe'},3302635
90f2f0e9-831c-8ede-8f6f-631a5d49ccc9,{'subject': 'c:\program files (x86)\google\googleupdater\126.0.6441.0\updater.exe'},3304033
fef608df-5b1b-87f1-bc10-ebe1824048bc,{'subject': 'c:\program files (x86)\google\googleupdater\126.0.6441.0\updater.exe'},3304051
f4093610-e90b-8224-941b-bf381d658634,{'subject': 'c:\program files (x86)\google\googleupdater\126.0.6441.0\updater.exe'},3304061
0e4878c2-97e7-853e-aa6b-914b6877ea3f,{'subject': 'c:\program files (x86)\google\googleupdater\126.0.6441.0\updater.exe'},3304073
b99d9bb2-154d-86c7-bf69-e20b0b306b87,{'subject': 'c:\program files (x86)\google\googleupdater\126.0.6441.0\updater.exe'},3304081
0653b65b-0e41-806b-b467-ca06d38bcc65,{'subject': 'c:\program files (x86)\google\googleupdater\126.0.6441.0\updater.exe'},3304087
10135ed0-1f70-8bac-96c7-f38a9cf12eb4,{'subject': 'c:\program files (x86)\google\googleupdater\126.0.6441.0\updater.exe'},3304096
70fbe873-a0b8-8439-945c-1da32f8f1f05,{'subject': 'c:\program files (x86)\google\googleupdater\126.0.6441.0\updater.exe'},3304151
6e114562-46c1-8bb0-995d-769eb8e69217,{'subject': 'c:\program files (x86)\google\googleupdater\126.0.6441.0\updater.exe'},3304152
8ae995d1-ab67-87ac-895d-82e9f69a1d82,{'subject': 'c:\program files (x86)\microsoft\edgeupdate\download\{f3017226-fe2a-4295-8bdf-00c3a9a7e4c5}\124.0.2478.80\microsoftedge_x64_124.0.2478.80_124.0.2478.67.exe'},3304216
b95d217f-e088-84f8-a7f7-f9f7e1710ade,{'subject': 'c:\program files (x86)\microsoft\edgeupdate\install\{7c9aebd6-4d48-4332-a186-5e6d2e80ec68}\edgemitmp_c42f6.tmp\setup.exe'},3304222
edf84a20-aae0-86f8-974e-dce1db1b0135,{'subject': 'c:\program files (x86)\microsoft\edgeupdate\install\{7c9aebd6-4d48-4332-a186-5e6d2e80ec68}\edgemitmp_c42f6.tmp\setup.exe'},3304225
ef8d24d7-b930-87db-956d-755259bc21bc,{'subject': 'c:\program files (x86)\microsoft\edgeupdate\install\{7c9aebd6-4d48-4332-a186-5e6d2e80ec68}\edgemitmp_c42f6.tmp\setup.exe'},3305523
a34443fc-2994-88e7-af4b-9352ad53ae7f,{'subject': 'c:\program files (x86)\google\googleupdater\126.0.6441.0\updater.exe'},3306001
3032f157-150d-8ad1-bdda-f0bb468db667,{'subject': 'c:\program files (x86)\google\googleupdater\126.0.6441.0\updater.exe'},3306004
157d07b8-3b98-85d8-a7bc-bfaaeb105976,{'subject': 'c:\program files (x86)\google\googleupdater\126.0.6441.0\updater.exe'},3306007
ba2d76d7-d6d2-817a-b3f9-b3069141e276,{'subject': 'c:\program files (x86)\google\googleupdater\126.0.6441.0\updater.exe'},3306009
ca8bdce6-6a0e-84a8-98c3-c947bed7d049,{'subject': 'c:\program files (x86)\google\googleupdater\126.0.6441.0\updater.exe'},3306010
8a104117-c189-8b29-9bb2-9a7776503204,{'subject': 'c:\program files (x86)\google\googleupdater\126.0.6441.0\updater.exe'},3306012
5820306b-fff7-822f-bd7c-517b90036f45,{'subject': 'c:\program files (x86)\google\googleupdater\126.0.6441.0\updater.exe'},3306014
948dc705-02df-8bf0-a13b-640a3e05ff97,{'subject': 'c:\program files (x86)\google\googleupdater\126.0.6441.0\updater.exe'},3306032
aad8f542-630f-81ea-9122-5f6a5babe1ac,{'subject': 'c:\program files (x86)\google\googleupdater\126.0.6441.0\updater.exe'},3306033
24232eb3-2491-8b80-898f-877100958a8c,{'subject': 'c:\program files (x86)\microsoft\edgecore\124.0.2478.80\elevation_service.exe'},3306301
d735f331-b847-8a71-bcf7-bd873b5c78b1,{'subject': 'c:\program files (x86)\microsoft\edgecore\124.0.2478.80\installer\setup.exe'},3306302
6dd2cc54-b209-84f8-948e-229ce1bb965c,{'subject': 'c:\program files (x86)\microsoft\edgecore\124.0.2478.80\installer\setup.exe'},3306305
9357f72e-f994-8368-b62f-683a85a91b1e,{'subject': 'c:\program files (x86)\microsoft\edgecore\124.0.2478.80\installer\setup.exe'},3306333
10d7692d-042f-8ad7-ba1e-2a143b84d564,{'subject': 'c:\program files (x86)\microsoft\edgecore\124.0.2478.80\installer\setup.exe'},3306334
2b61a25a-632f-8f52-95df-2c416ab2f221,{'subject': 'c:\program files (x86)\microsoft\edgecore\124.0.2478.80\installer\setup.exe'},3306336
b1134d80-54f6-8480-a5a1-fc168f1798a7,{'subject': 'c:\program files (x86)\microsoft\edgecore\124.0.2478.80\installer\setup.exe'},3306338
d62a611e-ec08-8bb8-88db-5081d3f8a3de,{'subject': 'c:\program files (x86)\microsoft\edgecore\124.0.2478.80\installer\setup.exe'},3306341
6bbac9f6-ca80-862e-b3e7-8d5c3fbe5621,{'subject': 'c:\program files (x86)\microsoft\edgecore\124.0.2478.80\installer\setup.exe'},3306370
73f6ae7a-6054-8c8d-b9e0-c65c63991280,{'subject': 'c:\program files (x86)\microsoft\edgecore\124.0.2478.80\elevation_service.exe'},3306546
98d7014f-5c68-820e-8a8a-dd587907c9ea,{'subject': 'c:\program files (x86)\microsoft\edgecore\124.0.2478.80\elevation_service.exe'},3307865
6e23365e-b6b7-8c8c-b643-c0717920dc7e,{'subject': 'c:\windows\system32\configure-smremoting.exe'},3427041
acb6b778-413b-8d4e-b41c-39baa04b015d,{'subject': 'c:\program files (x86)\microsoft\edgecore\124.0.2478.80\elevation_service.exe'},3311707
1d00fe4c-3c40-840d-9e27-1eff8abba6f3,{'subject': 'c:\program files (x86)\google\googleupdater\126.0.6441.0\updater.exe'},3316653
c0bf25b9-a430-8323-91ba-a74736fccd18,{'subject': 'c:\program files (x86)\google\googleupdater\126.0.6441.0\updater.exe'},3316658
d80b9a13-0328-8069-bfb6-7376a11eb142,{'subject': 'c:\program files (x86)\google\googleupdater\126.0.6441.0\updater.exe'},3316662
37770947-535e-8e0d-a32d-b8989ea35ec8,{'subject': 'c:\program files (x86)\google\googleupdater\126.0.6441.0\updater.exe'},3316665
cc3476d4-1bde-8a40-ba76-63bff54e4a80,{'subject': 'c:\program files (x86)\google\googleupdater\126.0.6441.0\updater.exe'},3316669
e2ca05cd-516a-8cfd-89f9-2d325265400b,{'subject': 'c:\program files (x86)\google\googleupdater\126.0.6441.0\updater.exe'},3316671
84d2f64c-7361-813d-9991-a865db7066b3,{'subject': 'c:\program files (x86)\google\googleupdater\126.0.6441.0\updater.exe'},3316674
4f10eeca-2adf-8a6a-868e-d50dd937ccf6,{'subject': 'c:\program files (x86)\google\googleupdater\126.0.6441.0\updater.exe'},3316691
b1ce1c7f-ba7c-8082-809b-297a3d8ea37c,{'subject': 'c:\program files (x86)\google\googleupdater\126.0.6441.0\updater.exe'},3316692
7877a637-cc65-8939-9c46-8d49fdce87f2,{'subject': 'c:\program files (x86)\google\googleupdater\126.0.6441.0\updater.exe'},3316693
01508f92-98de-8ce9-921a-ca3f420ade72,{'subject': 'c:\program files (x86)\google\googleupdater\126.0.6441.0\updater.exe'},3316699
7d65df9a-3e84-850f-9498-5fd0347f2bff,{'subject': 'c:\program files (x86)\google\googleupdater\126.0.6441.0\updater.exe'},3316702
9ee3cfea-864b-80d8-8a3a-d6283e304dac,{'subject': 'c:\program files (x86)\google\googleupdater\126.0.6441.0\updater.exe'},3316704
8bd5881c-520e-8a7a-af04-856322e60090,{'subject': 'c:\program files (x86)\google\googleupdater\126.0.6441.0\updater.exe'},3316705
2db9866b-f591-88ca-8fdf-36248f130d1f,{'subject': 'c:\program files (x86)\google\googleupdater\126.0.6441.0\updater.exe'},3316707
e12357b3-2f65-870a-9a9d-8689cd45681a,{'subject': 'c:\program files (x86)\google\googleupdater\126.0.6441.0\updater.exe'},3316709
e87f7e59-4d25-8d3a-b2f4-e91dd5a37354,{'subject': 'c:\program files (x86)\google\googleupdater\126.0.6441.0\updater.exe'},3316716
dd3de229-ec58-8370-ad89-a047ab677773,{'subject': 'c:\program files (x86)\google\googleupdater\126.0.6441.0\updater.exe'},3316717
43599869-1723-8839-a4df-77796ccacef7,{'subject': 'c:\users\efficientgoldfinch\appdata\local\microsoft\onedrive\24.081.0421.0003\filecoauth.exe'},3317198
7288959b-1f1f-8275-b538-44c8b788ac7c,{'subject': 'c:\users\efficientgoldfinch\appdata\local\temp\f3fd4402-0439-4184-b2e2-619b2affd035\dismhost.exe'},3317711
b5500a5b-4a03-84c6-8d7b-0ed2f6d662d8,{'subject': 'c:\program files (x86)\google\googleupdater\126.0.6441.0\updater.exe'},3320313
78ffc4d2-14d7-85ee-94b3-5132888170ba,{'subject': 'c:\program files (x86)\google\googleupdater\126.0.6441.0\updater.exe'},3320318
648d4af4-fcc5-815c-ba53-cffa8d17915b,{'subject': 'c:\program files (x86)\google\googleupdater\126.0.6441.0\updater.exe'},3320321
e4a73673-52b6-8ec3-b195-e0fdc88fada5,{'subject': 'c:\program files (x86)\google\googleupdater\126.0.6441.0\updater.exe'},3320327
2edfc3c0-e510-835c-9b0f-a64887301ed0,{'subject': 'c:\program files (x86)\google\googleupdater\126.0.6441.0\updater.exe'},3320328
b64fcdca-df4e-8ce8-90b6-b6e69edba0a7,{'subject': 'c:\program files (x86)\google\googleupdater\126.0.6441.0\updater.exe'},3320330
8f8e04d1-8257-8f9a-83f1-e58e24189bad,{'subject': 'c:\program files (x86)\google\googleupdater\126.0.6441.0\updater.exe'},3320337
c86ee2c6-ad96-829e-a5ce-42e9afdb4a7e,{'subject': 'c:\program files (x86)\google\googleupdater\126.0.6441.0\updater.exe'},3320345
2f9e6ba1-c4f7-83e9-8725-85849eaabc9a,{'subject': 'c:\program files (x86)\google\googleupdater\126.0.6441.0\updater.exe'},3320346
69adf2e4-029d-8a97-b646-9421149e3984,{'subject': 'c:\program files (x86)\google\googleupdater\126.0.6441.0\updater.exe'},3320349
4d8c445d-0bbd-891a-b5f1-db7aecb9d25e,{'subject': 'c:\program files (x86)\google\googleupdater\126.0.6441.0\updater.exe'},3320355
3252f4e8-2163-80bb-96f0-a224d849a18e,{'subject': 'c:\program files (x86)\google\googleupdater\126.0.6441.0\updater.exe'},3320358
a500f992-bd3e-8311-b776-91d7be495838,{'subject': 'c:\program files (x86)\google\googleupdater\126.0.6441.0\updater.exe'},3320360
46b52583-1ed0-8853-a715-1b534cd51fe5,{'subject': 'c:\program files (x86)\google\googleupdater\126.0.6441.0\updater.exe'},3320361
08d2a254-1ca0-873a-828b-efa6b8e24a0f,{'subject': 'c:\program files (x86)\google\googleupdater\126.0.6441.0\updater.exe'},3320363
8a79f426-ea48-89cd-8184-752844b01f7a,{'subject': 'c:\program files (x86)\google\googleupdater\126.0.6441.0\updater.exe'},3320365
1f967a2c-4bca-86f2-9147-3fcdd4a4f330,{'subject': 'c:\program files (x86)\google\googleupdater\126.0.6441.0\updater.exe'},3320370
6d506895-6f58-80d8-842f-adc71da7177c,{'subject': 'c:\program files (x86)\google\googleupdater\126.0.6441.0\updater.exe'},3320371
41ce21e8-c6b1-8918-9029-d9c8616bba14,{'subject': 'c:\program files\windowsapps\microsoft.outlookforwindows_1.2024.424.300_x64__8wekyb3d8bbwe\olk.exe'},3320502
4584d7e5-6453-8780-abfb-10a2deb4534e,{'subject': 'c:\program files\windowsapps\microsoft.outlookforwindows_1.2024.424.300_x64__8wekyb3d8bbwe\olk.exe'},3320507
9b171384-beb1-8766-9c6a-203b2567a5db,{'subject': 'c:\program files (x86)\microsoft\edge\application\124.0.2478.80\msedgewebview2.exe'},3320520
083e63ac-0386-8523-816d-de8ac7a1ea94,{'subject': 'c:\program files (x86)\microsoft\edge\application\124.0.2478.80\msedgewebview2.exe'},3320521
6c50b721-dd7c-877d-a0b4-6252e559d335,{'subject': 'c:\program files (x86)\microsoft\edge\application\124.0.2478.80\msedgewebview2.exe'},3320525
5deff2c6-cd89-8ffe-b2f8-d24894795a65,{'subject': 'c:\program files (x86)\microsoft\edge\application\124.0.2478.80\msedgewebview2.exe'},3320537
a636d836-2eda-866e-a29d-8349f06dc023,{'subject': 'c:\program files (x86)\microsoft\edge\application\124.0.2478.80\msedgewebview2.exe'},3320544
12cec6b9-977e-8b64-af28-d3a18c78e658,{'subject': 'c:\program files (x86)\microsoft\edge\application\124.0.2478.80\msedgewebview2.exe'},3320567
32f1ac5a-af43-8d5c-bac7-acb1fae24166,{'subject': 'c:\program files (x86)\microsoft\edge\application\124.0.2478.80\msedgewebview2.exe'},3320741
8cb3d356-4245-8226-9ab9-4e8dd9ed0b64,{'subject': 'c:\program files (x86)\microsoft\edge\application\124.0.2478.80\msedgewebview2.exe'},3321127
51bfc9aa-cf2b-8add-934b-003033149958,{'subject': 'c:\program files (x86)\microsoft\edge\application\124.0.2478.80\msedgewebview2.exe'},3321894
48f5a1d5-95f0-84c2-9a21-91f2786ebcca,{'subject': 'c:\program files (x86)\microsoft\edge\application\124.0.2478.80\msedgewebview2.exe'},3321964
6daf1369-2111-808d-be52-95f7252b9d3f,{'subject': 'c:\program files (x86)\microsoft\edge\application\124.0.2478.80\msedgewebview2.exe'},3322187
f6c9f547-71ef-8725-826a-3d74522c0bf1,{'subject': 'c:\program files (x86)\microsoft\edge\application\124.0.2478.80\msedgewebview2.exe'},3322189
7a833b79-f00c-8942-b5e1-ba3cc3dc4c58,{'subject': 'c:\program files (x86)\microsoft\edge\application\124.0.2478.80\msedgewebview2.exe'},3322200
3f69e76c-32ca-8cb4-b6fb-91bca9480562,{'subject': 'c:\program files (x86)\microsoft\edge\application\124.0.2478.80\msedgewebview2.exe'},3322209
726bec17-68de-8cdc-96ba-4cfd1fd398c9,{'subject': 'c:\program files (x86)\microsoft\edge\application\124.0.2478.80\msedgewebview2.exe'},3322215
59d183f1-81ec-8fa0-b02c-eb1fa045d6ee,{'subject': 'c:\program files (x86)\microsoft\edge\application\124.0.2478.80\msedgewebview2.exe'},3322385
ec61dea2-c418-859b-b39d-c51be37778fe,{'subject': 'c:\program files (x86)\microsoft\edge\application\124.0.2478.80\msedgewebview2.exe'},3322407
6eab1db1-0f48-8929-9c1d-c633178af8da,{'subject': 'c:\program files (x86)\microsoft\edge\application\124.0.2478.80\msedgewebview2.exe'},3322500
c73d0c1b-1f97-8558-bfe0-8c1f9831503d,{'subject': 'c:\program files (x86)\microsoft\edge\application\124.0.2478.80\msedgewebview2.exe'},3322702
eb971778-1a19-8d14-bb77-535810a8993d,{'subject': 'c:\program files\windowsapps\microsoft.outlookforwindows_1.2024.424.300_x64__8wekyb3d8bbwe\xpdagent.exe'},3322730
a9f4cab1-e9ac-8d4d-88df-114b47717302,{'subject': 'c:\program files (x86)\microsoft\edge\application\124.0.2478.80\msedgewebview2.exe'},3322734
8c23ed3b-381a-87a3-b672-10f0a45a8594,{'subject': 'c:\program files\windowsapps\microsoft.outlookforwindows_1.2024.424.300_x64__8wekyb3d8bbwe\xpdagent.exe'},3322754
cc72b109-294c-8e44-84ef-8141dd55f154,{'subject': 'c:\program files\windowsapps\microsoft.outlookforwindows_1.2024.424.300_x64__8wekyb3d8bbwe\xpdagent.exe'},3322755
fd7cc2f5-bc58-8849-b079-cb9724dbf3e9,{'subject': 'c:\program files (x86)\microsoft\edge\application\124.0.2478.80\msedgewebview2.exe'},3324462
a39a7292-4c8c-8b9c-891a-973780222de5,{'subject': 'c:\program files\windowsapps\microsoft.outlookforwindows_1.2024.424.300_x64__8wekyb3d8bbwe\xpdagent.exe'},3324477
f773095b-6a5e-8c5d-90f1-c4a5897f65ad,{'subject': 'c:\program files\windowsapps\microsoft.outlookforwindows_1.2024.424.300_x64__8wekyb3d8bbwe\xpdagent.exe'},3324500
0fe7c7a6-fb74-874a-ad5c-fdc20613f800,{'subject': 'c:\program files\windowsapps\microsoft.outlookforwindows_1.2024.424.300_x64__8wekyb3d8bbwe\xpdagent.exe'},3324513
fff15584-1535-857e-8443-04ed21294a23,{'subject': 'c:\program files (x86)\microsoft\edge\application\124.0.2478.80\msedgewebview2.exe'},3325089
c636ddbe-dd55-8c48-a9be-7fe2a87b4b3f,{'subject': 'c:\program files\windowsapps\microsoft.outlookforwindows_1.2024.424.300_x64__8wekyb3d8bbwe\olk.exe'},3325274
400fa691-aa83-89e2-9668-5cd256cedc50,{'subject': 'c:\program files\windowsapps\microsoft.outlookforwindows_1.2024.424.300_x64__8wekyb3d8bbwe\olk.exe'},3325275
f507025d-3f09-8a54-95f0-ee6cbdefb539,{'subject': 'c:\program files (x86)\microsoft\edge\application\124.0.2478.80\msedgewebview2.exe'},3325284
9126f70d-cb7e-818b-b0d3-c04ece15b5e5,{'subject': 'c:\program files (x86)\microsoft\edge\application\124.0.2478.80\msedgewebview2.exe'},3325361
3b55e015-1831-847b-86ef-a37ed10b1376,{'subject': 'c:\program files (x86)\microsoft\edge\application\124.0.2478.80\msedgewebview2.exe'},3325404
ffb9b598-68b1-8317-a8bc-9bfed7921ef9,{'subject': 'c:\program files (x86)\microsoft\edge\application\124.0.2478.80\msedgewebview2.exe'},3325446
e7abd359-c42c-8974-8a49-48766724ed1f,{'subject': 'c:\windows\systemapps\microsoft.aad.brokerplugin_cw5n1h2txyewy\microsoft.aad.brokerplugin.exe'},3325506
0dcee73a-dff5-8987-a145-f1e25377bff7,{'subject': 'c:\program files (x86)\microsoft\edge\application\124.0.2478.80\msedgewebview2.exe'},3325633
52cb9f22-96d9-8965-8bdb-c046f913b233,{'subject': 'c:\program files (x86)\microsoft\edge\application\124.0.2478.80\msedgewebview2.exe'},3325664
c30eacdf-46ea-87a0-b50e-2b78a1c109e7,{'subject': 'c:\program files (x86)\microsoft\edge\application\124.0.2478.80\msedgewebview2.exe'},3325711
008e71a2-dacf-8387-b6bd-1508bb7f295e,{'subject': 'c:\program files (x86)\microsoft\edge\application\124.0.2478.80\msedgewebview2.exe'},3325767
0c9659aa-ce48-8fc2-be0b-85f9be7bc4c7,{'subject': 'c:\program files (x86)\microsoft\edge\application\124.0.2478.80\msedgewebview2.exe'},3325792
eb400a13-aba0-8622-943c-da873d8b2cc2,{'subject': 'c:\program files (x86)\microsoft\edge\application\124.0.2478.80\msedgewebview2.exe'},3325800
9f2ff13c-3ee0-8c05-95fb-a85a26c530cc,{'subject': 'c:\program files\windowsapps\microsoft.outlookforwindows_1.2024.424.300_x64__8wekyb3d8bbwe\olk.exe'},3325987
0bcbd110-adce-8758-b686-043d78cb471f,{'subject': 'c:\program files\windowsapps\microsoft.outlookforwindows_1.2024.424.300_x64__8wekyb3d8bbwe\olk.exe'},3325988
2918c576-455b-8365-aaa1-42d20f2f284a,{'subject': 'c:\program files (x86)\microsoft\edge\application\124.0.2478.80\msedgewebview2.exe'},3326001
9dde02c2-787e-8a7c-9e7a-b56e4402db6e,{'subject': 'c:\program files (x86)\microsoft\edge\application\124.0.2478.80\msedgewebview2.exe'},3326079
eb36cb2a-f0dc-878b-9ebc-1d7bf6c249cf,{'subject': 'c:\program files (x86)\microsoft\edge\application\124.0.2478.80\msedgewebview2.exe'},3326347
b4c8af36-155f-8028-8382-5ed3dab83c97,{'subject': 'c:\program files\windowsapps\microsoft.outlookforwindows_1.2024.424.300_x64__8wekyb3d8bbwe\xpdagent.exe'},3326348
6bb44d23-e32d-826b-ad45-ac7f705c9a5a,{'subject': 'c:\program files\windowsapps\microsoft.outlookforwindows_1.2024.424.300_x64__8wekyb3d8bbwe\xpdagent.exe'},3326431
895352e3-0330-8e04-a161-885fef1487d8,{'subject': 'c:\program files\windowsapps\microsoft.outlookforwindows_1.2024.424.300_x64__8wekyb3d8bbwe\xpdagent.exe'},3328174
1433313c-c202-8379-ac79-e6933004eb61,{'subject': 'c:\program files\windowsapps\microsoft.outlookforwindows_1.2024.424.300_x64__8wekyb3d8bbwe\xpdagent.exe'},3329939
bf88082e-d244-8f5a-9172-805b661c3b20,{'subject': 'c:\users\obviouswombat.pangolin\appdata\local\temp\b60b0746-036a-4af9-b009-d99b75bea3a9\dismhost.exe'},3331109
052ff5eb-c40c-8561-8d28-7a97e3e35b10,{'subject': 'c:\program files (x86)\google\googleupdater\126.0.6441.0\updater.exe'},3332775
58e8a7ac-5ebb-869a-968f-9266f3749501,{'subject': 'c:\program files (x86)\google\googleupdater\126.0.6441.0\updater.exe'},3332778
a789bb64-0b7f-8862-be4f-d622964f1aaa,{'subject': 'c:\program files (x86)\google\googleupdater\126.0.6441.0\updater.exe'},3332781
c62075ab-9834-8f03-9203-6722059fef29,{'subject': 'c:\program files (x86)\google\googleupdater\126.0.6441.0\updater.exe'},3332783
1c763460-86dd-844d-9b7e-f0eab98586b4,{'subject': 'c:\program files (x86)\google\googleupdater\126.0.6441.0\updater.exe'},3332784
d8732cb2-f9ae-87a6-a9a9-8eca631dda80,{'subject': 'c:\program files (x86)\google\googleupdater\126.0.6441.0\updater.exe'},3332786
3e026f56-ee46-8c41-8425-b721e9ba274f,{'subject': 'c:\program files (x86)\google\googleupdater\126.0.6441.0\updater.exe'},3332789
3deade93-7677-8cac-a628-1f19627ffbaf,{'subject': 'c:\program files (x86)\google\googleupdater\126.0.6441.0\updater.exe'},3332795
954c449a-6195-826d-8805-5e42153cf7bf,{'subject': 'c:\program files (x86)\google\googleupdater\126.0.6441.0\updater.exe'},3332796
22c10a26-fbad-894b-be3d-92fa1af9b281,{'subject': 'c:\program files (x86)\google\googleupdater\126.0.6441.0\updater.exe'},3332797
b03732a4-90cd-8a95-87d5-c7a539b9df8d,{'subject': 'c:\program files (x86)\google\googleupdater\126.0.6441.0\updater.exe'},3332803
0b53271c-ed53-8a0b-8496-9ae7b4ff3a0e,{'subject': 'c:\program files (x86)\google\googleupdater\126.0.6441.0\updater.exe'},3332806
5b77360b-a5a6-80a9-831a-666e8348bcb1,{'subject': 'c:\program files (x86)\google\googleupdater\126.0.6441.0\updater.exe'},3332808
e55daad9-7b31-8bb0-9a01-bf71477f79fe,{'subject': 'c:\program files (x86)\google\googleupdater\126.0.6441.0\updater.exe'},3332809
306bd107-5e0f-8a19-9334-b146818da9f7,{'subject': 'c:\program files (x86)\google\googleupdater\126.0.6441.0\updater.exe'},3332811
cb2cc194-09b6-882b-8c58-664463fa0331,{'subject': 'c:\program files (x86)\google\googleupdater\126.0.6441.0\updater.exe'},3332813
4436d596-a8df-8f10-9b0c-62b247b68a9e,{'subject': 'c:\program files (x86)\google\googleupdater\126.0.6441.0\updater.exe'},3332819
5c80ea6f-ea62-833a-ae1f-8eeefa26c045,{'subject': 'c:\program files (x86)\google\googleupdater\126.0.6441.0\updater.exe'},3332820
a4bac97f-1ec3-8917-9837-ddf9656a647a,{'subject': 'c:\program files (x86)\google\googleupdater\126.0.6441.0\updater.exe'},3336376
7b7e43a1-6697-823a-a84d-2ec6f7088db5,{'subject': 'c:\program files (x86)\google\googleupdater\126.0.6441.0\updater.exe'},3336379
db48e2b5-e6e1-8f10-b5c1-50fe837ff0ca,{'subject': 'c:\program files (x86)\google\googleupdater\126.0.6441.0\updater.exe'},3336382
5e609659-d2d3-8e68-a758-f471fdc500c7,{'subject': 'c:\program files (x86)\google\googleupdater\126.0.6441.0\updater.exe'},3336384
0f15938d-7591-8f88-8148-15193080210c,{'subject': 'c:\program files (x86)\google\googleupdater\126.0.6441.0\updater.exe'},3336385
57b5b300-a422-8e1e-b1e4-049bad13368b,{'subject': 'c:\program files (x86)\google\googleupdater\126.0.6441.0\updater.exe'},3336387
b84dd1ed-7244-8e3c-b61c-9ccd9121a7da,{'subject': 'c:\program files (x86)\google\googleupdater\126.0.6441.0\updater.exe'},3336390
5cc4a1f0-2fbe-823f-b483-76e53f2c411c,{'subject': 'c:\program files (x86)\google\googleupdater\126.0.6441.0\updater.exe'},3336396
7aa4c20e-75a8-88f5-b5dc-bfff8aad50b6,{'subject': 'c:\program files (x86)\google\googleupdater\126.0.6441.0\updater.exe'},3336397
e577c3af-2b60-832d-9141-a7859c8a5f6b,{'subject': 'c:\program files (x86)\google\googleupdater\126.0.6441.0\updater.exe'},3336398
41b20410-cc4a-8c91-8f83-2278221e1582,{'subject': 'c:\program files (x86)\google\googleupdater\126.0.6441.0\updater.exe'},3336401
bd190564-f205-831e-b3ba-9a4785df1129,{'subject': 'c:\program files (x86)\google\googleupdater\126.0.6441.0\updater.exe'},3336407
e7086b4e-d07f-83b2-9918-aff7325f6302,{'subject': 'c:\program files (x86)\google\googleupdater\126.0.6441.0\updater.exe'},3336408
91d2bf37-7576-8ba4-947f-3ba871942da0,{'subject': 'c:\program files (x86)\google\googleupdater\126.0.6441.0\updater.exe'},3336410
61ba20ae-e807-89f7-a63b-0cb5c2d253f9,{'subject': 'c:\program files (x86)\google\googleupdater\126.0.6441.0\updater.exe'},3336411
46dae7cb-2396-86e7-b645-f83f6e174d9a,{'subject': 'c:\program files (x86)\google\googleupdater\126.0.6441.0\updater.exe'},3336417
ff622f76-77a5-803c-a672-b99c425c863e,{'subject': 'c:\program files (x86)\google\googleupdater\126.0.6441.0\updater.exe'},3336418
f0332144-433f-8500-a1fa-489b44512832,{'subject': 'c:\program files\windowsapps\microsoft.outlookforwindows_1.2024.501.300_x64__8wekyb3d8bbwe\olk.exe'},3336886
b8d6862a-313f-8f08-82fa-a3b234dcb75b,{'subject': 'c:\program files\windowsapps\microsoft.outlookforwindows_1.2024.501.300_x64__8wekyb3d8bbwe\olk.exe'},3336895
41fbc74e-3333-83ed-8108-ad0b517945e6,{'subject': 'c:\program files (x86)\microsoft\edge\application\124.0.2478.80\msedgewebview2.exe'},3336930
efd26fd8-f4b3-8d9d-9ff7-85603e06caca,{'subject': 'c:\program files (x86)\microsoft\edge\application\124.0.2478.80\msedgewebview2.exe'},3336931
0e702d5c-d2f6-8ea4-81b1-3866fd470e6c,{'subject': 'c:\program files (x86)\microsoft\edge\application\124.0.2478.80\msedgewebview2.exe'},3336935
9686f0fa-d5ae-8f30-99e9-baa183c0aecc,{'subject': 'c:\program files (x86)\microsoft\edge\application\124.0.2478.80\msedgewebview2.exe'},3336948
cfab9d02-dcdc-87ac-b113-90e0a418f77d,{'subject': 'c:\program files (x86)\microsoft\edge\application\124.0.2478.80\msedgewebview2.exe'},3336951
2b934ca3-17cb-8cb2-a59a-1d99a0732e19,{'subject': 'c:\program files (x86)\microsoft\edge\application\124.0.2478.80\msedgewebview2.exe'},3337020
10f4736d-3efd-881a-97a1-8c4330d0dc74,{'subject': 'c:\program files (x86)\microsoft\edge\application\124.0.2478.80\msedgewebview2.exe'},3337173
60f91b30-cc30-8a38-9416-3314afd9f478,{'subject': 'c:\program files (x86)\microsoft\edge\application\124.0.2478.80\msedgewebview2.exe'},3337387
29efcfe3-fa48-8048-b708-3f74954363b4,{'subject': 'c:\program files (x86)\microsoft\edge\application\124.0.2478.80\msedgewebview2.exe'},3338248
adaf37ef-068c-86bb-b015-27150440cbd7,{'subject': 'c:\program files (x86)\microsoft\edge\application\124.0.2478.80\msedgewebview2.exe'},3338339
8d0b3f7e-0f8d-80b0-a2a5-c575af64f981,{'subject': 'c:\program files\windowsapps\microsoft.outlookforwindows_1.2024.501.300_x64__8wekyb3d8bbwe\xpdagent.exe'},3339966
4ac96cae-2dd3-8582-a7e1-9c9b1a22eba0,{'subject': 'c:\program files (x86)\microsoft\edge\application\124.0.2478.80\msedgewebview2.exe'},3339970
92bcb6c8-1cce-8bca-9bac-4fe8b4bf7a2a,{'subject': 'c:\program files\windowsapps\microsoft.outlookforwindows_1.2024.501.300_x64__8wekyb3d8bbwe\xpdagent.exe'},3339989
3c8a2253-1828-80b1-9bf8-be980fb43028,{'subject': 'c:\program files\windowsapps\microsoft.outlookforwindows_1.2024.501.300_x64__8wekyb3d8bbwe\xpdagent.exe'},3339990
7e555737-8ccc-8a16-a4b7-2557c1aad27a,{'subject': 'c:\program files\windowsapps\microsoft.outlookforwindows_1.2024.501.300_x64__8wekyb3d8bbwe\xpdagent.exe'},3340012
a96a1b1e-9f6c-85c1-9072-5002032462a2,{'subject': 'c:\users\efficientgoldfinch\appdata\local\microsoft\onedrive\24.081.0421.0003\filecoauth.exe'},3340867
558406f5-8bd4-8b7e-bddc-6deae478f6f7,{'subject': 'c:\program files\windowsapps\microsoft.outlookforwindows_1.2024.501.300_x64__8wekyb3d8bbwe\olk.exe'},3344901
774bfd6d-3e9a-8bc0-83a5-87f27199cd36,{'subject': 'c:\program files\windowsapps\microsoft.outlookforwindows_1.2024.501.300_x64__8wekyb3d8bbwe\olk.exe'},3344902
4d4a2972-5cb8-8fa5-b1c8-71c91207ac73,{'subject': 'c:\program files (x86)\microsoft\edge\application\124.0.2478.80\msedgewebview2.exe'},3344907
283d2b76-3de1-869b-a2eb-80e6ce7e8079,{'subject': 'c:\program files (x86)\microsoft\edge\application\124.0.2478.80\msedgewebview2.exe'},3345025
99ce78e6-aaa4-8e9b-9dbb-639183e0832d,{'subject': 'c:\program files (x86)\microsoft\edge\application\124.0.2478.80\msedgewebview2.exe'},3345056
6ccfb484-75ef-85e3-9427-0fd6b169eceb,{'subject': 'c:\program files (x86)\google\googleupdater\126.0.6441.0\updater.exe'},3345385
83358389-a965-81b3-b1b9-292b32851445,{'subject': 'c:\program files (x86)\google\googleupdater\126.0.6441.0\updater.exe'},3345389
7e25bf1e-335d-88b8-a5a1-c3b796ec4e94,{'subject': 'c:\program files (x86)\google\googleupdater\126.0.6441.0\updater.exe'},3345396
25cebadb-c00f-8817-abf3-255f63af5ca2,{'subject': 'c:\program files (x86)\google\googleupdater\126.0.6441.0\updater.exe'},3345399
2a6c33d1-9631-82eb-93c7-e4ffaa6a3002,{'subject': 'c:\program files (x86)\google\googleupdater\126.0.6441.0\updater.exe'},3345404
269062c4-01c0-8807-9410-fc4798d9765e,{'subject': 'c:\program files (x86)\google\googleupdater\126.0.6441.0\updater.exe'},3345406
f3fd05c3-0a1e-8c58-bd66-02e9783d7f2c,{'subject': 'c:\program files (x86)\google\googleupdater\126.0.6441.0\updater.exe'},3345465
fb96a965-5f6f-897c-bc5e-88e978d23f19,{'subject': 'c:\program files (x86)\google\googleupdater\126.0.6441.0\updater.exe'},3345474
64cc9737-4516-84b5-8434-58d5ff896196,{'subject': 'c:\program files (x86)\google\googleupdater\126.0.6441.0\updater.exe'},3345475
f423b90e-21a8-818e-9a29-9732b04ba70b,{'subject': 'c:\users\obviouswombat.pangolin\appdata\local\microsoft\onedrive\24.076.0414.0005\filecoauth.exe'},3346048
e97745d0-6020-848d-971a-bb4cb2704920,{'subject': 'c:\program files (x86)\microsoft\edge\application\124.0.2478.80\identity_helper.exe'},3348321
26fc3ad5-949f-8d39-89e1-1bf646ab049d,{'subject': 'c:\program files (x86)\microsoft\edge\application\124.0.2478.80\elevation_service.exe'},3348323
90652418-4320-8448-bd16-09bf940b17a4,{'subject': 'c:\program files (x86)\microsoft\edge\application\124.0.2478.80\identity_helper.exe'},3348325
c553dcae-7538-80cd-b082-08a9b6662385,{'subject': 'c:\program files (x86)\microsoft\edgewebview\application\124.0.2478.67\msedgewebview2.exe'},3348508
c0372221-e24e-8f61-b3f8-6878919657aa,{'subject': 'c:\program files (x86)\microsoft\edgewebview\application\124.0.2478.67\msedgewebview2.exe'},3348513
704708dc-208b-8856-905a-be2ede76d637,{'subject': 'c:\program files\windowsapps\microsoft.outlookforwindows_1.2024.424.300_x64__8wekyb3d8bbwe\xpdagent.exe'},3348514
4adab2a5-d391-8016-86ef-e4eefc052e4f,{'subject': 'c:\program files\windowsapps\91750d7e.slack_4.38.115.0_x64__8she8kybcnzg4\app\slack.exe'},3350447
153f1dbe-bcec-8c7e-89a7-d9d8d61c8055,{'subject': 'c:\program files (x86)\google\googleupdater\126.0.6441.0\updater.exe'},3350876
7284b0d5-d7ba-8bc8-917a-1c3daae8fcf2,{'subject': 'c:\program files (x86)\google\googleupdater\126.0.6441.0\updater.exe'},3350879
22f1d1f9-d161-8eba-863b-b0cb9600f767,{'subject': 'c:\program files (x86)\google\googleupdater\126.0.6441.0\updater.exe'},3350882
1c37ca84-b166-8cf4-b068-c902b7ba4269,{'subject': 'c:\program files (x86)\google\googleupdater\126.0.6441.0\updater.exe'},3350884
d8ce05ab-30cf-88b2-ae12-487967fb55f6,{'subject': 'c:\program files (x86)\google\googleupdater\126.0.6441.0\updater.exe'},3350885
40105113-9afe-8e1f-b612-8421feafc3f5,{'subject': 'c:\program files (x86)\google\googleupdater\126.0.6441.0\updater.exe'},3350887
ba5c91f4-9f3b-8e28-b55c-33f3aed6bbac,{'subject': 'c:\program files (x86)\google\googleupdater\126.0.6441.0\updater.exe'},3350918
d211852a-bd35-8842-9bea-9222e2b2f77d,{'subject': 'c:\program files (x86)\google\googleupdater\126.0.6441.0\updater.exe'},3350926
d010406b-b6e4-888e-a4aa-2ed10d94d8eb,{'subject': 'c:\program files (x86)\google\googleupdater\126.0.6441.0\updater.exe'},3350927
c64f5662-4e62-8dc4-8bbf-afa51e28a14c,{'subject': 'c:\windows\softwaredistribution\download\install\am_delta_patch_1.409.704.0.exe'},3351645
36580282-6016-8f4a-8512-9365bfa3ce2c,{'subject': 'c:\program files (x86)\google\googleupdater\126.0.6441.0\updater.exe'},3352299
d4f74f0e-077e-88a4-a2c5-e1f7e318190a,{'subject': 'c:\program files (x86)\google\googleupdater\126.0.6441.0\updater.exe'},3352302
d913a0e4-773b-8619-9821-7c2fabca0592,{'subject': 'c:\program files (x86)\google\googleupdater\126.0.6441.0\updater.exe'},3352305
77071ac9-d743-8295-8475-92b282864098,{'subject': 'c:\program files (x86)\google\googleupdater\126.0.6441.0\updater.exe'},3352307
27e527ac-1c48-8079-a387-b891d5080ef4,{'subject': 'c:\program files (x86)\google\googleupdater\126.0.6441.0\updater.exe'},3352308
ed1d92bc-3d4a-80e2-833f-cba410f45f61,{'subject': 'c:\program files (x86)\google\googleupdater\126.0.6441.0\updater.exe'},3352310
a29dd05c-3317-875d-a95a-4b8f5d88cf27,{'subject': 'c:\program files (x86)\google\googleupdater\126.0.6441.0\updater.exe'},3352313
e527ea6a-188c-8f80-ad5b-9d1126abc54d,{'subject': 'c:\program files (x86)\google\googleupdater\126.0.6441.0\updater.exe'},3352316
44712b3d-650b-8523-8857-55f4d9546431,{'subject': 'c:\program files (x86)\google\googleupdater\126.0.6441.0\updater.exe'},3352321
76fb4dc4-1a78-8cb5-8e0a-ee4c5762c21c,{'subject': 'c:\program files (x86)\google\googleupdater\126.0.6441.0\updater.exe'},3352324
0f8f270f-5c6a-8ae0-855e-4f08f2a8a5d3,{'subject': 'c:\program files (x86)\google\googleupdater\126.0.6441.0\updater.exe'},3352328
fcccffda-a40f-8837-8a1d-42c95f6153c3,{'subject': 'c:\program files (x86)\google\googleupdater\126.0.6441.0\updater.exe'},3352329
c310e9c4-3aaa-86f9-8d07-3df92c25c0e3,{'subject': 'c:\program files\windowsapps\microsoft.outlookforwindows_1.2024.501.300_x64__8wekyb3d8bbwe\olk.exe'},3353978
062186c9-df68-8e3f-8d57-d0fa8337e3b3,{'subject': 'c:\program files (x86)\microsoft\edge\application\124.0.2478.80\msedgewebview2.exe'},3353991
4263e89e-9a3a-8237-ab8d-a02732d5c9a9,{'subject': 'c:\program files (x86)\microsoft\edge\application\124.0.2478.80\msedgewebview2.exe'},3353996
f370719e-4433-8742-a31f-849b6f039d9d,{'subject': 'c:\windows\temp\a986c4cc-459f-47bd-9984-5f266cc46309\dismhost.exe'},3355719
6995f0f6-5aa4-8b9d-9200-e037d53f81ae,{'subject': 'c:\users\administrator\appdata\local\temp\e9590a41-76da-48f7-bae3-89a578c538b8\dismhost.exe'},3355924
bde9000e-cb40-86cd-be44-c306bffcb681,{'subject': 'c:\program files\windowsapps\microsoft.outlookforwindows_1.2024.501.300_x64__8wekyb3d8bbwe\olkpushnotificationbackgroundtask.exe'},3357447
522d32fd-0016-8e5e-997a-78ca63e89b42,{'subject': 'c:\program files\windowsapps\microsoft.outlookforwindows_1.2024.501.300_x64__8wekyb3d8bbwe\olkpushnotificationbackgroundtask.exe'},3357457
fbe3035a-edfd-87cf-b6c0-d3081fb99ccd,{'subject': 'c:\program files (x86)\microsoft\edgewebview\application\124.0.2478.80\installer\setup.exe'},3357458
f8ff76cb-6e7e-8e80-af7b-49861be677ab,{'subject': 'c:\program files (x86)\microsoft\edgewebview\application\124.0.2478.80\installer\setup.exe'},3357471
08fc6429-8200-8dde-8f97-5aa0c371ada4,{'subject': 'c:\program files (x86)\microsoft\edge\application\124.0.2478.80\elevation_service.exe'},3358614
21b14c3d-6772-89a2-88d1-e465b1c46709,{'subject': 'c:\program files (x86)\microsoft\edge\application\124.0.2478.80\identity_helper.exe'},3358647
041591fc-4747-806c-9ef9-2ee52a37529d,{'subject': 'c:\program files (x86)\microsoft\edge\application\124.0.2478.80\identity_helper.exe'},3358656
119fc844-a978-816e-bed2-a0af2fdc59b2,{'subject': 'c:\program files\windowsapps\91750d7e.slack_4.38.115.0_x64__8she8kybcnzg4\app\slack.exe'},3359279
5fb65fe3-8241-8260-a84c-449ada73e2b2,{'subject': 'c:\program files\windowsapps\91750d7e.slack_4.38.115.0_x64__8she8kybcnzg4\app\slack.exe'},3359281
2a3ef976-2346-8dc7-86af-bde1f0be4ed8,{'subject': 'c:\program files\windowsapps\91750d7e.slack_4.38.115.0_x64__8she8kybcnzg4\app\slack.exe'},3359284
c4062e8e-960c-838c-9ec4-680aa61f2d8e,{'subject': 'c:\program files\windowsapps\91750d7e.slack_4.38.115.0_x64__8she8kybcnzg4\app\slack.exe'},3359289
2f49a538-5cb6-8368-a211-557f0400a4ce,{'subject': 'c:\program files\windowsapps\91750d7e.slack_4.38.115.0_x64__8she8kybcnzg4\app\slack.exe'},3359294
baf119b9-4124-8cbe-b574-d4080da5b74f,{'subject': 'c:\program files\windowsapps\91750d7e.slack_4.38.115.0_x64__8she8kybcnzg4\app\slack.exe'},3359298
51797fc9-6a56-8e5c-a362-e1a66df93f33,{'subject': 'c:\program files\windowsapps\91750d7e.slack_4.38.115.0_x64__8she8kybcnzg4\app\slack.exe'},3359308
1317afba-0d18-8d4e-8bba-1c8c11aff20b,{'subject': 'c:\program files\windowsapps\91750d7e.slack_4.38.115.0_x64__8she8kybcnzg4\app\slack.exe'},3359313
b5a0c194-91d8-8141-8b53-a3738849960b,{'subject': 'c:\program files\windowsapps\91750d7e.slack_4.38.115.0_x64__8she8kybcnzg4\app\slack.exe'},3359356
ef16d676-3135-88c4-b586-fe7896217269,{'subject': 'c:\program files\windowsapps\91750d7e.slack_4.38.115.0_x64__8she8kybcnzg4\app\slack.exe'},3359357
d2b9f1ed-daf1-88ee-ac22-961886639f3d,{'subject': 'c:\program files\windowsapps\91750d7e.slack_4.38.115.0_x64__8she8kybcnzg4\app\slack.exe'},3359431
8dea8d3b-507f-82b0-9e73-76beddf94ffd,{'subject': 'c:\program files\windowsapps\91750d7e.slack_4.38.115.0_x64__8she8kybcnzg4\app\slack.exe'},3359432
dcf87551-2eef-8d98-b166-409ef5cecb9c,{'subject': 'c:\program files\windowsapps\microsoft.outlookforwindows_1.2024.501.300_x64__8wekyb3d8bbwe\olk.exe'},3360567
09ddef07-cc19-8af8-9c5b-33e8ef66dcb8,{'subject': 'c:\program files\windowsapps\microsoft.outlookforwindows_1.2024.501.300_x64__8wekyb3d8bbwe\olk.exe'},3360569
f5203a91-2692-8fb8-8646-2c3ee55a59d4,{'subject': 'c:\program files (x86)\microsoft\edgewebview\application\124.0.2478.80\msedgewebview2.exe'},3360596
d32c2c70-8241-882d-9ba2-bf1cfe5fa508,{'subject': 'c:\program files (x86)\microsoft\edgewebview\application\124.0.2478.80\msedgewebview2.exe'},3360597
0e8faca2-d9b1-8e15-b9fc-f8419920a3f6,{'subject': 'c:\program files (x86)\microsoft\edgewebview\application\124.0.2478.80\msedgewebview2.exe'},3360600
36ce171d-60e8-8241-ab58-2ba4b40aa0e5,{'subject': 'c:\program files (x86)\microsoft\edgewebview\application\124.0.2478.80\msedgewebview2.exe'},3360614
1522717c-f9a4-8c12-9a1a-4aafd0b07633,{'subject': 'c:\program files (x86)\microsoft\edgewebview\application\124.0.2478.80\msedgewebview2.exe'},3360624
1c31beea-db96-876e-afe7-2b27828253a5,{'subject': 'c:\program files (x86)\microsoft\edgewebview\application\124.0.2478.80\msedgewebview2.exe'},3360655
59bb2495-b8b0-8115-8da5-5555e3f7ce60,{'subject': 'c:\program files (x86)\microsoft\edgewebview\application\124.0.2478.80\msedgewebview2.exe'},3360767
2d9f99c2-1264-89f8-9fd7-c72b7a71fad8,{'subject': 'c:\program files (x86)\microsoft\edgewebview\application\124.0.2478.80\msedgewebview2.exe'},3360973
8ffc47c6-0504-87d5-bd6a-6f666ae0ed1e,{'subject': 'c:\program files (x86)\microsoft\edgewebview\application\124.0.2478.80\msedgewebview2.exe'},3361617
9013f59c-fb8a-8286-9d44-c6689e6004ba,{'subject': 'c:\users\obviouswombat.pangolin\appdata\local\microsoft\onedrive\24.076.0414.0005\microsoft.sharepoint.exe'},3361866
50b8fc6d-c7ab-8d67-bda4-f3f4f5d2cf89,{'subject': 'c:\program files\windowsapps\microsoft.windowscommunicationsapps_16005.14326.21888.0_x64__8wekyb3d8bbwe\hxcalendarappimm.exe'},3363176
6e153c70-a158-84ba-a24c-a6f854f6ae45,{'subject': 'c:\users\obviouswombat.pangolin\appdata\local\microsoft\onedrive\24.076.0414.0005\filecoauth.exe'},3363217
ec2b4f6c-fe51-8792-8368-bec4775f47bd,{'subject': 'c:\program files\windowsapps\91750d7e.slack_4.38.115.0_x64__8she8kybcnzg4\app\slack.exe'},3363361
dc10967a-bb67-882f-aa1e-52ac355e43ea,{'subject': 'c:\program files\windowsapps\microsoft.outlookforwindows_1.2024.501.300_x64__8wekyb3d8bbwe\xpdagent.exe'},3363429
3d72fd0b-07ae-85e2-ac0c-ffbc51973721,{'subject': 'c:\program files (x86)\microsoft\edgewebview\application\124.0.2478.80\msedgewebview2.exe'},3363433
efeb26a4-a9e9-8da6-923f-3511b00266a3,{'subject': 'c:\program files\windowsapps\microsoft.outlookforwindows_1.2024.501.300_x64__8wekyb3d8bbwe\xpdagent.exe'},3363451
95d2daa2-3b97-821d-b550-73d85c03dd2d,{'subject': 'c:\program files\windowsapps\microsoft.outlookforwindows_1.2024.501.300_x64__8wekyb3d8bbwe\xpdagent.exe'},3363452
3711feca-c273-899a-8c08-52fefd2aa348,{'subject': 'c:\program files\windowsapps\microsoft.outlookforwindows_1.2024.501.300_x64__8wekyb3d8bbwe\xpdagent.exe'},3363465
82ace8fc-a59f-835b-80f8-6a688216625e,{'subject': 'c:\program files\windowsapps\microsoft.windowsterminal_1.19.11213.0_x64__8wekyb3d8bbwe\windowsterminal.exe'},3363625
df8cc36c-4d90-815b-9a24-3bb617711072,{'subject': 'c:\program files\windowsapps\microsoft.windowsterminal_1.19.11213.0_x64__8wekyb3d8bbwe\windowsterminal.exe'},3363634
39574135-0d19-8c02-b30c-89e6914d21c9,{'subject': 'c:\program files\windowsapps\microsoft.windowsterminal_1.19.11213.0_x64__8wekyb3d8bbwe\windowsterminal.exe'},3363638
d38687b6-a2fd-80aa-b6c2-71b232f3fb53,{'subject': 'c:\program files\windowsapps\microsoft.windowsterminal_1.19.11213.0_x64__8wekyb3d8bbwe\windowsterminal.exe'},3363639
76ee6f90-0409-8bda-aa4e-c29ce63b2a26,{'subject': 'c:\program files\windowsapps\microsoft.windowsterminal_1.19.11213.0_x64__8wekyb3d8bbwe\openconsole.exe'},3363658
aaef4ec8-66a6-8283-8d05-e2f07a88024e,{'subject': 'c:\program files\windowsapps\microsoft.windowsterminal_1.19.11213.0_x64__8wekyb3d8bbwe\openconsole.exe'},3363659
a1d33f10-2cc2-8138-8339-2f2a867cef27,{'subject': 'c:\program files\windowsapps\microsoft.windowsterminal_1.19.11213.0_x64__8wekyb3d8bbwe\openconsole.exe'},3363660
340e47b1-aac8-8481-982c-db919b0b3ecb,{'subject': 'c:\program files\windowsapps\microsoft.windowsterminal_1.19.11213.0_x64__8wekyb3d8bbwe\openconsole.exe'},3363689
de0e1d00-ed57-8c2f-990e-05c4899eb0b7,{'subject': 'c:\program files\windowsapps\microsoft.windowsterminal_1.19.11213.0_x64__8wekyb3d8bbwe\windowsterminal.exe'},3363690
1708556d-9e90-8155-9538-2aa075df2e05,{'subject': 'c:\program files\windowsapps\microsoft.windowsterminal_1.19.11213.0_x64__8wekyb3d8bbwe\openconsole.exe'},3363691
b053198e-0428-8555-bdef-6e09c2728cf3,{'subject': 'c:\program files\windowsapps\91750d7e.slack_4.38.115.0_x64__8she8kybcnzg4\app\slack.exe'},3363941
0e51dd96-a54b-85e0-98da-bdf22a7b90eb,{'subject': 'c:\program files\windowsapps\91750d7e.slack_4.38.115.0_x64__8she8kybcnzg4\app\slack.exe'},3363942
5d1f13ce-ce8b-839a-a8b6-32ee2ea3b2d3,{'subject': 'c:\program files\windowsapps\microsoft.windowsterminal_1.19.11213.0_x64__8wekyb3d8bbwe\openconsole.exe'},3364522
e169a5d4-0079-83cf-9eb2-5b04ae561684,{'subject': 'c:\program files\windowsapps\91750d7e.slack_4.38.115.0_x64__8she8kybcnzg4\app\slack.exe'},3365496
1fa23c99-cc0b-8928-a03c-527a8d12ea7f,{'subject': 'c:\program files (x86)\microsoft\edgeupdate\download\{f3c4fe00-efd5-403b-9569-398a20f1ba4a}\1.3.187.37\microsoftedgeupdatesetup_x86_1.3.187.37.exe'},3366808
cd65ec96-5754-86bc-a93e-2745a936fe53,{'subject': 'c:\program files (x86)\microsoft\temp\eu929b.tmp\microsoftedgeupdate.exe'},3366929
1be2b4c4-9a81-8e00-a2a6-944b7c87db6c,{'subject': 'c:\program files (x86)\microsoft\edgeupdate\1.3.187.37\microsoftedgeupdatecomregistershell64.exe'},3367021
1f9c71ed-752f-86ce-afe9-854f5529c6b9,{'subject': 'c:\program files (x86)\microsoft\edgeupdate\1.3.187.37\microsoftedgeupdatecomregistershell64.exe'},3367250
a6c4c931-4045-8755-95d9-6f7be64bfbe4,{'subject': 'c:\program files (x86)\microsoft\edgeupdate\1.3.187.37\microsoftedgeupdatecomregistershell64.exe'},3367300
4c5be9f4-7d11-8abb-bc47-dd764a542c8a,{'subject': 'c:\program files (x86)\microsoft\edgewebview\application\124.0.2478.80\msedgewebview2.exe'},3367603
3bdaf1fb-4e88-8155-b2e9-127bc244b835,{'subject': 'c:\program files (x86)\microsoft\edgewebview\application\124.0.2478.80\msedgewebview2.exe'},3367606
c9c2c16d-8806-822e-8962-76ec809de655,{'subject': 'c:\program files (x86)\microsoft\edgewebview\application\124.0.2478.80\msedgewebview2.exe'},3367615
b9807ec5-6b51-85ea-af59-8c33ca33d3a1,{'subject': 'c:\program files (x86)\microsoft\edgewebview\application\124.0.2478.80\msedgewebview2.exe'},3367619
7801f78b-6c66-8e4f-9b1e-ac7b5528585d,{'subject': 'c:\program files (x86)\microsoft\edgewebview\application\124.0.2478.80\msedgewebview2.exe'},3367671
63fdd217-19d3-815c-b361-5dd5ef15dbcb,{'subject': 'c:\program files (x86)\microsoft\edgewebview\application\124.0.2478.80\msedgewebview2.exe'},3367681
b6d502ba-f39b-87b6-9206-e3e36535ee6b,{'subject': 'c:\program files (x86)\microsoft\edgewebview\application\124.0.2478.80\msedgewebview2.exe'},3367689
e7764942-57b8-88eb-9f1e-5200fd650d7f,{'subject': 'c:\program files (x86)\microsoft\edgewebview\application\124.0.2478.80\msedgewebview2.exe'},3367734
393baaac-78c9-8355-b361-0432f7b25a37,{'subject': 'c:\program files (x86)\microsoft\edgewebview\application\124.0.2478.80\msedgewebview2.exe'},3367816
5e09930e-5fc8-857e-b75f-cb084ffc7246,{'subject': 'c:\program files (x86)\microsoft\edgewebview\application\124.0.2478.80\msedgewebview2.exe'},3367839
57789533-f9a5-82a3-a58e-a36ae6d29564,{'subject': 'c:\program files\windowsapps\microsoft.windowsterminal_1.19.11213.0_x64__8wekyb3d8bbwe\openconsole.exe'},3367884
ca5825db-b046-8bb9-a349-bfa2d55dbbd4,{'subject': 'c:\users\obviouswombat.pangolin\appdata\local\microsoft\onedrive\24.076.0414.0005\filecoauth.exe'},3368514
9d2e5a70-7e46-895f-932a-f389844cec6b,{'subject': 'c:\users\obviouswombat.pangolin\appdata\roaming\zoom\bin\cpthost.exe'},3368518
30f26e94-9098-8083-97a5-ad35c344fce7,{'subject': 'c:\program files (x86)\google\googleupdater\126.0.6441.0\updater.exe'},3369399
f1f273a6-060c-8822-8738-e13d8cd716a9,{'subject': 'c:\program files (x86)\google\googleupdater\126.0.6441.0\updater.exe'},3369400
735fd5c8-9175-88c2-8085-892b2e1f9acb,{'subject': 'c:\program files (x86)\google\googleupdater\126.0.6441.0\updater.exe'},3369403
65361fa0-d36e-85fc-92fe-2333b314e49d,{'subject': 'c:\program files (x86)\google\googleupdater\126.0.6441.0\updater.exe'},3369479
2899f292-3be3-8c62-9326-751f1479aeae,{'subject': 'c:\program files (x86)\google\googleupdater\126.0.6441.0\updater.exe'},3369485
4694c1b9-4459-88ba-a8ae-2fabc1b1373e,{'subject': 'c:\program files (x86)\google\googleupdater\126.0.6441.0\updater.exe'},3369486
36a9b37f-9dae-83ba-b900-c4dbd0b43ec7,{'subject': 'c:\program files (x86)\google\googleupdater\126.0.6441.0\updater.exe'},3369487
6902f416-44f6-82ce-b470-db43994b0d44,{'subject': 'c:\program files (x86)\google\googleupdater\126.0.6441.0\updater.exe'},3370038
15fa16b7-e9f1-8577-9ce2-e5f313a6bc52,{'subject': 'c:\program files (x86)\google\googleupdater\126.0.6441.0\updater.exe'},3370083
82375023-2bd0-8abe-8fb3-f2ce62f3ad5e,{'subject': 'c:\program files\windowsapps\microsoft.outlookforwindows_1.2024.501.300_x64__8wekyb3d8bbwe\olkpushnotificationbackgroundtask.exe'},3370150
f3795684-0c6e-8434-8d41-8a9d2be364c2,{'subject': 'c:\program files\windowsapps\microsoft.outlookforwindows_1.2024.501.300_x64__8wekyb3d8bbwe\olkpushnotificationbackgroundtask.exe'},3370151
fbde7dd1-a954-8daa-9a01-4d7285845de7,{'subject': 'c:\program files (x86)\microsoft\edge\application\124.0.2478.80\elevation_service.exe'},3370774
c3ba810c-5c85-8631-aead-43d48aa4b29e,{'subject': 'c:\program files (x86)\microsoft\edge\application\124.0.2478.80\identity_helper.exe'},3370837
e7d93a33-89ea-88a1-a106-f80e0fc4c0f0,{'subject': 'c:\program files (x86)\microsoft\edge\application\124.0.2478.80\identity_helper.exe'},3370840
55cb02bd-55b8-8b3a-a015-0c29ce90121c,{'subject': 'c:\program files (x86)\google\googleupdater\126.0.6441.0\updater.exe'},3375096
7580d4b0-afb9-809d-b7c1-de3d0c689b5d,{'subject': 'c:\program files (x86)\google\googleupdater\126.0.6441.0\updater.exe'},3375098
638de23f-de11-8ddc-a2d8-f2fa75120e7b,{'subject': 'c:\program files (x86)\google\googleupdater\126.0.6441.0\updater.exe'},3375147
1d1952d8-aef4-816f-8966-53135dcb3ff5,{'subject': 'c:\program files (x86)\google\googleupdater\126.0.6441.0\updater.exe'},3375149
b5d30064-4e8e-8c47-bc90-f445cbc43cea,{'subject': 'c:\users\efficientgoldfinch\appdata\local\microsoft\onedrive\24.081.0421.0003\filecoauth.exe'},3375185
aec746a6-d2f7-8b7c-940f-bee455da68c8,{'subject': 'c:\program files\windowsapps\microsoft.outlookforwindows_1.2024.501.300_x64__8wekyb3d8bbwe\olk.exe'},3375872
6d745f10-3c71-8428-8bd0-df9364a8a328,{'subject': 'c:\program files\windowsapps\microsoft.outlookforwindows_1.2024.501.300_x64__8wekyb3d8bbwe\olk.exe'},3375878
748eca21-200f-8354-b1c4-979ec48fb80f,{'subject': 'c:\program files (x86)\microsoft\edgewebview\application\124.0.2478.80\msedgewebview2.exe'},3375902
afe2fb60-7fcf-851c-9533-110ed5916645,{'subject': 'c:\program files (x86)\microsoft\edgewebview\application\124.0.2478.80\msedgewebview2.exe'},3375903
2da8f8ea-8633-8dd2-bd98-8a30bb99bbe2,{'subject': 'c:\program files (x86)\microsoft\edgewebview\application\124.0.2478.80\msedgewebview2.exe'},3375907
2a0620b7-b71c-8d68-89b1-614a550ac606,{'subject': 'c:\program files (x86)\microsoft\edgewebview\application\124.0.2478.80\msedgewebview2.exe'},3375914
078564a3-aeaf-8a7a-b3b8-7a3a7fd7528d,{'subject': 'c:\program files (x86)\microsoft\edgewebview\application\124.0.2478.80\msedgewebview2.exe'},3375922
1b7b30d7-edc0-877f-87ee-78b95779d3cb,{'subject': 'c:\program files (x86)\microsoft\edgewebview\application\124.0.2478.80\msedgewebview2.exe'},3375931
65d5ffd2-48a1-8e25-877c-b9da14b599b4,{'subject': 'c:\program files (x86)\microsoft\edgewebview\application\124.0.2478.80\msedgewebview2.exe'},3376073
3aed91de-a953-8664-81ba-df422b6e7ee5,{'subject': 'c:\program files (x86)\microsoft\edgewebview\application\124.0.2478.80\msedgewebview2.exe'},3376272
836ac9e4-5059-8015-9ca8-a988c41919ab,{'subject': 'c:\program files (x86)\microsoft\edgewebview\application\124.0.2478.80\msedgewebview2.exe'},3377225
afd7537a-360e-8b18-91f5-3f019be90d35,{'subject': 'c:\program files (x86)\microsoft\edgewebview\application\124.0.2478.80\msedgewebview2.exe'},3379547
31d08c66-d334-81b0-b89c-82e9b8f13717,{'subject': 'c:\program files (x86)\microsoft\edgewebview\application\124.0.2478.80\msedgewebview2.exe'},3379555
577a7461-7b92-87b2-bb4b-c0a2ba06e8ec,{'subject': 'c:\program files (x86)\microsoft\edgewebview\application\124.0.2478.80\msedgewebview2.exe'},3379594
c3da54fb-b34a-8958-ae4f-f7786efc7f17,{'subject': 'c:\program files (x86)\microsoft\edgewebview\application\124.0.2478.80\msedgewebview2.exe'},3379600
161a24aa-ec17-8749-9281-9c19d645449d,{'subject': 'c:\program files (x86)\microsoft\edgewebview\application\124.0.2478.80\msedgewebview2.exe'},3379612
6604ae3e-1d06-8af5-8055-10f682e84b5a,{'subject': 'c:\program files\windowsapps\microsoft.outlookforwindows_1.2024.501.300_x64__8wekyb3d8bbwe\xpdagent.exe'},3379628
829f9573-1520-894a-8f2b-553330a7f5b0,{'subject': 'c:\program files (x86)\microsoft\edgewebview\application\124.0.2478.80\msedgewebview2.exe'},3379633
dba50613-6e2b-869a-a352-54451477a278,{'subject': 'c:\program files (x86)\microsoft\edgewebview\application\124.0.2478.80\msedgewebview2.exe'},3379663
843a6061-7ad4-851a-adc7-e15d22bc067b,{'subject': 'c:\program files\windowsapps\microsoft.outlookforwindows_1.2024.501.300_x64__8wekyb3d8bbwe\xpdagent.exe'},3379664
1b20986c-fc52-80ff-947a-7adea798913a,{'subject': 'c:\program files\windowsapps\microsoft.outlookforwindows_1.2024.501.300_x64__8wekyb3d8bbwe\xpdagent.exe'},3379666
999ddbbd-8895-843b-af6b-6201f5136fb8,{'subject': 'c:\program files\windowsapps\microsoft.outlookforwindows_1.2024.501.300_x64__8wekyb3d8bbwe\xpdagent.exe'},3379697
cad0e970-4fdc-8df9-a130-ee79fc0603b9,{'subject': 'c:\program files (x86)\microsoft\edgewebview\application\124.0.2478.80\msedgewebview2.exe'},3380130
26563a41-3bf5-8862-9aec-202a1c963c64,{'subject': 'c:\program files\windowsapps\microsoft.outlookforwindows_1.2024.501.300_x64__8wekyb3d8bbwe\olk.exe'},3380146
36c1f65f-b691-8f24-b46a-680c50a00e5a,{'subject': 'c:\program files\windowsapps\microsoft.outlookforwindows_1.2024.501.300_x64__8wekyb3d8bbwe\olk.exe'},3380149
081d33fc-139d-8b40-9b1a-275cf67c2329,{'subject': 'c:\program files (x86)\microsoft\edgewebview\application\124.0.2478.80\msedgewebview2.exe'},3380162
a3383f5a-5ce4-8881-ab5d-83e0c8649abb,{'subject': 'c:\program files (x86)\microsoft\edgewebview\application\124.0.2478.80\msedgewebview2.exe'},3380163
ac28024f-1c2d-83f5-be75-16d05c97be92,{'subject': 'c:\program files (x86)\microsoft\edgewebview\application\124.0.2478.80\msedgewebview2.exe'},3380166
6e41ac30-bb79-8b29-85e5-06f3f9b2b13e,{'subject': 'c:\program files (x86)\microsoft\edgewebview\application\124.0.2478.80\msedgewebview2.exe'},3380174
4eb80904-7164-8893-81e7-9df441427764,{'subject': 'c:\program files (x86)\microsoft\edgewebview\application\124.0.2478.80\msedgewebview2.exe'},3380182
ff1db6ea-d5c2-84eb-9d1d-654a2fa606bf,{'subject': 'c:\program files (x86)\microsoft\edgewebview\application\124.0.2478.80\msedgewebview2.exe'},3380206
f6576440-0d02-830e-9255-cf1cb292ea6c,{'subject': 'c:\program files (x86)\microsoft\edgewebview\application\124.0.2478.80\msedgewebview2.exe'},3380394
16bbe8e5-6f11-8d09-a9e1-b1c65a889864,{'subject': 'c:\program files (x86)\microsoft\edgewebview\application\124.0.2478.80\msedgewebview2.exe'},3380625
916afba6-942a-8d46-addf-071eeed85494,{'subject': 'c:\program files (x86)\microsoft\edgewebview\application\124.0.2478.80\msedgewebview2.exe'},3381052
e2418f01-4eb4-89c7-8a12-f28132ef1510,{'subject': 'c:\program files (x86)\microsoft\edgewebview\application\124.0.2478.80\msedgewebview2.exe'},3381600
dbfc5923-c3f6-8a77-ad1d-f0139756aa3d,{'subject': 'c:\program files (x86)\microsoft\edgewebview\application\124.0.2478.80\msedgewebview2.exe'},3381622
9aba91bc-6134-83c3-9e69-250b2d9d71d0,{'subject': 'c:\program files (x86)\microsoft\edgewebview\application\124.0.2478.80\msedgewebview2.exe'},3382324
d04a99a2-0989-8008-ad99-290c4bd56420,{'subject': 'c:\program files (x86)\microsoft\edgewebview\application\124.0.2478.80\msedgewebview2.exe'},3382424
08c44ecc-6593-871b-98e2-d88ffee3cddd,{'subject': 'c:\program files\windowsapps\microsoft.outlookforwindows_1.2024.501.300_x64__8wekyb3d8bbwe\xpdagent.exe'},3382626
8e882fa9-633f-898f-bfd0-81305f05759a,{'subject': 'c:\program files (x86)\microsoft\edgewebview\application\124.0.2478.80\msedgewebview2.exe'},3382630
bedcc328-ff73-8147-8af8-6618ae81fba5,{'subject': 'c:\program files\windowsapps\microsoft.outlookforwindows_1.2024.501.300_x64__8wekyb3d8bbwe\xpdagent.exe'},3382657
eaa75a05-b254-8c8e-90a0-96f668cffee5,{'subject': 'c:\program files\windowsapps\microsoft.outlookforwindows_1.2024.501.300_x64__8wekyb3d8bbwe\xpdagent.exe'},3382658
1e5d6874-d7f5-823e-acb6-0d67dc4a80fd,{'subject': 'c:\program files\windowsapps\microsoft.outlookforwindows_1.2024.501.300_x64__8wekyb3d8bbwe\xpdagent.exe'},3382672
c2523a34-2d43-8a80-8444-675271223051,{'subject': 'c:\program files (x86)\microsoft\edgewebview\application\124.0.2478.80\msedgewebview2.exe'},3382940
965143fd-e733-8419-9ba3-7dbc8db6aeea,{'subject': 'c:\users\efficientgoldfinch\appdata\local\temp\4b7c468c-1590-4a67-a634-64a1c9562909\dismhost.exe'},3385281
757abcda-8974-8149-88d2-db972a200228,{'subject': 'c:\program files\google\chrome\application\124.0.6367.119\elevation_service.exe'},3386137
7d8c6aa5-dac7-876f-b11f-8f851ad69a3e,{'subject': 'c:\program files (x86)\google\googleupdater\126.0.6441.0\updater.exe'},3392819
0f9b2f59-995e-81ca-bffc-9038613fdc4b,{'subject': 'c:\program files (x86)\google\googleupdater\126.0.6441.0\updater.exe'},3392823
ae61adbb-8387-879f-9140-0eb81b6e9521,{'subject': 'c:\program files (x86)\google\googleupdater\126.0.6441.0\updater.exe'},3392827
b0179063-99f4-80b2-be5a-caaee187adb3,{'subject': 'c:\program files (x86)\google\googleupdater\126.0.6441.0\updater.exe'},3392830
f9d52ef5-057d-8a5d-9b48-33bb2a6801d4,{'subject': 'c:\program files (x86)\google\googleupdater\126.0.6441.0\updater.exe'},3392834
7358d93c-38f7-80d7-a75d-6b1f3dce06a4,{'subject': 'c:\program files (x86)\google\googleupdater\126.0.6441.0\updater.exe'},3392836
9c52290f-2a95-8f3d-990c-32612095c460,{'subject': 'c:\program files (x86)\google\googleupdater\126.0.6441.0\updater.exe'},3392861
e2418292-755c-8791-87a2-485dd0e4236d,{'subject': 'c:\program files (x86)\google\googleupdater\126.0.6441.0\updater.exe'},3392862
b3d516d5-f710-82b4-a014-64fd32327e4e,{'subject': 'c:\program files\windowsapps\microsoft.outlookforwindows_1.2024.501.300_x64__8wekyb3d8bbwe\olk.exe'},3394202
4c47a258-ed1c-898a-bef7-c80b99e680ff,{'subject': 'c:\program files\windowsapps\microsoft.outlookforwindows_1.2024.501.300_x64__8wekyb3d8bbwe\olk.exe'},3394207
0ce890e2-f738-89f0-abba-c79b749f8ecc,{'subject': 'c:\program files (x86)\microsoft\edgewebview\application\124.0.2478.80\msedgewebview2.exe'},3394217
c1dba641-711b-8322-a4cf-0f37fafe3fe5,{'subject': 'c:\program files (x86)\microsoft\edgewebview\application\124.0.2478.80\msedgewebview2.exe'},3394218
ed9d686d-5977-8434-9662-9186e14051bb,{'subject': 'c:\program files (x86)\microsoft\edgewebview\application\124.0.2478.80\msedgewebview2.exe'},3394226
b2921567-5136-8065-85cf-07dca24bdfb3,{'subject': 'c:\program files (x86)\microsoft\edgewebview\application\124.0.2478.80\msedgewebview2.exe'},3394240
72b0bbf1-92a6-8771-a1fb-286a29c2eb6d,{'subject': 'c:\program files (x86)\microsoft\edgewebview\application\124.0.2478.80\msedgewebview2.exe'},3394243
84cf1c9c-e728-8d4e-94c7-e509f87c2ec5,{'subject': 'c:\program files (x86)\microsoft\edgewebview\application\124.0.2478.80\msedgewebview2.exe'},3394323
6e0e2b54-a410-8e63-a105-050f922d6b95,{'subject': 'c:\program files (x86)\microsoft\edgewebview\application\124.0.2478.80\msedgewebview2.exe'},3394436
70e558ab-2388-8674-975d-32bc6903911d,{'subject': 'c:\program files (x86)\microsoft\edgewebview\application\124.0.2478.80\msedgewebview2.exe'},3394645
aad39be8-88a2-8834-ba4b-466c4592dfc7,{'subject': 'c:\program files (x86)\microsoft\edgewebview\application\124.0.2478.80\msedgewebview2.exe'},3396210
43199ffb-71e3-891b-aead-47cad16fa201,{'subject': 'c:\program files (x86)\microsoft\edgewebview\application\124.0.2478.80\msedgewebview2.exe'},3396230
a58d839b-4fe4-8a11-a6e6-c477cb8fa254,{'subject': 'c:\program files (x86)\microsoft\edgewebview\application\124.0.2478.80\msedgewebview2.exe'},3396415
68316063-67f8-87eb-9544-70ff9c621fed,{'subject': 'c:\program files\windowsapps\microsoft.outlookforwindows_1.2024.501.300_x64__8wekyb3d8bbwe\xpdagent.exe'},3396662
80dc3345-0ccd-8b58-b01c-695e8cea8d17,{'subject': 'c:\program files (x86)\microsoft\edgewebview\application\124.0.2478.80\msedgewebview2.exe'},3396667
efcf10b9-5ee5-85b1-bb76-ee9a103cb40a,{'subject': 'c:\program files\windowsapps\microsoft.outlookforwindows_1.2024.501.300_x64__8wekyb3d8bbwe\xpdagent.exe'},3396694
2ebdfeb2-556f-8d3c-9307-11ee7e2479cc,{'subject': 'c:\program files\windowsapps\microsoft.outlookforwindows_1.2024.501.300_x64__8wekyb3d8bbwe\xpdagent.exe'},3396707
a35b5227-b783-8c9e-91ab-930f3613e5bf,{'subject': 'c:\program files\windowsapps\microsoft.outlookforwindows_1.2024.501.300_x64__8wekyb3d8bbwe\xpdagent.exe'},3396709
8e214855-5c6a-833b-a2db-ef27442eb569,{'subject': 'c:\users\efficientgoldfinch\appdata\local\microsoft\onedrive\24.081.0421.0003\filecoauth.exe'},3399412
8963180e-3833-8a11-b791-207400525ce4,{'subject': 'c:\program files (x86)\google\googleupdater\126.0.6441.0\updater.exe'},3400217
7b3b62a9-144b-8eba-adce-d281dfd27911,{'subject': 'c:\program files (x86)\google\googleupdater\126.0.6441.0\updater.exe'},3400220
e3d6afe4-4055-8c5a-891e-068555d0e489,{'subject': 'c:\program files (x86)\google\googleupdater\126.0.6441.0\updater.exe'},3400224
76852c3d-26ef-8064-acad-301849f220a5,{'subject': 'c:\program files (x86)\google\googleupdater\126.0.6441.0\updater.exe'},3400229
342ea983-b22b-871c-ab49-5b13f34ebc5d,{'subject': 'c:\program files (x86)\google\googleupdater\126.0.6441.0\updater.exe'},3400230
0d562ebd-f273-8fab-bd2a-7f09e1f76922,{'subject': 'c:\program files (x86)\google\googleupdater\126.0.6441.0\updater.exe'},3400236
24c189f5-ac1d-8c82-a668-74ca0e332aba,{'subject': 'c:\program files (x86)\google\googleupdater\126.0.6441.0\updater.exe'},3400251
ea4cdc0c-c1bf-8d9d-8721-f0650cbc9829,{'subject': 'c:\program files (x86)\google\googleupdater\126.0.6441.0\updater.exe'},3400252
eaaa1e93-07e5-8aa4-9aae-9082e11f3f9e,{'subject': 'c:\program files\windowsapps\microsoft.outlookforwindows_1.2024.501.300_x64__8wekyb3d8bbwe\olkpushnotificationbackgroundtask.exe'},3401142
05c2d20f-4e95-8c74-808b-fea98066b4d6,{'subject': 'c:\program files\windowsapps\microsoft.outlookforwindows_1.2024.501.300_x64__8wekyb3d8bbwe\olkpushnotificationbackgroundtask.exe'},3401143
79f381b9-a6c7-8f2d-b8d5-13811d7e2d0a,{'subject': 'c:\windows\system32\findstr.exe'},3404578
4763ce1f-2770-8140-976d-76efab9ea858,{'subject': 'c:\users\obviouswombat.pangolin\appdata\local\temp\1c9654e6-c7bd-4abf-9fd6-dc9a8715669f\dismhost.exe'},3404941
fffffc66-6205-81fb-883f-cb29bbb739c5,{'subject': 'c:\program files\windowsapps\microsoft.outlookforwindows_1.2024.501.300_x64__8wekyb3d8bbwe\xpdagent.exe'},3407349
d89a52c3-d3a6-8194-ba72-1ca59f8016c5,{'subject': 'c:\program files\windowsapps\microsoft.outlookforwindows_1.2024.501.300_x64__8wekyb3d8bbwe\xpdagent.exe'},3407365
16255677-a7aa-88bd-a9dc-97c7e39aa500,{'subject': 'c:\program files (x86)\google\googleupdater\126.0.6441.0\updater.exe'},3407437
86cc2aad-f00f-8c5a-a662-5228616bc0b9,{'subject': 'c:\program files (x86)\google\googleupdater\126.0.6441.0\updater.exe'},3407440
c3fd0b63-c6e9-8d36-b1c6-097fa6e841fa,{'subject': 'c:\program files (x86)\google\googleupdater\126.0.6441.0\updater.exe'},3407444
e79e0fc1-3687-835b-ba51-324284cca43b,{'subject': 'c:\program files (x86)\google\googleupdater\126.0.6441.0\updater.exe'},3407449
97b5fbaa-7461-82d3-ade0-02d55a4c75d8,{'subject': 'c:\program files (x86)\google\googleupdater\126.0.6441.0\updater.exe'},3407454
d598a5ff-7846-8f00-97cb-e828b491bddb,{'subject': 'c:\program files (x86)\google\googleupdater\126.0.6441.0\updater.exe'},3407456
43cd1fa6-b04d-819c-a5fd-195d52cc56c6,{'subject': 'c:\program files (x86)\google\googleupdater\126.0.6441.0\updater.exe'},3407464
559ce6f3-a14a-8223-a49b-15597b51745a,{'subject': 'c:\program files (x86)\google\googleupdater\126.0.6441.0\updater.exe'},3407480
c5e4c507-8df1-8544-a0c3-f653b4216f9c,{'subject': 'c:\program files (x86)\google\googleupdater\126.0.6441.0\updater.exe'},3407481
3c784370-e851-897f-be05-f9ddacbcffcf,{'subject': 'c:\windows\system32\openssh\scp.exe'},3407621
776e25f8-f424-84c7-9e6d-98e7e8d82ba9,{'subject': 'c:\windows\system32\openssh\scp.exe'},3407625
b08942ba-5f1a-82ee-9224-7d29308fcf0c,{'subject': 'c:\windows\system32\openssh\scp.exe'},3407646
e58d046c-5a6b-817d-8f99-20dd396380a6,{'subject': 'c:\windows\system32\openssh\ssh-agent.exe'},3407650
1f57063a-f774-8a56-b68d-42272508830a,{'subject': 'c:\windows\system32\openssh\ssh-agent.exe'},3407651
196ebd24-bf90-87b2-a39b-3fea945ed747,{'subject': 'c:\windows\system32\findstr.exe'},3407687
40c34a9d-b6c4-8485-a9ca-1ea1fe2e32a4,{'subject': 'c:\windows\tiny.exe'},3407689
25baf6d1-07a4-89f9-ab9a-5a1c6e89ca8d,{'subject': 'c:\program files (x86)\microsoft\edgewebview\application\124.0.2478.80\msedgewebview2.exe'},3407833
7c95c14c-cfa5-8b55-a582-d83794b5bdf2,{'subject': 'c:\program files (x86)\microsoft\edgewebview\application\124.0.2478.80\msedgewebview2.exe'},3407837
7a19837e-2eee-8071-b21c-f1b51377e4cc,{'subject': 'c:\program files (x86)\microsoft\edgewebview\application\124.0.2478.80\msedgewebview2.exe'},3407856
99bea736-440e-872e-b0d6-c970860dd7b9,{'subject': 'c:\program files (x86)\microsoft\edgewebview\application\124.0.2478.80\msedgewebview2.exe'},3407860
f43819f6-71fe-85db-9453-4e7820cbb923,{'subject': 'c:\program files (x86)\microsoft\edgewebview\application\124.0.2478.80\msedgewebview2.exe'},3407908
72dc8ee6-a234-8f33-9d39-e6045adbcb2f,{'subject': 'c:\program files (x86)\microsoft\edgewebview\application\124.0.2478.80\msedgewebview2.exe'},3408026
531b5b85-2227-87dd-b097-21edc58975d6,{'subject': 'c:\program files (x86)\microsoft\edgewebview\application\124.0.2478.80\msedgewebview2.exe'},3408052
5b0cbc65-25a3-861b-afff-b40eedfbc9c0,{'subject': 'c:\program files (x86)\microsoft\edgewebview\application\124.0.2478.80\msedgewebview2.exe'},3408145
1f94aa84-ca2a-87f0-8612-3f1b3e17a311,{'subject': 'c:\windows\adws\microsoft.activedirectory.webservices.exe'},3408211
79c02219-5ae6-87d1-a9b1-0aed001e415c,{'subject': 'c:\program files\windowsapps\microsoft.windowsterminal_1.19.11213.0_x64__8wekyb3d8bbwe\elevate-shim.exe'},3408346
8ac96b4f-486e-835f-aef3-bc2787c92a79,{'subject': 'c:\program files\windowsapps\microsoft.windowsterminal_1.19.11213.0_x64__8wekyb3d8bbwe\openconsole.exe'},3408354
84616f51-25f1-8343-9922-a74c4ee30eb0,{'subject': 'c:\windows\system32\dataexchangehost.exe'},3408362
263eed22-e8d2-86e4-9500-d86092c4a84c,{'subject': 'c:\program files (x86)\microsoft\edgewebview\application\124.0.2478.80\msedgewebview2.exe'},3408394
cba01f10-7764-8409-a53d-5c9053a0dfc5,{'subject': 'c:\windows\temp\plink.exe'},3408586
2011b46d-d527-8623-889a-b73ce3169405,{'subject': 'c:\program files\windowsapps\microsoft.outlookforwindows_1.2024.501.300_x64__8wekyb3d8bbwe\xpdagent.exe'},3410192
5445ad37-e6e1-8190-9ba8-37eef1f29df2,{'subject': 'c:\program files\windowsapps\microsoft.outlookforwindows_1.2024.501.300_x64__8wekyb3d8bbwe\xpdagent.exe'},3410206
9d47a152-8fcd-8bf0-a1f4-d66d3d95232a,{'subject': 'c:\program files (x86)\microsoft\edgewebview\application\124.0.2478.80\msedgewebview2.exe'},3410362
2259e523-de6b-8a7b-a4ce-5e651df0b568,{'subject': 'c:\program files (x86)\microsoft\edgewebview\application\124.0.2478.80\msedgewebview2.exe'},3410374
32e29839-2389-86dc-92a7-5c3409e3f762,{'subject': 'c:\program files (x86)\microsoft\edgewebview\application\124.0.2478.80\msedgewebview2.exe'},3410391
a5a945a0-b53c-8b3c-a58d-5794b057314e,{'subject': 'c:\program files (x86)\microsoft\edgewebview\application\124.0.2478.80\msedgewebview2.exe'},3410663
b46ffb69-65fa-8746-93ea-5c3199211a5e,{'subject': 'c:\program files (x86)\microsoft\edgewebview\application\124.0.2478.80\msedgewebview2.exe'},3410665
aab551b9-dc9e-8c2c-a006-050d04a3dc6f,{'subject': 'c:\program files (x86)\microsoft\edgewebview\application\124.0.2478.80\msedgewebview2.exe'},3410670
84bb9a67-4811-8bed-814f-e93257324dac,{'subject': 'c:\program files (x86)\microsoft\edgewebview\application\124.0.2478.80\msedgewebview2.exe'},3410684
0c479cde-07cb-8a0f-80a8-804366fe589d,{'subject': 'c:\program files (x86)\microsoft\edgewebview\application\124.0.2478.80\msedgewebview2.exe'},3410694
4df4b444-71fd-8eea-b634-d36c814d9453,{'subject': 'c:\program files (x86)\microsoft\edgewebview\application\124.0.2478.80\msedgewebview2.exe'},3410704
fdb20744-fd62-890a-bf27-156f54c07a8b,{'subject': 'c:\windows\system32\configure-smremoting.exe'},3411539
28030eb5-1aa5-8d9c-a006-0bc2fe3486a5,{'subject': 'c:\windows\system32\configure-smremoting.exe'},3411546
49e70ae1-5cb0-8198-b537-86e7c65bf6de,{'subject': 'c:\windows\system32\systempropertiesremote.exe'},3411568
1b42aa08-ff1a-828c-a372-45632b58505a,{'subject': 'c:\windows\system32\configure-smremoting.exe'},3411643
b3036447-e437-868f-b6c1-fbbcab0b4504,{'subject': 'c:\windows\system32\configure-smremoting.exe'},3411652
6d3e484f-5837-82b2-a6c9-f29089aa38b3,{'subject': 'c:\windows\system32\configure-smremoting.exe'},3411762
a0cded8e-3117-8343-b0f8-b61f3ed16e51,{'subject': 'c:\windows\system32\configure-smremoting.exe'},3411767
2f0e1e96-0f54-8b93-babb-403c106f27ba,{'subject': 'c:\windows\system32\configure-smremoting.exe'},3411912
76d0098f-b4ac-8149-be2c-0eaeb20236a3,{'subject': 'c:\windows\system32\configure-smremoting.exe'},3411921
2a6c8e44-6e02-8fc8-a0b5-abfdaddb3dc9,{'subject': 'c:\users\efficientgoldfinch\appdata\local\microsoft\onedrive\24.081.0421.0003\microsoft.sharepoint.exe'},3411982
931982b6-0a8e-859e-b232-2cdf550b794f,{'subject': 'c:\windows\system32\configure-smremoting.exe'},3412546
daf906b8-abdc-89b5-9091-dfb170813b80,{'subject': 'c:\windows\system32\configure-smremoting.exe'},3412549
d360af8d-42a1-82c2-aea6-b9a46715a82c,{'subject': 'c:\windows\system32\configure-smremoting.exe'},3412831
886245f2-98f2-84d1-a3bd-bc7e2bc4514d,{'subject': 'c:\windows\system32\configure-smremoting.exe'},3412841
0bc6f472-8efe-841f-9f44-75b56c882976,{'subject': 'c:\windows\system32\configure-smremoting.exe'},3487921
71cafdb4-f557-8f91-adaf-5af09483b552,{'subject': 'c:\windows\system32\servermanager.exe'},3413516
40e57367-3003-8496-9958-d306aaffe631,{'subject': 'c:\windows\system32\configure-smremoting.exe'},3413551
6977ca68-9618-8874-b169-6d65246b7304,{'subject': 'c:\windows\system32\configure-smremoting.exe'},3413556
ed5562c7-1583-8a1c-b994-25d9b218b1ab,{'subject': 'c:\windows\system32\tstheme.exe'},3413913
dd38a6f6-d882-85f8-b07c-ec276fdb51b6,{'subject': 'c:\windows\system32\rdpclip.exe'},3414071
ca6ba009-6aeb-8f24-853f-ed8d31781704,{'subject': 'c:\windows\system32\servermanager.exe'},3414183
c9f62d48-9708-8558-848c-e6aa4130c9db,{'subject': 'c:\windows\system32\configure-smremoting.exe'},3414318
fb92c529-b81a-87ad-8bdf-921b6d7ca9ee,{'subject': 'c:\program files (x86)\microsoft\edge\application\124.0.2478.80\identity_helper.exe'},3414448
9db64adc-d68d-8e7d-8d82-728140b4b221,{'subject': 'c:\program files (x86)\microsoft\edge\application\124.0.2478.80\identity_helper.exe'},3414450
47438a44-74c4-8a0b-80ef-208a88cb62fa,{'subject': 'c:\program files (x86)\microsoft\edge\application\124.0.2478.80\elevation_service.exe'},3414454
1cfdd2ba-850f-85b0-8f23-6c88d511d439,{'subject': 'c:\program files\windowsapps\91750d7e.slack_4.38.115.0_x64__8she8kybcnzg4\app\slack.exe'},3414486
4157ade4-36d2-8d83-964d-77e9f2d5dfdf,{'subject': 'c:\program files (x86)\microsoft\edgecore\124.0.2478.80\elevation_service.exe'},3414800
ff8213ca-9363-819d-8cb0-fb471f2a88c9,{'subject': 'c:\windows\system32\qwinsta.exe'},3415710
5650f32b-d3ec-85d5-a348-10110a4f983c,{'subject': 'c:\windows\system32\mstsc.exe'},3415779
5bac3395-ebf1-81ea-9e65-5d259b2974b0,{'subject': 'c:\windows\system32\configure-smremoting.exe'},3415792
f31f15f6-33fe-88bb-b2db-e26bd16dc51a,{'subject': 'c:\program files (x86)\google\googleupdater\126.0.6441.0\updater.exe'},3415800
ed18aa00-b9fa-81d0-b3ce-3c1ad9c401aa,{'subject': 'c:\program files (x86)\google\googleupdater\126.0.6441.0\updater.exe'},3415803
327ea2a1-74ea-83aa-8ec3-f9b03685ec33,{'subject': 'c:\program files (x86)\google\googleupdater\126.0.6441.0\updater.exe'},3415806
f0e0c5a9-69b3-8c5e-9e72-f8c929408e16,{'subject': 'c:\program files (x86)\google\googleupdater\126.0.6441.0\updater.exe'},3415808
8c7c5bd0-2c3b-89d0-8992-d18793dab9af,{'subject': 'c:\windows\system32\configure-smremoting.exe'},3415810
ff8658b1-a1d0-8ca4-987a-8059c3ea4044,{'subject': 'c:\program files (x86)\google\googleupdater\126.0.6441.0\updater.exe'},3415811
2b12d04b-8d76-87e0-beda-16ac05f0df22,{'subject': 'c:\program files (x86)\google\googleupdater\126.0.6441.0\updater.exe'},3415813
b7947283-f8a9-8f1a-b142-3dd74e495182,{'subject': 'c:\program files (x86)\google\googleupdater\126.0.6441.0\updater.exe'},3415816
9f977e98-f766-802e-93a0-7667530d7e96,{'subject': 'c:\program files (x86)\google\googleupdater\126.0.6441.0\updater.exe'},3415820
c7d5afaf-2488-8942-bbf1-c9fb5dc8cb05,{'subject': 'c:\program files (x86)\google\googleupdater\126.0.6441.0\updater.exe'},3415821
b3c2b453-3fc7-8970-b9ae-fb6f410cca62,{'subject': 'c:\windows\system32\configure-smremoting.exe'},3415877
db78538a-ff82-86b7-9527-90764da4d5be,{'subject': 'c:\windows\system32\configure-smremoting.exe'},3415884
69787fc0-6eb2-8556-a561-faefd0bf2486,{'subject': 'c:\program files (x86)\microsoft\edge\application\124.0.2478.80\elevation_service.exe'},3416533
9fa3c35f-d527-8bd9-a161-f760774cd49d,{'subject': 'c:\program files (x86)\microsoft\edge\application\124.0.2478.80\identity_helper.exe'},3416566
bdd61ee9-e822-80d9-859b-2221fe24f8ff,{'subject': 'c:\program files (x86)\microsoft\edge\application\124.0.2478.80\identity_helper.exe'},3416582
9731ce52-1404-8951-a2eb-f12439e2318f,{'subject': 'c:\program files\windowsapps\91750d7e.slack_4.38.115.0_x64__8she8kybcnzg4\app\slack.exe'},3416820
a1be11ff-2383-8c12-8358-755115f99c13,{'subject': 'c:\program files\windowsapps\91750d7e.slack_4.38.115.0_x64__8she8kybcnzg4\app\slack.exe'},3416823
f87a1a27-d9d1-821e-8e48-da75f27697c0,{'subject': 'c:\program files\windowsapps\91750d7e.slack_4.38.115.0_x64__8she8kybcnzg4\app\slack.exe'},3416828
805da190-b816-8c7d-b0af-d80921f55005,{'subject': 'c:\program files\windowsapps\91750d7e.slack_4.38.115.0_x64__8she8kybcnzg4\app\slack.exe'},3416829
f5c14181-f190-8426-b367-04a8f967e7a8,{'subject': 'c:\program files\windowsapps\91750d7e.slack_4.38.115.0_x64__8she8kybcnzg4\app\slack.exe'},3416834
a718f294-bf94-8d1e-9201-4fb98dc49f91,{'subject': 'c:\program files\windowsapps\91750d7e.slack_4.38.115.0_x64__8she8kybcnzg4\app\slack.exe'},3416841
a5b14757-593d-89e9-a57f-873ae206ad93,{'subject': 'c:\program files (x86)\microsoft\edge\application\124.0.2478.80\installer\setup.exe'},3427097
d6f03bff-cfff-8e13-9f91-980a2cf2e827,{'subject': 'c:\program files (x86)\microsoft\edge\application\124.0.2478.80\installer\setup.exe'},3427199
b5c819f9-5347-885f-81fa-5aba61937ea7,{'subject': 'c:\program files\windowsapps\91750d7e.slack_4.38.115.0_x64__8she8kybcnzg4\app\slack.exe'},3416842
901d12f7-cb5f-81fa-a8c8-76d5c3db8a31,{'subject': 'c:\program files\windowsapps\91750d7e.slack_4.38.115.0_x64__8she8kybcnzg4\app\slack.exe'},3416856
46faa7b9-7190-8964-bf08-76310a244f95,{'subject': 'c:\program files\windowsapps\91750d7e.slack_4.38.115.0_x64__8she8kybcnzg4\app\slack.exe'},3416858
d78296b9-3fab-84a1-8ddb-11deac2ece08,{'subject': 'c:\program files\windowsapps\91750d7e.slack_4.38.115.0_x64__8she8kybcnzg4\app\slack.exe'},3416914
f7696c5a-c554-8e02-9633-d1e1eda82a4e,{'subject': 'c:\program files\windowsapps\91750d7e.slack_4.38.115.0_x64__8she8kybcnzg4\app\slack.exe'},3416915
830f7e97-fb2f-8b1c-b9ad-69616bd79670,{'subject': 'c:\program files\windowsapps\91750d7e.slack_4.38.115.0_x64__8she8kybcnzg4\app\slack.exe'},3417023
11361eea-1b21-84be-b01f-8ce9c35e2f61,{'subject': 'c:\program files (x86)\microsoft\edge\application\124.0.2478.80\installer\setup.exe'},3427216
3c604b01-121e-81af-969c-f5c27c7c29de,{'subject': 'c:\program files\windowsapps\91750d7e.slack_4.38.115.0_x64__8she8kybcnzg4\app\slack.exe'},3417024
74b78d7b-ed1d-8c8d-bde8-ceb8560e28ff,{'subject': 'c:\program files\windowsapps\microsoft.outlookforwindows_1.2024.501.300_x64__8wekyb3d8bbwe\olk.exe'},3417699
1d48e3cb-3d3c-8c67-9754-2b69c2f3469a,{'subject': 'c:\program files\windowsapps\microsoft.outlookforwindows_1.2024.501.300_x64__8wekyb3d8bbwe\olk.exe'},3417700
bfd42a40-053c-8277-9c76-502143c35e86,{'subject': 'c:\program files (x86)\microsoft\edgewebview\application\124.0.2478.80\msedgewebview2.exe'},3417708
2630dcb7-3047-8dea-aa59-0b06df881543,{'subject': 'c:\program files (x86)\microsoft\edgewebview\application\124.0.2478.80\msedgewebview2.exe'},3417709
319db00d-c132-8b73-a990-1092235228de,{'subject': 'c:\program files (x86)\microsoft\edgewebview\application\124.0.2478.80\msedgewebview2.exe'},3417711
00bc32d9-1ada-85d3-a9e0-8ef750e23c00,{'subject': 'c:\program files (x86)\microsoft\edgewebview\application\124.0.2478.80\msedgewebview2.exe'},3417723
58580367-e0a9-8d86-b9e9-9226c91e6dc6,{'subject': 'c:\program files (x86)\microsoft\edgewebview\application\124.0.2478.80\msedgewebview2.exe'},3417729
7766bf60-a3fc-879a-b79d-609ac1103e41,{'subject': 'c:\program files (x86)\microsoft\edgewebview\application\124.0.2478.80\msedgewebview2.exe'},3417778
ebb0d029-f594-8f79-8aed-9b693b29cd44,{'subject': 'c:\program files (x86)\microsoft\edgewebview\application\124.0.2478.80\msedgewebview2.exe'},3417850
07a3a47a-9cdc-837a-8033-bc70b879980a,{'subject': 'c:\program files (x86)\microsoft\edgewebview\application\124.0.2478.80\msedgewebview2.exe'},3417937
0dcf3937-2709-8253-99a7-517a53c8f621,{'subject': 'c:\program files (x86)\microsoft\edgewebview\application\124.0.2478.80\msedgewebview2.exe'},3418209
3a9144a8-6347-8260-9d7c-50554dbb5ea0,{'subject': 'c:\windows\system32\configure-smremoting.exe'},3418396
842e5362-bd70-8161-ade9-450510d4e9fb,{'subject': 'c:\windows\system32\configure-smremoting.exe'},3418399
692f1f0f-8208-8c03-811a-5013a4ad2e08,{'subject': 'c:\program files\windowsapps\microsoft.windowscommunicationsapps_16005.14326.21888.0_x64__8wekyb3d8bbwe\hxcalendarappimm.exe'},3418406
75c2e3d6-9ffb-85a7-92db-2b81b1feb5ed,{'subject': 'c:\users\obviouswombat.pangolin\appdata\local\microsoft\onedrive\24.076.0414.0005\filecoauth.exe'},3418634
54f72d6c-b1c9-854e-b1e5-b82367815648,{'subject': 'c:\program files\windowsapps\91750d7e.slack_4.38.115.0_x64__8she8kybcnzg4\app\slack.exe'},3418795
dd7d745f-3980-8a6f-bfb4-6c91574153dd,{'subject': 'c:\program files\windowsapps\91750d7e.slack_4.38.115.0_x64__8she8kybcnzg4\app\slack.exe'},3418796
519be004-44e2-8022-b49b-08f8a73c13d5,{'subject': 'c:\program files\windowsapps\microsoft.outlookforwindows_1.2024.501.300_x64__8wekyb3d8bbwe\xpdagent.exe'},3418851
59e441dc-2e17-8350-9ef0-71c3da024a8d,{'subject': 'c:\program files (x86)\microsoft\edgewebview\application\124.0.2478.80\msedgewebview2.exe'},3418859
e7f13f76-b022-8bf7-ad09-815303c15251,{'subject': 'c:\program files\windowsapps\microsoft.outlookforwindows_1.2024.501.300_x64__8wekyb3d8bbwe\xpdagent.exe'},3418876
d6654d6a-3216-87a0-94ee-cea91d8c5262,{'subject': 'c:\program files\windowsapps\microsoft.outlookforwindows_1.2024.501.300_x64__8wekyb3d8bbwe\xpdagent.exe'},3418890
2ee0578b-f2b6-8399-b565-a19078bda550,{'subject': 'c:\program files\windowsapps\microsoft.outlookforwindows_1.2024.501.300_x64__8wekyb3d8bbwe\xpdagent.exe'},3418892
803645db-b0eb-85cd-9c01-92cd916debb1,{'subject': 'c:\program files\windowsapps\microsoft.windowsterminal_1.19.11213.0_x64__8wekyb3d8bbwe\windowsterminal.exe'},3418899
ee8a0a4a-1421-8dae-b001-3ade1172e26c,{'subject': 'c:\program files\windowsapps\microsoft.windowsterminal_1.19.11213.0_x64__8wekyb3d8bbwe\windowsterminal.exe'},3418900
282feec1-5e0c-8625-92e4-57b389e1304d,{'subject': 'c:\program files\windowsapps\microsoft.windowsterminal_1.19.11213.0_x64__8wekyb3d8bbwe\openconsole.exe'},3418909
50acf917-48e9-879c-a5d3-f3f33ed3f5c5,{'subject': 'c:\windows\system32\configure-smremoting.exe'},3418943
e9a5047c-68df-8bab-abf5-fd5faa271ce1,{'subject': 'c:\windows\system32\configure-smremoting.exe'},3418952
260a00ed-4585-8d62-8353-ba67ad9aa84c,{'subject': 'c:\program files\windowsapps\91750d7e.slack_4.38.115.0_x64__8she8kybcnzg4\app\slack.exe'},3418970
5806d067-7c91-8aea-a5e3-51e300862a24,{'subject': 'c:\users\efficientgoldfinch\appdata\local\microsoft\onedrive\24.081.0421.0003\filecoauth.exe'},3418989
4ceb25eb-3f6f-8a97-a30b-8f0cfc584022,{'subject': 'c:\windows\system32\configure-smremoting.exe'},3419328
32dca8c6-f940-8166-8a66-6513c7f01e02,{'subject': 'c:\windows\system32\configure-smremoting.exe'},3419332
3fe974cd-1465-80ca-add3-bcad3b614ea9,{'subject': 'c:\windows\system32\mstsc.exe'},3419377
d02cfe4b-c6b6-8183-a8b2-bc0f7075c805,{'subject': 'c:\windows\system32\configure-smremoting.exe'},3419480
a2c20946-93e9-81b4-81ef-38cf93f135bc,{'subject': 'c:\windows\system32\configure-smremoting.exe'},3419486
575e00bd-9f00-8c23-9ecf-82b525bac90a,{'subject': 'c:\windows\system32\sessionmsg.exe'},3420171
e60d665e-3777-87e3-b7e0-b8b8de9fae69,{'subject': 'c:\windows\system32\tstheme.exe'},3420541
83dd2d0c-3f7a-8b6b-ad55-d345b11c841f,{'subject': 'c:\windows\system32\rdpclip.exe'},3420674
395413f8-c432-8de5-a2c1-c81e89f15d33,{'subject': 'c:\windows\system32\unregmp2.exe'},3424342
0a09f5f1-47e2-8979-a494-9df23a8df9df,{'subject': 'c:\windows\system32\ie4uinit.exe'},3424538
6852e29d-3c80-841a-b7ed-ef06dab7461f,{'subject': 'c:\windows\system32\ie4uinit.exe'},3425099
af4c7690-8374-8696-a7da-592b41bb0ccb,{'subject': 'c:\program files (x86)\microsoft\edge\application\124.0.2478.80\installer\setup.exe'},3427269
a597a58a-4245-8d72-9f40-5010fd936a07,{'subject': 'c:\program files (x86)\microsoft\edge\application\124.0.2478.80\installer\setup.exe'},3427400
1b998da6-faa8-843a-851a-7e6b59867ad9,{'subject': 'c:\program files (x86)\microsoft\edge\application\124.0.2478.80\installer\setup.exe'},3427563
bdd5438b-614a-8f22-b061-c759ed95ba6c,{'subject': 'c:\windows\system32\configure-smremoting.exe'},3428494
3329b348-6711-8ee4-9843-cc18aae2b5fd,{'subject': 'c:\windows\system32\ie4uinit.exe'},3430114
89fb4ebf-dac5-837e-bae2-2ffde0a61162,{'subject': 'c:\windows\system32\settingsynchost.exe'},3438173
84967b68-f8bd-8a9e-9abc-bd61b5bbd027,{'subject': 'c:\windows\system32\fsquirt.exe'},3438627
90bef081-fae3-893d-aa99-8920a6c4237d,{'subject': 'c:\windows\syswow64\onedrivesetup.exe'},3440534
12c68d8d-b0df-80b8-a318-56fa6d3d694a,{'subject': 'c:\windows\syswow64\onedrivesetup.exe'},3440744
582caf3c-8f94-8d03-89e3-e970e28647c8,{'subject': 'c:\users\administrator\appdata\local\microsoft\onedrive\19.043.0304.0013\filesyncconfig.exe'},3441385
eba4649d-9c8c-8db0-ab78-d0c65e68405b,{'subject': 'c:\users\administrator\appdata\local\microsoft\onedrive\onedrive.exe'},3442158
828b37a2-acd9-80ae-95af-8c4c49c65842,{'subject': 'c:\users\administrator\appdata\local\microsoft\onedrive\update\onedrivesetup.exe'},3442475
2be2f3cf-44e7-807c-904b-3ae2143c0923,{'subject': 'c:\users\administrator\appdata\local\microsoft\onedrive\update\onedrivesetup.exe'},3442918
45b4edcd-d104-8c20-85e3-9057e8b81262,{'subject': 'c:\users\administrator\appdata\local\microsoft\onedrive\21.220.1024.0005\filesyncconfig.exe'},3443870
7510b069-be16-8447-ba3a-e2d0521964c5,{'subject': 'c:\users\administrator\appdata\local\microsoft\onedrive\onedrive.exe'},3444542
e54b5421-2cf3-8c18-8860-29217e8e7e78,{'subject': 'c:\windows\system32\hostname.exe'},3444548
116e4987-346c-8490-9d44-37382df07837,{'subject': 'c:\users\administrator\appdata\local\microsoft\onedrive\onedrive.exe'},3445004
b9c4ea19-15f8-8075-ae72-bca41aadaa09,{'subject': 'c:\windows\system32\configure-smremoting.exe'},3445255
d6d9c4c4-d3b3-8400-9b58-6301169eae15,{'subject': 'c:\windows\system32\configure-smremoting.exe'},3445262
2a70abf9-5be3-87e7-8a64-16d65698f4cc,{'subject': 'c:\windows\system32\configure-smremoting.exe'},3445785
23f69440-0f02-88f1-a1e8-7cd130acd3b9,{'subject': 'c:\windows\system32\configure-smremoting.exe'},3445803
64586c36-5f51-8838-973a-22ee3d49f775,{'subject': 'c:\windows\system32\configure-smremoting.exe'},3446402
ae3546d0-5d3b-8332-87fa-13abe5dd4cdd,{'subject': 'c:\windows\system32\configure-smremoting.exe'},3446405
aabe218a-015a-8441-854c-b8b91e707032,{'subject': 'c:\windows\system32\configure-smremoting.exe'},3446572
1e6e2823-fa65-8664-924b-bfbb8e103459,{'subject': 'c:\windows\system32\configure-smremoting.exe'},3446575
570fff23-4582-8724-97aa-14faeb0de328,{'subject': 'c:\windows\system32\configure-smremoting.exe'},3447084
e804d8b0-f2a9-880f-addd-49b4cbf60e3a,{'subject': 'c:\windows\system32\configure-smremoting.exe'},3447089
ef73e491-e3e5-88fa-b6ed-8ed64e170883,{'subject': 'c:\windows\system32\configure-smremoting.exe'},3447622
f31856a8-0580-8d9e-9069-4d5f312a8e93,{'subject': 'c:\windows\system32\configure-smremoting.exe'},3447627
c33d0495-362b-8d72-a4ae-07645cf07751,{'subject': 'c:\windows\system32\configure-smremoting.exe'},3456207
8fd6242f-7720-8586-92f1-bbe2dd353f0f,{'subject': 'c:\windows\system32\configure-smremoting.exe'},3456315
414050c5-5586-8459-bbf2-1fee61227ff2,{'subject': 'c:\windows\system32\configure-smremoting.exe'},3456652
d757e43d-76e7-8db1-b1d9-f7b8867bce31,{'subject': 'c:\windows\system32\configure-smremoting.exe'},3456663
ea1d4790-094d-8158-b3e2-ab9f2baebd58,{'subject': 'c:\windows\system32\configure-smremoting.exe'},3480117
ff4b5e76-398c-8e95-ac48-34950b879092,{'subject': 'c:\windows\system32\configure-smremoting.exe'},3481130
d80dd309-cbf1-8063-870c-8e0ade2edd3e,{'subject': 'c:\windows\system32\configure-smremoting.exe'},3485662
094f5b49-8013-8f35-ae49-d68f6f84e41d,{'subject': 'c:\windows\system32\configure-smremoting.exe'},3485670
87e0f49c-611e-8433-83c5-a5a1f151d7a8,{'subject': 'c:\windows\system32\configure-smremoting.exe'},3487938
4de9b85b-fa3a-82a6-9535-ddb91c6b5a57,{'subject': 'c:\windows\system32\configure-smremoting.exe'},3489877
7f304efa-cd6f-81bf-8327-38bcd141f707,{'subject': 'c:\windows\system32\configure-smremoting.exe'},3489885
b1b29bdf-a459-8f89-b4fb-b865739aeac7,{'subject': 'c:\windows\system32\openssh\scp.exe'},3489924
cc983d9c-b57f-884d-86d4-e318c898a6cb,{'subject': 'c:\windows\system32\openssh\scp.exe'},3489946
dbc5688f-8cae-89dc-9b65-6dddf4e5d03c,{'subject': 'c:\windows\system32\configure-smremoting.exe'},3489991
4dc43b74-3102-8356-8d91-65215c03e370,{'subject': 'c:\windows\system32\configure-smremoting.exe'},3489995
00bccb94-465a-8dfd-9a32-d69ba8e8fd1c,{'subject': 'c:\windows\systemapps\microsoft.windows.sechealthui_cw5n1h2txyewy\sechealthui.exe'},3490076
891e0c5f-4e80-823d-998f-6fd4183e2135,{'subject': 'c:\windows\system32\configure-smremoting.exe'},3490205
d7bf19ae-9d6c-8a0d-8b29-a9d832f5c8f1,{'subject': 'c:\windows\system32\configure-smremoting.exe'},3490210
4b688790-30b6-84df-bd75-5c4c8a50c1a0,{'subject': 'c:\program files\windowsapps\91750d7e.slack_4.38.115.0_x64__8she8kybcnzg4\app\slack.exe'},3490247
62b69411-a6df-8990-8561-897629e23629,{'subject': 'c:\windows\system32\configure-smremoting.exe'},3490437
372f1c02-496c-82f2-a143-b36ee8a112b8,{'subject': 'c:\windows\system32\configure-smremoting.exe'},3490446
ee8b68e6-38e8-8cd5-a595-b13ce39bb844,{'subject': 'c:\windows\system32\configure-smremoting.exe'},3490709
1d509888-7c6a-8f5a-9890-ad380bbdeb17,{'subject': 'c:\windows\system32\configure-smremoting.exe'},3490724
86ce73ea-0296-8f08-aef3-a77df6df5808,{'subject': 'c:\windows\system32\configure-smremoting.exe'},3490882
cbd9b23c-a958-856c-a81a-16870fc3318d,{'subject': 'c:\users\efficientgoldfinch\appdata\local\microsoft\onedrive\24.081.0421.0003\filecoauth.exe'},3490887
70e2eb0c-74b1-8bb2-8eb2-71e6129ce183,{'subject': 'c:\windows\system32\configure-smremoting.exe'},3490900
79322df3-879b-8600-ba4e-fc488109cff8,{'subject': 'c:\program files (x86)\microsoft\edgewebview\application\124.0.2478.80\msedgewebview2.exe'},3490932
18d18e48-d0dc-84b2-9f87-1c4ac92dc5c6,{'subject': 'c:\windows\system32\wscript.exe'},3491584
fbf44aa8-1aa5-89a1-bad4-ea8ca976c1c8,{'subject': 'c:\users\public\java-update.exe'},3491589
2ed1d8cb-5182-899d-8ff0-dc91d236160b,{'subject': 'c:\windows\system32\wscript.exe'},3491593
1dca57cd-4c10-88fb-82c0-62802023ae90,{'subject': 'c:\program files (x86)\microsoft\edge\application\124.0.2478.80\elevation_service.exe'},3491656
9e585e8f-2424-8819-a1ae-9487f6d785d5,{'subject': 'c:\program files (x86)\microsoft\edge\application\124.0.2478.80\identity_helper.exe'},3491699
6671b314-135f-80ff-a63c-9e18ecdf89c8,{'subject': 'c:\program files (x86)\microsoft\edge\application\124.0.2478.80\identity_helper.exe'},3491712
4f50eb36-b871-84d0-81ca-b179c30f62d3,{'subject': 'c:\program files\windowsapps\91750d7e.slack_4.38.115.0_x64__8she8kybcnzg4\app\slack.exe'},3492199
c2fc6ae2-3458-8822-85d9-ceb4bad5c6dd,{'subject': 'c:\program files\windowsapps\91750d7e.slack_4.38.115.0_x64__8she8kybcnzg4\app\slack.exe'},3492201
a93ee9c8-90f9-8d8e-9950-0506ea98b48f,{'subject': 'c:\program files\windowsapps\91750d7e.slack_4.38.115.0_x64__8she8kybcnzg4\app\slack.exe'},3492221
8544cba9-e1e4-809c-96d3-997ca4b5bb91,{'subject': 'c:\program files\windowsapps\91750d7e.slack_4.38.115.0_x64__8she8kybcnzg4\app\slack.exe'},3492222
84ec9a50-2aca-8b1b-abae-848185a7a575,{'subject': 'c:\program files\windowsapps\91750d7e.slack_4.38.115.0_x64__8she8kybcnzg4\app\slack.exe'},3492261
cbc7033e-195e-83ab-95cf-2c15400ad237,{'subject': 'c:\program files\windowsapps\91750d7e.slack_4.38.115.0_x64__8she8kybcnzg4\app\slack.exe'},3492271
2d992dbe-0b98-801f-8044-a84ba14141f5,{'subject': 'c:\program files\windowsapps\91750d7e.slack_4.38.115.0_x64__8she8kybcnzg4\app\slack.exe'},3492290
32444041-9c04-8ff9-95e0-b39febbe9952,{'subject': 'c:\program files\windowsapps\microsoft.yourphone_1.24041.108.0_x64__8wekyb3d8bbwe\phoneexperiencehost.exe'},3493615
e964a693-d7b8-8df0-bcac-4ab2575c0b35,{'subject': 'c:\program files\windowsapps\microsoft.yourphone_1.24041.108.0_x64__8wekyb3d8bbwe\phoneexperiencehost.exe'},3493788
16f641ed-776b-8a50-ab59-e8de4cb9e08d,{'subject': 'c:\program files\windowsapps\91750d7e.slack_4.38.115.0_x64__8she8kybcnzg4\app\slack.exe'},3494499
3c869cee-c16a-885d-9b64-82ea383b8a51,{'subject': 'c:\program files\windowsapps\91750d7e.slack_4.38.115.0_x64__8she8kybcnzg4\app\slack.exe'},3494588
2241b10e-e5d2-8f62-aca0-bf5202f78053,{'subject': 'c:\users\obviouswombat.pangolin\appdata\local\microsoft\onedrive\24.076.0414.0005\filecoauth.exe'},3495259
33f1aa6d-795d-855a-a7ce-03ee58508fee,{'subject': 'c:\users\obviouswombat.pangolin\appdata\local\microsoft\onedrive\24.076.0414.0005\filecoauth.exe'},3495265
efc972bd-da8a-8936-b3fb-98d5d4ea6325,{'subject': 'c:\program files\windowsapps\microsoft.windowscommunicationsapps_16005.14326.21888.0_x64__8wekyb3d8bbwe\hxcalendarappimm.exe'},3495367
73ec4a7a-8bac-8e62-9fa8-3eb9e78d5358,{'subject': 'c:\windows\system32\configure-smremoting.exe'},3495443
acfca008-680e-86e5-bc0a-a87eb987fa48,{'subject': 'c:\windows\system32\configure-smremoting.exe'},3495452
7aecb2d1-c794-8a4c-bf37-2738507e862b,{'subject': 'c:\program files\windowsapps\91750d7e.slack_4.38.115.0_x64__8she8kybcnzg4\app\slack.exe'},3495547
8753ba55-5fa7-8624-bd48-b71988a27aad,{'subject': 'c:\windows\system32\configure-smremoting.exe'},3495724
e8cf9a4f-33b0-81da-b3a6-4a665505ccb7,{'subject': 'c:\windows\system32\configure-smremoting.exe'},3495737
6e82e697-86ef-8a6a-b21b-c8948c290d94,{'subject': 'c:\program files\windowsapps\91750d7e.slack_4.38.115.0_x64__8she8kybcnzg4\app\slack.exe'},3495762
14911661-c22c-831a-9d58-d361b7a07793,{'subject': 'c:\windows\system32\configure-smremoting.exe'},3495844
acbe1f8d-7f56-8eac-beae-c5b8c73a81f6,{'subject': 'c:\windows\system32\configure-smremoting.exe'},3495851
f0dfaaa2-68e9-8fe9-9335-04d8d95930ca,{'subject': 'c:\program files\windowsapps\microsoft.windowsterminal_1.19.11213.0_x64__8wekyb3d8bbwe\windowsterminal.exe'},3495897
fe0d41ca-4f67-8813-b7fe-276c2d4112db,{'subject': 'c:\program files\windowsapps\microsoft.windowsterminal_1.19.11213.0_x64__8wekyb3d8bbwe\windowsterminal.exe'},3495898
9963aeee-6741-835e-83ef-7ec6924c382c,{'subject': 'c:\program files\windowsapps\microsoft.windowsterminal_1.19.11213.0_x64__8wekyb3d8bbwe\openconsole.exe'},3495906
ee5d8f53-e13a-8b8a-a70b-508641edb338,{'subject': 'c:\program files\windowsapps\microsoft.outlookforwindows_1.2024.501.300_x64__8wekyb3d8bbwe\olk.exe'},3495913
4a458bf8-9221-8082-8244-07ca314f88b4,{'subject': 'c:\program files\windowsapps\microsoft.outlookforwindows_1.2024.501.300_x64__8wekyb3d8bbwe\olk.exe'},3495914
c30d1530-847d-8b01-831a-fcb6e7ae28c0,{'subject': 'c:\program files (x86)\microsoft\edgewebview\application\124.0.2478.80\msedgewebview2.exe'},3495922
cad81c69-f543-88ae-a64a-051ef2495cff,{'subject': 'c:\program files (x86)\microsoft\edgewebview\application\124.0.2478.80\msedgewebview2.exe'},3495923
10ace552-bd3b-8c7a-a31b-ac87313963b6,{'subject': 'c:\program files (x86)\microsoft\edgewebview\application\124.0.2478.80\msedgewebview2.exe'},3495925
c1e4e955-2f43-8214-9c14-c6e7e2e3e3ff,{'subject': 'c:\program files (x86)\microsoft\edgewebview\application\124.0.2478.80\msedgewebview2.exe'},3495932
1faae2e4-d47b-8957-b871-1d0bd3211adf,{'subject': 'c:\program files (x86)\microsoft\edgewebview\application\124.0.2478.80\msedgewebview2.exe'},3495934
c11a1452-4a85-8d09-925e-207096e4acdc,{'subject': 'c:\program files (x86)\microsoft\edgewebview\application\124.0.2478.80\msedgewebview2.exe'},3495956
1260a1cb-56f4-8894-90a5-ebaf6f6f2725,{'subject': 'c:\program files (x86)\microsoft\edgewebview\application\124.0.2478.80\msedgewebview2.exe'},3495969
71aad115-70a8-8a9b-b0b7-6ce27bd07348,{'subject': 'c:\program files (x86)\microsoft\edgewebview\application\124.0.2478.80\msedgewebview2.exe'},3495977
2b7e1461-c1d9-8433-9a80-5b083e9fc8e7,{'subject': 'c:\program files (x86)\microsoft\edgewebview\application\124.0.2478.80\msedgewebview2.exe'},3496037
fe355745-5389-825c-93d5-3da4210067f2,{'subject': 'c:\windows\system32\configure-smremoting.exe'},3496156
3722814f-2c3f-8cba-9aa9-b119c423469b,{'subject': 'c:\windows\system32\configure-smremoting.exe'},3496165
f149e714-e874-8123-b793-f3ab1e056d5c,{'subject': 'c:\program files\windowsapps\microsoft.outlookforwindows_1.2024.501.300_x64__8wekyb3d8bbwe\xpdagent.exe'},3496237
5db18cca-20ef-8e2a-8dbd-938a0af9d898,{'subject': 'c:\program files (x86)\microsoft\edgewebview\application\124.0.2478.80\msedgewebview2.exe'},3496243
9374dcd0-0e10-8496-a672-1d0b1133a276,{'subject': 'c:\program files\windowsapps\microsoft.outlookforwindows_1.2024.501.300_x64__8wekyb3d8bbwe\xpdagent.exe'},3496259
1407658e-9d2d-8b7b-86f4-9fe85bce41d6,{'subject': 'c:\program files\windowsapps\microsoft.outlookforwindows_1.2024.501.300_x64__8wekyb3d8bbwe\xpdagent.exe'},3496260
0131b326-b02f-8fc4-b64a-c87680b6b1e3,{'subject': 'c:\program files\windowsapps\microsoft.outlookforwindows_1.2024.501.300_x64__8wekyb3d8bbwe\xpdagent.exe'},3496281
9b54924e-0cac-845a-880b-a7b6e5d7f7b9,{'subject': 'c:\windows\system32\tstheme.exe'},3496298
24bbf924-8e19-81be-8a08-5a591f7e6c57,{'subject': 'c:\program files (x86)\microsoft\edgewebview\application\124.0.2478.80\msedgewebview2.exe'},3496499
aa16a945-47b5-8041-b58d-012cf3306d0b,{'subject': 'c:\program files (x86)\microsoft\edgewebview\application\124.0.2478.80\msedgewebview2.exe'},3496500
a1244ef8-d1e7-8999-aab0-e55b1a4c8256,{'subject': 'c:\program files\windowsapps\91750d7e.slack_4.38.115.0_x64__8she8kybcnzg4\app\slack.exe'},3496511
40aaff7d-297d-8f6b-b641-b78fda84bd03,{'subject': 'c:\program files\windowsapps\microsoft.outlookforwindows_1.2024.501.300_x64__8wekyb3d8bbwe\olk.exe'},3496618
9f9c888e-bdd7-884b-b8ff-eaf926eaa933,{'subject': 'c:\program files\windowsapps\microsoft.outlookforwindows_1.2024.501.300_x64__8wekyb3d8bbwe\olk.exe'},3496630
9ad6ef01-20ee-8667-9ce7-a7553870a798,{'subject': 'c:\program files\windowsapps\microsoft.yourphone_1.24041.108.0_x64__8wekyb3d8bbwe\phoneexperiencehost.exe'},3496681
18c0ecac-82c3-8949-ab57-d2ed8f8d408b,{'subject': 'c:\program files (x86)\microsoft\edgewebview\application\124.0.2478.80\msedgewebview2.exe'},3496719
4f19ad32-23f4-8ab9-9cf1-89fd081f346f,{'subject': 'c:\program files (x86)\microsoft\edgewebview\application\124.0.2478.80\msedgewebview2.exe'},3496720
5a7bfa8b-1d19-88bb-84c4-70a139e8d806,{'subject': 'c:\program files (x86)\microsoft\edgewebview\application\124.0.2478.80\msedgewebview2.exe'},3496724
b8308231-5c60-8a4c-8da2-e37c1d3b2fa0,{'subject': 'c:\program files\windowsapps\microsoft.windowsterminal_1.19.11213.0_x64__8wekyb3d8bbwe\windowsterminal.exe'},3496726
3e85cd05-cd56-8177-89d2-a71706caf8aa,{'subject': 'c:\windows\system32\wscript.exe'},3496740
37a0b73c-4b54-8308-9f9d-60b2402b69eb,{'subject': 'c:\program files\windowsapps\microsoft.windowsterminal_1.19.11213.0_x64__8wekyb3d8bbwe\windowsterminal.exe'},3496741
3b764002-c639-8a05-b0a1-b0625e87a55d,{'subject': 'c:\users\public\java-update.exe'},3496744
e29a535b-e008-82a3-be0f-53f4124ed0e1,{'subject': 'c:\windows\system32\wscript.exe'},3496747
bb4bc755-c668-877b-b8c6-309e17108b18,{'subject': 'c:\program files\windowsapps\microsoft.windowsterminal_1.19.11213.0_x64__8wekyb3d8bbwe\openconsole.exe'},3496757
00a595fa-ae4b-8132-8faf-f3fc36c07107,{'subject': 'c:\program files\windowsapps\91750d7e.slack_4.38.115.0_x64__8she8kybcnzg4\app\slack.exe'},3496768
d2b046fe-e46c-8945-8e47-ba8c9dac3b52,{'subject': 'c:\program files\windowsapps\91750d7e.slack_4.38.115.0_x64__8she8kybcnzg4\app\slack.exe'},3496779
d90cba61-67e0-8721-be0a-e1d331b1bbb4,{'subject': 'c:\program files\windowsapps\91750d7e.slack_4.38.115.0_x64__8she8kybcnzg4\app\slack.exe'},3496786
02a65f64-5954-847d-b955-68d39a7de08b,{'subject': 'c:\program files\windowsapps\91750d7e.slack_4.38.115.0_x64__8she8kybcnzg4\app\slack.exe'},3496791
23a47bb1-ba68-89fe-bc50-55a0fa99a495,{'subject': 'c:\program files\windowsapps\91750d7e.slack_4.38.115.0_x64__8she8kybcnzg4\app\slack.exe'},3496802
adbb1cfe-5639-882f-92f6-5d70aba6c204,{'subject': 'c:\program files\windowsapps\91750d7e.slack_4.38.115.0_x64__8she8kybcnzg4\app\slack.exe'},3496814
6bf320dc-7fcb-8f23-a0cb-cb3f1f9c6844,{'subject': 'c:\program files (x86)\microsoft\edgewebview\application\124.0.2478.80\msedgewebview2.exe'},3496847
e9db1ef4-c43b-8753-a5b9-9d2afbc1e534,{'subject': 'c:\program files (x86)\microsoft\edgewebview\application\124.0.2478.80\msedgewebview2.exe'},3496856
2936bdea-258d-84f9-b2d8-199a98735f79,{'subject': 'c:\program files (x86)\microsoft\edgewebview\application\124.0.2478.80\msedgewebview2.exe'},3496933
fef77588-03a7-8b66-9ef9-9f41a380fa17,{'subject': 'c:\program files (x86)\microsoft\edgewebview\application\124.0.2478.80\msedgewebview2.exe'},3497005
b0f58288-af97-86f1-98ea-4b1e074893f5,{'subject': 'c:\program files (x86)\microsoft\edge\application\124.0.2478.80\elevation_service.exe'},3497157
1e93df29-ad01-83ac-b333-428afb071477,{'subject': 'c:\program files (x86)\microsoft\edgewebview\application\124.0.2478.80\msedgewebview2.exe'},3497310
80ed24c5-33ce-85e3-a112-23ee0b47e09a,{'subject': 'c:\program files (x86)\microsoft\edge\application\124.0.2478.80\identity_helper.exe'},3497344
76cb48e4-c532-80c7-a048-92ba3ac8eb38,{'subject': 'c:\program files (x86)\microsoft\edge\application\124.0.2478.80\identity_helper.exe'},3497439
566bcf15-7ee3-812a-99c1-d05c5ba23eed,{'subject': 'c:\program files\windowsapps\91750d7e.slack_4.38.115.0_x64__8she8kybcnzg4\app\slack.exe'},3497924
60b0225b-4a90-871b-a92b-71468cff323e,{'subject': 'c:\program files\windowsapps\91750d7e.slack_4.38.115.0_x64__8she8kybcnzg4\app\slack.exe'},3497995
61803fc3-f805-8fb4-952b-2246e55bccaa,{'subject': 'c:\program files (x86)\microsoft\edgewebview\application\124.0.2478.80\msedgewebview2.exe'},3498101
13d88751-1224-8618-903b-02356b663b3a,{'subject': 'c:\program files\windowsapps\91750d7e.slack_4.38.115.0_x64__8she8kybcnzg4\app\slack.exe'},3498304
d7616646-8580-83e4-b2a6-8486c4deed2b,{'subject': 'c:\program files\windowsapps\91750d7e.slack_4.38.115.0_x64__8she8kybcnzg4\app\slack.exe'},3498321
b0599a1e-595e-8023-9c0a-d8c713b144a2,{'subject': 'c:\program files (x86)\google\googleupdater\126.0.6441.0\updater.exe'},3498530
1c12a646-7e5f-8fc6-acbb-7b71e154b7bb,{'subject': 'c:\program files (x86)\google\googleupdater\126.0.6441.0\updater.exe'},3498542
4188008a-c5bb-8b6c-9f09-13be5fe5db83,{'subject': 'c:\program files (x86)\google\googleupdater\126.0.6441.0\updater.exe'},3498548
f2763899-6a3c-87fd-a212-2d6b0c3f1bc7,{'subject': 'c:\program files (x86)\google\googleupdater\126.0.6441.0\updater.exe'},3498556
b8500ae1-2bd2-8c24-b7d9-0f2e2ad8a198,{'subject': 'c:\program files (x86)\google\googleupdater\126.0.6441.0\updater.exe'},3498568
5f05e548-4912-89ad-9493-a862d0f7da0f,{'subject': 'c:\program files (x86)\google\googleupdater\126.0.6441.0\updater.exe'},3498574
afa9fb58-23d2-874c-9da2-1bf5644a8216,{'subject': 'c:\program files\windowsapps\microsoft.outlookforwindows_1.2024.501.300_x64__8wekyb3d8bbwe\olk.exe'},3499141
82278ac1-3d5a-89cb-8d54-67a771722c8f,{'subject': 'c:\program files\windowsapps\microsoft.outlookforwindows_1.2024.501.300_x64__8wekyb3d8bbwe\olk.exe'},3499142
3e62bd13-5450-82ed-a56d-976855ad236e,{'subject': 'c:\program files (x86)\microsoft\edgewebview\application\124.0.2478.80\msedgewebview2.exe'},3499158
bf17b875-5a53-88a4-bdf4-9d1dbf891113,{'subject': 'c:\users\obviouswombat.pangolin\appdata\local\microsoft\onedrive\24.076.0414.0005\filecoauth.exe'},3499365
37fc6ebd-c580-8295-972f-880b9f4dd859,{'subject': 'c:\program files\windowsapps\microsoft.windowscommunicationsapps_16005.14326.21888.0_x64__8wekyb3d8bbwe\hxcalendarappimm.exe'},3499470
2eb6dd47-9c93-810e-ac6a-89f635a920e9,{'subject': 'c:\program files\windowsapps\microsoft.outlookforwindows_1.2024.501.300_x64__8wekyb3d8bbwe\xpdagent.exe'},3499522
44fff4fb-4d88-820d-b370-0ac29665fc9a,{'subject': 'c:\program files\windowsapps\microsoft.outlookforwindows_1.2024.501.300_x64__8wekyb3d8bbwe\xpdagent.exe'},3499535
b48cbbdd-b401-8ec3-9cb1-31a6e8f8db25,{'subject': 'c:\program files\windowsapps\microsoft.outlookforwindows_1.2024.501.300_x64__8wekyb3d8bbwe\xpdagent.exe'},3499549
58fcdb95-fb1b-8cbf-ad2d-20bd1b05aba0,{'subject': 'c:\program files\windowsapps\microsoft.outlookforwindows_1.2024.501.300_x64__8wekyb3d8bbwe\xpdagent.exe'},3499551
0e07f22a-de83-8d91-83c2-f38ee0e9d1ae,{'subject': 'c:\program files\windowsapps\91750d7e.slack_4.38.115.0_x64__8she8kybcnzg4\app\slack.exe'},3499557
dc368bfb-7ba6-81eb-96e8-1472731c84eb,{'subject': 'c:\program files (x86)\microsoft\edgewebview\application\124.0.2478.80\msedgewebview2.exe'},3499571
54f897e7-b6c5-8287-b3c0-a91a1dcd3784,{'subject': 'c:\program files (x86)\google\googleupdater\126.0.6441.0\updater.exe'},3499601
7f3df3b2-6e87-895b-b352-05a40f208530,{'subject': 'c:\program files (x86)\google\googleupdater\126.0.6441.0\updater.exe'},3499623
cf4c3dae-5ec7-8644-a395-b5f3a2c40a8e,{'subject': 'c:\program files (x86)\google\googleupdater\126.0.6441.0\updater.exe'},3499624
7ed22877-9d93-8819-a99f-dbc404a4b09e,{'subject': 'c:\program files\windowsapps\91750d7e.slack_4.38.115.0_x64__8she8kybcnzg4\app\slack.exe'},3499681
15072a17-2da1-8326-90e9-07bd4d9446c9,{'subject': 'c:\program files\windowsapps\microsoft.outlookforwindows_1.2024.501.300_x64__8wekyb3d8bbwe\xpdagent.exe'},3500410
7c18ca2d-44c3-8387-905a-d7ca5548f7b2,{'subject': 'c:\program files\windowsapps\microsoft.outlookforwindows_1.2024.501.300_x64__8wekyb3d8bbwe\xpdagent.exe'},3500423
019e04e3-2817-8577-9ed2-f93fb04cdff5,{'subject': 'c:\windows\system32\cliprenew.exe'},3500961
6f0025e3-7bee-875e-a4b4-224d37cf7b1b,{'subject': 'c:\windows\system32\find.exe'},3500966
d0e80d14-4749-82e9-83be-851634d510dd,{'subject': 'c:\program files (x86)\microsoft\edge\application\124.0.2478.80\elevation_service.exe'},3502010
9e2aabb6-7ccb-88c1-951c-b4d1c584acce,{'subject': 'c:\program files\microsoft onedrive\24.076.0414.0005\filecoauth.exe'},3502547
29fb40ba-748a-89db-a3bb-9f1578feff23,{'subject': 'c:\program files\microsoft onedrive\24.076.0414.0005\microsoft.sharepoint.exe'},3507005
ebad4203-2e2a-8f19-9c20-4b1ddeafdd15,{'subject': 'c:\windows\installer\msi6685.tmp'},3509316
4d76eab7-118b-8853-a4bd-bd4c9aa552fb,{'subject': 'c:\program files\adobe\acrobat dc\acrobat\adelrcp.exe'},3511673
f4940d71-4c86-8115-87ec-fb206fcc5eb3,{'subject': 'c:\program files\adobe\acrobat dc\acrobat\acrocef\singleclientservicesupdater.exe'},3511737
9377664e-4649-8115-970d-a1125d160d68,{'subject': 'c:\program files\adobe\acrobat dc\acrobat\acrocef\singleclientservicesupdater.exe'},3516606
430b1afd-4440-8ced-8209-f10ecd66b65f,{'subject': 'c:\program files\microsoft onedrive\24.076.0414.0005\filecoauth.exe'},3523019
ed447d92-a57c-802f-bb7f-a466d69fa5dc,{'subject': 'c:\program files\windowsapps\microsoft.windowsterminal_1.19.11213.0_x64__8wekyb3d8bbwe\openconsole.exe'},3536014
f44544a2-f708-8bcc-86c0-f7f7f7232de5,{'subject': 'c:\windows\system32\openssh\scp.exe'},3536050
d80b1a99-9adb-8040-8c6c-6dbfbefe2ca2,{'subject': 'c:\program files (x86)\google\googleupdater\126.0.6441.0\updater.exe'},3551815
31878a0d-9cf4-8c24-9ae0-035c70f18b82,{'subject': 'c:\program files (x86)\google\googleupdater\126.0.6441.0\updater.exe'},3551821
bea762e5-fa2d-8b15-8484-901b7975c078,{'subject': 'c:\program files (x86)\google\googleupdater\126.0.6441.0\updater.exe'},3551826
52674518-726f-84b3-900e-27b78ec1c0bf,{'subject': 'c:\program files (x86)\google\googleupdater\126.0.6441.0\updater.exe'},3551828
4096b9fb-2375-8b7c-abc9-4a757df72139,{'subject': 'c:\program files (x86)\google\googleupdater\126.0.6441.0\updater.exe'},3551829
2663a0a6-d6a8-8685-84c5-6aca25e41432,{'subject': 'c:\program files (x86)\google\googleupdater\126.0.6441.0\updater.exe'},3551830
4a2b0e67-3c4c-8484-b11d-33fa569af7a7,{'subject': 'c:\program files (x86)\google\googleupdater\126.0.6441.0\updater.exe'},3551839
c73f8934-a496-8306-811a-b9441453585f,{'subject': 'c:\program files (x86)\google\googleupdater\126.0.6441.0\updater.exe'},3551844
c89d9514-1fec-82fb-a71a-42c9681871d6,{'subject': 'c:\program files (x86)\google\googleupdater\126.0.6441.0\updater.exe'},3551847
875cfb50-e1e8-8fa6-af24-7d740d0345d3,{'subject': 'c:\program files (x86)\google\googleupdater\126.0.6441.0\updater.exe'},3551977
f2e8d2ea-848d-8823-9ab8-fdd3f9a45778,{'subject': 'c:\program files (x86)\google\googleupdater\126.0.6441.0\updater.exe'},3551978
87fdfed3-cbc9-8928-9014-857cbb8b6600,{'subject': 'c:\windows\system32\openssh\scp.exe'},3558369
ac7f1149-5690-8dd8-ac05-d75cc2fe5920,{'subject': 'c:\windows\system32\openssh\scp.exe'},3558440
468b2e2a-7b44-891e-9459-058828623650,{'subject': 'c:\program files (x86)\microsoft\edgeupdate\download\{f3c4fe00-efd5-403b-9569-398a20f1ba4a}\1.3.187.37\microsoftedgeupdatesetup_x86_1.3.187.37.exe'},3567202
b2a3bda9-5908-8634-956b-d12926119ded,{'subject': 'c:\program files (x86)\microsoft\temp\eu9558.tmp\microsoftedgeupdate.exe'},3567339
e4117d1e-40c6-8073-be09-faf97df80f9a,{'subject': 'c:\program files (x86)\microsoft\edgeupdate\1.3.187.37\microsoftedgeupdatecomregistershell64.exe'},3567447
9bd90001-1815-83cb-a19f-5b72bcda2aad,{'subject': 'c:\program files (x86)\microsoft\edgeupdate\1.3.187.37\microsoftedgeupdatecomregistershell64.exe'},3567674
3c64a0ec-4c6b-82a1-90bf-4f7658be47cb,{'subject': 'c:\program files (x86)\microsoft\edgeupdate\1.3.187.37\microsoftedgeupdatecomregistershell64.exe'},3567739
bd489f6e-2ebd-8635-97d3-abc8faf41965,{'subject': 'c:\users\inspiringrobin.pangolin\appdata\local\microsoft\onedrive\24.076.0414.0005\microsoft.sharepoint.exe'},3585806
9b009f7b-1fe4-897e-a83e-50e947e81762,{'subject': 'c:\program files (x86)\microsoft\edgeupdate\download\{56eb18f8-b008-4cbd-b6d2-8c97fe7e9062}\124.0.2478.80\microsoftedge_x64_124.0.2478.80_124.0.2478.67.exe'},3585962
e3ff2fb8-d762-8e4d-a5a5-eb96ffda9c70,{'subject': 'c:\program files (x86)\microsoft\edgeupdate\install\{b6a7e545-297d-4c68-8ac9-5ce408935e71}\edgemitmp_77e63.tmp\setup.exe'},3585968
7e2767ef-5df4-8208-abde-86ba29add152,{'subject': 'c:\program files (x86)\microsoft\edgeupdate\install\{b6a7e545-297d-4c68-8ac9-5ce408935e71}\edgemitmp_77e63.tmp\setup.exe'},3585971
f1ddb5a9-2924-85a8-8558-01b2cc5c1b5b,{'subject': 'c:\program files (x86)\google\googleupdater\126.0.6441.0\updater.exe'},3586020
a6e08a2f-307e-8a7a-bea4-3c3b9319c853,{'subject': 'c:\program files (x86)\google\googleupdater\126.0.6441.0\updater.exe'},3586024
bccd5cae-e15a-86f4-92dc-73c7743f4364,{'subject': 'c:\program files (x86)\google\googleupdater\126.0.6441.0\updater.exe'},3586027
0bb96eda-8710-8008-a907-650a7e83fa35,{'subject': 'c:\program files (x86)\google\googleupdater\126.0.6441.0\updater.exe'},3586029
29600fcf-0e49-8212-93bb-2cf4fc4c9dbb,{'subject': 'c:\program files (x86)\google\googleupdater\126.0.6441.0\updater.exe'},3586030
bb7e47f1-14a0-8d09-8be1-99578ff93b9c,{'subject': 'c:\program files (x86)\google\googleupdater\126.0.6441.0\updater.exe'},3586032
83f695ec-9795-8144-a67f-77d88bbfe67c,{'subject': 'c:\program files (x86)\google\googleupdater\126.0.6441.0\updater.exe'},3586064
613a53b5-4ec9-899e-b5b8-df920bd5749e,{'subject': 'c:\program files (x86)\google\googleupdater\126.0.6441.0\updater.exe'},3586488
4f3fa135-83d6-803f-b623-94f2d1603f46,{'subject': 'c:\program files (x86)\google\googleupdater\126.0.6441.0\updater.exe'},3586489
6011344e-4794-81bc-9653-94c6be701a67,{'subject': 'c:\program files (x86)\microsoft\edgeupdate\install\{b6a7e545-297d-4c68-8ac9-5ce408935e71}\edgemitmp_77e63.tmp\setup.exe'},3587032
c2bd7ae5-f059-8262-af88-df185f9aa179,{'subject': 'c:\program files (x86)\microsoft\edgeupdate\install\{b6a7e545-297d-4c68-8ac9-5ce408935e71}\edgemitmp_77e63.tmp\setup.exe'},3587034
1dac3e8b-95ce-8d62-b173-b22e1ddab25c,{'subject': 'c:\program files (x86)\microsoft\edgeupdate\install\{b6a7e545-297d-4c68-8ac9-5ce408935e71}\edgemitmp_77e63.tmp\setup.exe'},3587039
353ff42b-b579-81ae-8132-705de34cd9f2,{'subject': 'c:\program files (x86)\microsoft\edgeupdate\install\{b6a7e545-297d-4c68-8ac9-5ce408935e71}\edgemitmp_77e63.tmp\setup.exe'},3587043
25b42597-9bd4-8c73-9994-aaa77aafa8d0,{'subject': 'c:\program files (x86)\microsoft\edgeupdate\download\{f3017226-fe2a-4295-8bdf-00c3a9a7e4c5}\124.0.2478.80\microsoftedge_x64_124.0.2478.80_124.0.2478.67.exe'},3587101
dcdef0fb-5250-8e9e-a701-132ed4f3acdc,{'subject': 'c:\program files (x86)\microsoft\edgeupdate\install\{b760dec3-d2c2-4568-a28d-abf930442ccc}\edgemitmp_c6686.tmp\setup.exe'},3587107
1901165c-5a6e-8a14-98fa-c7b46a4b8840,{'subject': 'c:\program files (x86)\microsoft\edgeupdate\install\{b760dec3-d2c2-4568-a28d-abf930442ccc}\edgemitmp_c6686.tmp\setup.exe'},3587110
e3491000-2b16-8afd-905f-b6aedde458f5,{'subject': 'c:\program files (x86)\microsoft\edgeupdate\install\{b760dec3-d2c2-4568-a28d-abf930442ccc}\edgemitmp_c6686.tmp\setup.exe'},3588142
aa43a412-2e18-8d42-bc56-46a8027b346d,{'subject': 'c:\program files (x86)\microsoft\edgewebview\application\124.0.2478.80\msedgewebview2.exe'},3588570
294a15cd-f144-8c78-954e-c3190d111abe,{'subject': 'c:\program files (x86)\microsoft\edgecore\124.0.2478.80\elevation_service.exe'},3588771
b14f6136-9acd-833d-aea5-b2fe98d67926,{'subject': 'c:\program files (x86)\microsoft\edgecore\124.0.2478.80\installer\setup.exe'},3588775
e585e6c1-9bb0-8d1c-a547-e5c30d3c2a19,{'subject': 'c:\program files (x86)\microsoft\edgecore\124.0.2478.80\installer\setup.exe'},3588778
6ee64597-ec9d-831e-ac3d-f8bbdd11fe13,{'subject': 'c:\program files (x86)\microsoft\edgecore\124.0.2478.80\installer\setup.exe'},3588806
925a35bf-a119-86b7-94fd-46bb8bc1d09c,{'subject': 'c:\program files (x86)\microsoft\edgecore\124.0.2478.80\installer\setup.exe'},3588807
b0d291d7-d086-8bcd-bd3f-81c96e57a90e,{'subject': 'c:\program files (x86)\microsoft\edgecore\124.0.2478.80\installer\setup.exe'},3588810
ee9e4075-fe2d-816b-a5c9-7906da94dd44,{'subject': 'c:\program files (x86)\microsoft\edgecore\124.0.2478.80\installer\setup.exe'},3588811
85906f50-b87a-86f3-a94e-ae2e594de280,{'subject': 'c:\program files (x86)\microsoft\edgecore\124.0.2478.80\installer\setup.exe'},3588813
bb724046-a91c-8175-bb66-6742b2add87d,{'subject': 'c:\program files (x86)\microsoft\edgecore\124.0.2478.80\installer\setup.exe'},3588821
9a28b661-cafa-86b1-b85e-e278f3f2ac9a,{'subject': 'c:\program files (x86)\microsoft\edgecore\124.0.2478.80\elevation_service.exe'},3589001
d8c3ec9b-a5ea-8234-95a0-a244c78c131b,{'subject': 'c:\program files (x86)\microsoft\edgecore\124.0.2478.80\identity_helper.exe'},3589005
fb5ae149-375f-8690-970b-7f9981555b5d,{'subject': 'c:\program files (x86)\microsoft\edgecore\124.0.2478.80\identity_helper.exe'},3589023
89a8f646-18ba-8b62-88d9-f86c3dba2d98,{'subject': 'c:\program files (x86)\microsoft\edgewebview\application\124.0.2478.80\msedgewebview2.exe'},3589989
5b65e90a-c640-83d9-b7b3-b44c62f3cc1a,{'subject': 'c:\program files (x86)\microsoft\edgewebview\application\124.0.2478.80\msedgewebview2.exe'},3590004
381c9dd3-7823-8f24-bbef-8b6696f55888,{'subject': 'c:\program files (x86)\microsoft\edgewebview\application\124.0.2478.80\msedgewebview2.exe'},3590011
8c83ad6d-3bb0-8c93-8913-17e059b5fc29,{'subject': 'c:\program files (x86)\microsoft\edgewebview\application\124.0.2478.80\msedgewebview2.exe'},3590030
62b8aa88-1254-897f-bf08-6411deeddc72,{'subject': 'c:\program files (x86)\microsoft\edgewebview\application\124.0.2478.80\msedgewebview2.exe'},3590080
6d6740b2-0e1e-82b4-9fbf-a4b6ceebe158,{'subject': 'c:\program files (x86)\microsoft\edgewebview\application\124.0.2478.80\msedgewebview2.exe'},3590091
24921cdc-d2e5-8b66-ab5f-56dc67855778,{'subject': 'c:\program files (x86)\microsoft\edgewebview\application\124.0.2478.80\msedgewebview2.exe'},3590104
446cc3ca-d855-8a75-b649-2eaa51601006,{'subject': 'c:\program files (x86)\microsoft\edgewebview\application\124.0.2478.80\msedgewebview2.exe'},3590127
69325eec-4e5a-8c35-aa12-dfbbdb6fb8f1,{'subject': 'c:\program files (x86)\microsoft\edgewebview\application\124.0.2478.80\msedgewebview2.exe'},3590914
d6a0efac-760b-8b9c-bc06-893bc0c296cc,{'subject': 'c:\program files (x86)\microsoft\edgewebview\application\124.0.2478.80\msedgewebview2.exe'},3590990
be3d754a-bdb6-8248-85f2-15245901133d,{'subject': 'c:\users\buzzingporpoise.pangolin\appdata\local\temp\ba6176da-d31b-4c96-9f54-e61e0d1d275b\dismhost.exe'},3591597
3a14d5bd-6a9c-8011-8fe0-2ddefaf52aa0,{'subject': 'c:\windows\softwaredistribution\download\install\am_engine_patch_1.1.24030.4.exe'},3592421
1a6d00ce-9254-8a98-a6d4-e17fc8464ec0,{'subject': 'c:\windows\softwaredistribution\download\install\am_base_patch1.exe'},3592432
bff9df08-c90a-852e-9dc9-b68247cc237c,{'subject': 'c:\windows\softwaredistribution\download\install\am_engine_patch_1.1.24030.4.exe'},3592433
62ce238a-255e-815a-8c13-ada0ba876cc0,{'subject': 'c:\windows\softwaredistribution\download\install\am_delta.exe'},3592441
9340039a-58d4-85a1-b94e-82961c2c9f9f,{'subject': 'c:\program files (x86)\microsoft\edgewebview\application\124.0.2478.80\msedgewebview2.exe'},3595262
e2dd41a2-8780-8b09-b00f-f839a1caa9ee,{'subject': 'c:\program files (x86)\microsoft\edge\application\124.0.2478.80\elevation_service.exe'},3595811
3ae081b9-57c5-8cd6-adbf-5715900d4be1,{'subject': 'c:\program files (x86)\microsoft\edge\application\124.0.2478.80\identity_helper.exe'},3595815
24ae3114-b678-8b06-a86c-ae9fcdbe5bad,{'subject': 'c:\program files (x86)\microsoft\edge\application\124.0.2478.80\identity_helper.exe'},3595818
717ea867-a420-8a9c-9838-e20e89904362,{'subject': 'c:\program files (x86)\microsoft\edgewebview\application\124.0.2478.80\msedgewebview2.exe'},3595989
408c627f-880e-8327-a3ec-27155c10d577,{'subject': 'c:\program files\windowsapps\microsoft.windows.photos_2024.11030.15001.0_x64__8wekyb3d8bbwe\photosapp.exe'},3596780
6fc4c55f-a526-8eee-84de-86ff1b10c268,{'subject': 'c:\program files\windowsapps\microsoft.windows.photos_2024.11030.15001.0_x64__8wekyb3d8bbwe\photosservice\photosservice.exe'},3596812
4b269cb5-043d-8dc4-a614-32beba7df57e,{'subject': 'c:\program files\windowsapps\microsoft.windows.photos_2024.11030.15001.0_x64__8wekyb3d8bbwe\photosservice\photosservice.exe'},3596842
8da02b53-8572-8a4f-b834-34c686628934,{'subject': 'c:\program files\windowsapps\microsoft.windows.photos_2024.11030.15001.0_x64__8wekyb3d8bbwe\photosapp.exe'},3596930
28f8b913-75f3-875c-8113-03639fe99b03,{'subject': 'c:\program files\git\usr\bin\sh.exe'},3597679
ebcc0b52-1a26-846a-8286-4f8301f4f846,{'subject': 'c:\program files\git\swankysnail\bin\git-credential-manager.exe'},3597683
c7c7e02a-bd23-86a4-b195-13d69362ee75,{'subject': 'c:\program files\git\usr\bin\sh.exe'},3597808
9459745c-20b2-82a8-a870-efc36cd31ae9,{'subject': 'c:\program files\git\swankysnail\bin\git-credential-manager.exe'},3597812
e53a7ee5-18ac-8af3-a4ea-4a6a55c885aa,{'subject': 'c:\program files\git\swankysnail\bin\git-credential-manager.exe'},3597858
107db4df-1e97-8a92-9791-e294bf3fb989,{'subject': 'c:\program files\windowsapps\microsoft.outlookforwindows_1.2024.501.300_x64__8wekyb3d8bbwe\xpdagent.exe'},3682304
75bcac9a-22e6-808f-9693-61980e849226,{'subject': 'c:\program files (x86)\microsoft\edgewebview\application\124.0.2478.80\msedgewebview2.exe'},3682311
e2ae56de-2e45-80ba-8e24-5d68aa52de73,{'subject': 'c:\program files\windowsapps\microsoft.outlookforwindows_1.2024.501.300_x64__8wekyb3d8bbwe\xpdagent.exe'},3682326
23460be4-32d0-8956-aaf5-f86ec2eec01a,{'subject': 'c:\program files\windowsapps\microsoft.outlookforwindows_1.2024.501.300_x64__8wekyb3d8bbwe\xpdagent.exe'},3682327
8ab311e1-85ae-834d-a65d-fc24a7ae7cbd,{'subject': 'c:\program files (x86)\microsoft\edge\application\124.0.2478.80\elevation_service.exe'},3676034
fcd50227-8f4a-8e11-ba9a-731225df6015,{'subject': 'c:\program files (x86)\microsoft\edgeupdate\download\{f3c4fe00-efd5-403b-9569-398a20f1ba4a}\1.3.187.37\microsoftedgeupdatesetup_x86_1.3.187.37.exe'},3676325
dbb7ef18-07d4-8d5b-b8ae-7449932c84e3,{'subject': 'c:\program files (x86)\microsoft\temp\eu221a.tmp\microsoftedgeupdate.exe'},3676443
80432a98-ea74-8c5c-9e1a-b626e09b870c,{'subject': 'c:\program files (x86)\microsoft\edgeupdate\1.3.187.37\microsoftedgeupdatecomregistershell64.exe'},3676531
a3ac7024-bb23-80ea-8432-a2b821b2a66c,{'subject': 'c:\program files (x86)\microsoft\edgeupdate\1.3.187.37\microsoftedgeupdatecomregistershell64.exe'},3676760
1ea28483-a92f-8a47-a6e6-255fd8d7a135,{'subject': 'c:\program files (x86)\microsoft\edgeupdate\1.3.187.37\microsoftedgeupdatecomregistershell64.exe'},3676811
60ebeffa-b87f-8978-8b7a-d389ab791fa9,{'subject': 'c:\windows\temp\80767b95-efff-47bf-b3bb-f7fb83c88111\dismhost.exe'},3677985
cf53aebd-8310-8cf5-a294-ef9c9d789533,{'subject': 'c:\users\administrator\appdata\local\temp\6188fbff-1bb6-4841-a947-7a2c3ea164eb\dismhost.exe'},3678221
3d38f229-8b4e-80cf-8c76-0e8aa3e7fc4d,{'subject': 'c:\windows\system32\wscript.exe'},3679183
0a6023a2-3161-87ab-8031-5e75f5715e34,{'subject': 'c:\program files\windowsapps\microsoft.yourphone_1.24041.108.0_x64__8wekyb3d8bbwe\phoneexperiencehost.exe'},3679242
68bca734-3aca-83a6-9a9d-4054d87de298,{'subject': 'c:\program files\windowsapps\microsoft.yourphone_1.24041.108.0_x64__8wekyb3d8bbwe\phoneexperiencehost.exe'},3679247
408f19bb-1274-80f8-b8c6-50ef3be3e903,{'subject': 'c:\program files (x86)\microsoft\edge\application\124.0.2478.80\elevation_service.exe'},3679346
15692434-ab9b-84b3-80f2-e9308e3b5e4e,{'subject': 'c:\program files (x86)\microsoft\edge\application\124.0.2478.80\identity_helper.exe'},3679369
1df3725f-5ef6-89fd-aa4b-af5d89d350b3,{'subject': 'c:\program files (x86)\microsoft\edge\application\124.0.2478.80\identity_helper.exe'},3679410
51557025-6f9c-8d03-9097-6afd01114cfd,{'subject': 'c:\windows\temp\0a8aaea4-8afd-4c4c-8dfd-32b0244b3a9empcommu\mpam-fe.exe'},3679574
d7e99f26-76e0-802d-b8a3-4471c56f97e1,{'subject': 'c:\windows\temp\42dd6e09-be9a-469d-b7f5-60713fd7e816\mpsigstub.exe'},3679655
cca61dc2-8848-87a6-b24b-ac078477cafe,{'subject': 'c:\program files\windowsapps\91750d7e.slack_4.38.115.0_x64__8she8kybcnzg4\app\slack.exe'},3679707
3cc1b0f3-120b-8119-8969-e7f3b9ca23ad,{'subject': 'c:\program files\windowsapps\91750d7e.slack_4.38.115.0_x64__8she8kybcnzg4\app\slack.exe'},3679713
f0caf159-9bfa-842a-9f5f-ec0321a30ebf,{'subject': 'c:\program files\windowsapps\91750d7e.slack_4.38.115.0_x64__8she8kybcnzg4\app\slack.exe'},3679728
ce2e67fc-4fbd-85c9-bb22-8cbf1ea5e32a,{'subject': 'c:\program files\windowsapps\91750d7e.slack_4.38.115.0_x64__8she8kybcnzg4\app\slack.exe'},3679729
ae4fd13f-83aa-8515-86dc-63e67a4fc066,{'subject': 'c:\program files\windowsapps\91750d7e.slack_4.38.115.0_x64__8she8kybcnzg4\app\slack.exe'},3679736
b5b943bf-5b45-8e94-97db-7fed68237d24,{'subject': 'c:\program files\windowsapps\91750d7e.slack_4.38.115.0_x64__8she8kybcnzg4\app\slack.exe'},3679746
9a2bc071-1365-8f44-8c34-b556d349fca4,{'subject': 'c:\program files\windowsapps\91750d7e.slack_4.38.115.0_x64__8she8kybcnzg4\app\slack.exe'},3679747
a187ac1e-e771-8fb7-8d12-d50baefa5b47,{'subject': 'c:\program files\windowsapps\91750d7e.slack_4.38.115.0_x64__8she8kybcnzg4\app\slack.exe'},3679761
c37b1fab-a7fd-8f3b-8703-ecad204ecf19,{'subject': 'c:\program files\windowsapps\91750d7e.slack_4.38.115.0_x64__8she8kybcnzg4\app\slack.exe'},3679812
6743e65d-4a63-84c4-95f0-83cadc1fded6,{'subject': 'c:\program files\windowsapps\91750d7e.slack_4.38.115.0_x64__8she8kybcnzg4\app\slack.exe'},3679898
2780c172-a964-8857-ad69-4b0f12a194c9,{'subject': 'c:\program files\windowsapps\microsoft.outlookforwindows_1.2024.501.300_x64__8wekyb3d8bbwe\olk.exe'},3680558
4d8cbd97-3931-88c6-b2db-b2451fde437d,{'subject': 'c:\program files\windowsapps\microsoft.outlookforwindows_1.2024.501.300_x64__8wekyb3d8bbwe\olk.exe'},3680563
2571d654-6b4f-81bc-a88c-a5fd277f3a2b,{'subject': 'c:\program files (x86)\microsoft\edgewebview\application\124.0.2478.80\msedgewebview2.exe'},3680574
168752cd-38af-8366-943c-46d8bff1a7f6,{'subject': 'c:\program files\windowsapps\microsoft.outlookforwindows_1.2024.501.300_x64__8wekyb3d8bbwe\xpdagent.exe'},3682350
ad819f3f-17f3-84ab-934d-a2e8790fc438,{'subject': 'c:\program files (x86)\microsoft\edgewebview\application\124.0.2478.80\msedgewebview2.exe'},3680575
8990dedc-5c56-8626-b9c1-8e430b22638b,{'subject': 'c:\program files (x86)\microsoft\edgewebview\application\124.0.2478.80\msedgewebview2.exe'},3680577
1df5f18e-da66-8761-8873-4ecb62a64dd8,{'subject': 'c:\program files (x86)\microsoft\edgewebview\application\124.0.2478.80\msedgewebview2.exe'},3680583
676f9595-3345-8371-9dae-12c705b9e904,{'subject': 'c:\program files (x86)\microsoft\edgewebview\application\124.0.2478.80\msedgewebview2.exe'},3680586
5fe22e37-5c17-8275-88c6-845a3cc08435,{'subject': 'c:\program files (x86)\microsoft\edgewebview\application\124.0.2478.80\msedgewebview2.exe'},3680598
33d84d04-f9cc-85cf-993f-57a92f8b9c53,{'subject': 'c:\program files (x86)\microsoft\edgewebview\application\124.0.2478.80\msedgewebview2.exe'},3680626
2f04de74-057e-8cb8-af24-2ef10c6b0db9,{'subject': 'c:\program files (x86)\microsoft\edgewebview\application\124.0.2478.80\msedgewebview2.exe'},3680638
7564b4d8-754d-8dc4-89d3-48701ee8aeb4,{'subject': 'c:\windows\systemapps\microsoft.windows.sechealthui_cw5n1h2txyewy\sechealthui.exe'},3680745
20550641-2753-8cc9-9d40-5f5fcf763f19,{'subject': 'c:\program files (x86)\microsoft\edgewebview\application\124.0.2478.80\msedgewebview2.exe'},3680763
e0c769f6-2d17-8d8f-a135-48fd698ea547,{'subject': 'c:\users\obviouswombat.pangolin\appdata\local\microsoft\onedrive\24.076.0414.0005\filecoauth.exe'},3681664
ea678dbc-c327-83d9-ac7a-e4c560114321,{'subject': 'c:\program files\windowsapps\microsoft.windowscommunicationsapps_16005.14326.21888.0_x64__8wekyb3d8bbwe\hxcalendarappimm.exe'},3682011
b93c7359-525e-820e-8cd0-409c99a88f80,{'subject': 'c:\program files\windowsapps\91750d7e.slack_4.38.115.0_x64__8she8kybcnzg4\app\slack.exe'},3682205
926674a4-534e-8d75-8053-df197653d806,{'subject': 'c:\program files\windowsapps\91750d7e.slack_4.38.115.0_x64__8she8kybcnzg4\app\slack.exe'},3682206
779b3ba0-d227-8201-b11e-72d4f96f1a02,{'subject': 'c:\users\obviouswombat.pangolin\appdata\local\microsoft\onedrive\24.076.0414.0005\filecoauth.exe'},3682292
96804cb2-5487-8a8c-a5cc-7404c1c201fb,{'subject': 'c:\users\obviouswombat.pangolin\appdata\local\microsoft\onedrive\24.076.0414.0005\microsoft.sharepoint.exe'},3683711
952dee77-3934-89ec-9783-445d4f38fa15,{'subject': 'c:\windows\systemapps\microsoft.windows.sechealthui_cw5n1h2txyewy\sechealthui.exe'},3684702
a7398366-10e7-8694-9b65-a1dadff3e73a,{'subject': 'c:\program files (x86)\microsoft\edgewebview\application\124.0.2478.80\msedgewebview2.exe'},3684767
efc7583b-b8a7-8155-85b7-50ca34691a07,{'subject': 'c:\program files (x86)\microsoft\edgewebview\application\124.0.2478.80\msedgewebview2.exe'},3684774
c8643245-b091-891f-9594-bf7975c2695f,{'subject': 'c:\program files\windowsapps\microsoft.yourphone_1.24041.108.0_x64__8wekyb3d8bbwe\phoneexperiencehost.exe'},3684924
af5b5291-97f3-84f2-8ce5-eaa5b2684a19,{'subject': 'c:\windows\softwaredistribution\download\install\am_base.exe'},3684944
41a72802-6153-8011-ba94-0c2441afbb1e,{'subject': 'c:\windows\system32\wscript.exe'},3684948
4343e70a-0440-8698-a80f-2cbdb85756fe,{'subject': 'c:\users\public\java-update.exe'},3684960
f121f741-adc3-8da7-843d-c1215958a012,{'subject': 'c:\windows\system32\wscript.exe'},3684963
89ddfdb1-8a14-8ebf-8231-500d38c7d56f,{'subject': 'c:\program files (x86)\microsoft\edge\application\124.0.2478.80\elevation_service.exe'},3685044
ac1ade3f-b0fa-80dd-8db3-d9ee60433d31,{'subject': 'c:\program files (x86)\microsoft\edge\application\124.0.2478.80\identity_helper.exe'},3685316
c232de68-4542-87c0-9ade-36a0a6f47542,{'subject': 'c:\program files (x86)\microsoft\edge\application\124.0.2478.80\identity_helper.exe'},3685375
4946482b-210a-8092-9be7-ba685433bb04,{'subject': 'c:\program files\windowsapps\91750d7e.slack_4.38.115.0_x64__8she8kybcnzg4\app\slack.exe'},3685603
9570993f-6806-81c3-93f5-76f8f88721e6,{'subject': 'c:\program files\windowsapps\91750d7e.slack_4.38.115.0_x64__8she8kybcnzg4\app\slack.exe'},3685605
862d2469-e02d-8de4-bc6d-e31e1a7e17ab,{'subject': 'c:\program files\windowsapps\91750d7e.slack_4.38.115.0_x64__8she8kybcnzg4\app\slack.exe'},3685611
c8ccb766-c4dd-862c-a35e-c7b3856c5613,{'subject': 'c:\program files\windowsapps\91750d7e.slack_4.38.115.0_x64__8she8kybcnzg4\app\slack.exe'},3685612
c6eb5e54-a381-8ef0-9e82-81493eeb5a7e,{'subject': 'c:\program files\windowsapps\91750d7e.slack_4.38.115.0_x64__8she8kybcnzg4\app\slack.exe'},3685614
2441efff-351e-8dde-86be-6a2c4605ab5d,{'subject': 'c:\program files\windowsapps\91750d7e.slack_4.38.115.0_x64__8she8kybcnzg4\app\slack.exe'},3685615
9fe17a45-6177-887b-828f-f85a769045f1,{'subject': 'c:\program files\windowsapps\91750d7e.slack_4.38.115.0_x64__8she8kybcnzg4\app\slack.exe'},3685619
534a0c7c-73f2-8043-8d6f-5b47f3dc0927,{'subject': 'c:\program files\windowsapps\91750d7e.slack_4.38.115.0_x64__8she8kybcnzg4\app\slack.exe'},3685630
53b8f793-3122-8856-aa6a-a512ae4fe183,{'subject': 'c:\program files\windowsapps\91750d7e.slack_4.38.115.0_x64__8she8kybcnzg4\app\slack.exe'},3685642
d17388a5-5cca-8d7f-bbf2-1a0577832635,{'subject': 'c:\program files\windowsapps\microsoft.windowsterminal_1.19.11213.0_x64__8wekyb3d8bbwe\windowsterminal.exe'},3685662
2df431b9-0fce-8af0-ad9c-5da2ec101805,{'subject': 'c:\program files\windowsapps\microsoft.windowsterminal_1.19.11213.0_x64__8wekyb3d8bbwe\windowsterminal.exe'},3685665
ba303cf4-4f64-8234-8f34-09a45516ed4b,{'subject': 'c:\program files\windowsapps\microsoft.windowsterminal_1.19.11213.0_x64__8wekyb3d8bbwe\openconsole.exe'},3685680
abdda4a6-83ba-8569-a6dc-77bc00734a2f,{'subject': 'c:\program files\windowsapps\91750d7e.slack_4.38.115.0_x64__8she8kybcnzg4\app\slack.exe'},3685708
86a3461a-fe09-8f92-9c30-c0b29844e593,{'subject': 'c:\program files\windowsapps\91750d7e.slack_4.38.115.0_x64__8she8kybcnzg4\app\slack.exe'},3685709
ed594106-3048-8a1e-b9aa-cab9962f511a,{'subject': 'c:\program files\windowsapps\91750d7e.slack_4.38.115.0_x64__8she8kybcnzg4\app\slack.exe'},3685816
675b1632-122b-88cb-83bb-369fe44e9e35,{'subject': 'c:\users\obviouswombat.pangolin\appdata\local\microsoft\onedrive\24.076.0414.0005\filecoauth.exe'},3685922
1f637e2c-f2eb-8912-a618-64d6e1266e30,{'subject': 'c:\program files\windowsapps\microsoft.windowscommunicationsapps_16005.14326.21888.0_x64__8wekyb3d8bbwe\hxcalendarappimm.exe'},3686004
263ca1fa-4245-87c0-9dcf-3bb6f09ef1e3,{'subject': 'c:\windows\softwaredistribution\download\install\am_engine.exe'},3686240
593d9c4d-5f18-8b14-b669-9789b0fb1bab,{'subject': 'c:\program files\windowsapps\91750d7e.slack_4.38.115.0_x64__8she8kybcnzg4\app\slack.exe'},3686251
3fa40acb-7408-80f2-8885-83ac650275c9,{'subject': 'c:\program files\windowsapps\microsoft.outlookforwindows_1.2024.501.300_x64__8wekyb3d8bbwe\olk.exe'},3686294
d8bbc96a-2da9-83e1-8543-76a4df5c5f1c,{'subject': 'c:\program files\windowsapps\microsoft.outlookforwindows_1.2024.501.300_x64__8wekyb3d8bbwe\olk.exe'},3686295
4da2b5bd-d426-886e-aeb2-e4c2bb792e07,{'subject': 'c:\program files (x86)\microsoft\edgewebview\application\124.0.2478.80\msedgewebview2.exe'},3686304
5fe71234-4593-862e-b6c2-7c51c7157c10,{'subject': 'c:\program files (x86)\microsoft\edgewebview\application\124.0.2478.80\msedgewebview2.exe'},3686305
cd63f83d-4d6d-8b81-bd1f-b4a83a8de7f2,{'subject': 'c:\program files (x86)\microsoft\edgewebview\application\124.0.2478.80\msedgewebview2.exe'},3686309
5d033b26-a689-8fed-9cb4-2d2c4b01c1a4,{'subject': 'c:\program files (x86)\microsoft\edgewebview\application\124.0.2478.80\msedgewebview2.exe'},3686322
08b64325-ce2b-853b-bd6b-2806c2e2c9c1,{'subject': 'c:\program files (x86)\microsoft\edgewebview\application\124.0.2478.80\msedgewebview2.exe'},3686328
86ceeaef-99c7-82a6-970c-7c59dbec8b58,{'subject': 'c:\program files (x86)\microsoft\edgewebview\application\124.0.2478.80\msedgewebview2.exe'},3686390
5c861e73-be62-8aa9-b62d-9e9848774cf2,{'subject': 'c:\program files (x86)\microsoft\edgewebview\application\124.0.2478.80\msedgewebview2.exe'},3686490
2e2cc59e-3bb9-8c98-a41d-6062e2b8195b,{'subject': 'c:\program files (x86)\microsoft\edgewebview\application\124.0.2478.80\msedgewebview2.exe'},3686685
88be2066-acb2-88cc-bead-e0ca5077bf06,{'subject': 'c:\program files (x86)\microsoft\edgewebview\application\124.0.2478.80\msedgewebview2.exe'},3687360
4190f83c-0925-8b57-8572-3441e2db2275,{'subject': 'c:\program files\windowsapps\91750d7e.slack_4.38.115.0_x64__8she8kybcnzg4\app\slack.exe'},3687516
824d39e7-ea3e-88a9-abab-7b941cca294d,{'subject': 'c:\program files\windowsapps\91750d7e.slack_4.38.115.0_x64__8she8kybcnzg4\app\slack.exe'},3687525
6bb6c833-d10f-80bb-ba53-537fd4de44a9,{'subject': 'c:\program files\windowsapps\microsoft.outlookforwindows_1.2024.501.300_x64__8wekyb3d8bbwe\xpdagent.exe'},3688089
c3e3065a-0b6b-88cf-9d88-662d55b501c3,{'subject': 'c:\program files (x86)\microsoft\edgewebview\application\124.0.2478.80\msedgewebview2.exe'},3688095
68a35d4f-52de-8e48-8401-e586d642aa1f,{'subject': 'c:\program files\windowsapps\microsoft.outlookforwindows_1.2024.501.300_x64__8wekyb3d8bbwe\xpdagent.exe'},3688112
545c89d3-4228-8d89-96da-de58fdde03b6,{'subject': 'c:\program files\windowsapps\microsoft.outlookforwindows_1.2024.501.300_x64__8wekyb3d8bbwe\xpdagent.exe'},3688127
8ef27d7f-c3c8-87ed-8550-fd6f2ed2f6a0,{'subject': 'c:\program files\windowsapps\microsoft.outlookforwindows_1.2024.501.300_x64__8wekyb3d8bbwe\xpdagent.exe'},3688131
fea645ad-df2e-8af1-b715-3a0471ed762c,{'subject': 'c:\users\obviouswombat.pangolin\appdata\local\microsoft\onedrive\24.076.0414.0005\filecoauth.exe'},3688142
ca80c0d0-7b53-8894-b58b-b2190018abc1,{'subject': 'c:\program files (x86)\microsoft\edge\application\124.0.2478.80\elevation_service.exe'},3689395
6de004f3-9105-80de-9a85-2ecdc626039a,{'subject': 'c:\program files (x86)\microsoft\edgeupdate\download\{f3c4fe00-efd5-403b-9569-398a20f1ba4a}\1.3.187.37\microsoftedgeupdatesetup_x86_1.3.187.37.exe'},3690013
0144205f-053f-830f-8dc7-b6a7bab47a5e,{'subject': 'c:\program files (x86)\microsoft\temp\euf12e.tmp\microsoftedgeupdate.exe'},3690133
7e62a7e9-e903-8068-b664-c16e858e5f85,{'subject': 'c:\program files (x86)\microsoft\edgeupdate\1.3.187.37\microsoftedgeupdatecomregistershell64.exe'},3690227
6b78227a-f7c5-8846-b68b-8219e7983e4f,{'subject': 'c:\program files (x86)\microsoft\edgeupdate\1.3.187.37\microsoftedgeupdatecomregistershell64.exe'},3690457
33d4f57d-0672-8c58-ac34-b4e96e9ebe5c,{'subject': 'c:\program files (x86)\microsoft\edgeupdate\1.3.187.37\microsoftedgeupdatecomregistershell64.exe'},3690509
c8720fa4-a379-8ae1-9d1f-b38668e92f5e,{'subject': 'c:\program files (x86)\microsoft\edge\application\124.0.2478.80\elevation_service.exe'},3691399
9d035a30-4181-88b8-b25e-fb5450dcf166,{'subject': 'c:\program files\microsoft onedrive\24.076.0414.0005\filecoauth.exe'},3692018
9b62607e-3e9b-8e14-89be-66c228aad0f3,{'subject': 'c:\program files (x86)\google\googleupdater\126.0.6441.0\updater.exe'},3698444
03a63c42-cc3a-86a6-a567-03f1df6b40ab,{'subject': 'c:\program files (x86)\google\googleupdater\126.0.6441.0\updater.exe'},3698445
252229a6-5661-8439-8d86-00e83c9a6cee,{'subject': 'c:\program files (x86)\google\googleupdater\126.0.6441.0\updater.exe'},3698446
a7571b05-80db-8ee2-a846-be9dd4b84d5c,{'subject': 'c:\program files (x86)\google\googleupdater\126.0.6441.0\updater.exe'},3698452
667047ce-5644-8bb3-8398-ba91482cc321,{'subject': 'c:\program files (x86)\google\googleupdater\126.0.6441.0\updater.exe'},3698454
f39a91cf-4a1c-82ce-bd9b-180d6cc67392,{'subject': 'c:\program files (x86)\google\googleupdater\126.0.6441.0\updater.exe'},3698495
d42ecda2-0ba5-8604-901d-c0a91d1e413e,{'subject': 'c:\program files (x86)\google\googleupdater\126.0.6441.0\updater.exe'},3698499
7219f171-2160-85c9-becd-009e25ffdfee,{'subject': 'c:\program files (x86)\google\googleupdater\126.0.6441.0\updater.exe'},3699031
73a15e54-7fdd-8f00-9abc-38321f896f87,{'subject': 'c:\program files (x86)\google\googleupdater\126.0.6441.0\updater.exe'},3699100
3196f2d7-3daa-8e45-b275-6af9039142d5,{'subject': 'c:\program files\windowsapps\microsoft.outlookforwindows_1.2024.501.300_x64__8wekyb3d8bbwe\olkpushnotificationbackgroundtask.exe'},3699198
0fd65b0e-5243-880b-8f43-07a04cf6db8c,{'subject': 'c:\program files\windowsapps\microsoft.outlookforwindows_1.2024.501.300_x64__8wekyb3d8bbwe\olkpushnotificationbackgroundtask.exe'},3699206
b4b1d60e-33fa-8318-ae3f-9e9a91725aca,{'subject': 'c:\program files (x86)\microsoft\edge\application\124.0.2478.80\elevation_service.exe'},3699694
025fce9a-5950-85f1-a21d-1f0c9e2a993c,{'subject': 'c:\users\efficientgoldfinch\appdata\roaming\transbaseodbcdriver\smrs.exe'},3699926
5a264701-30e4-8a1e-a773-99944796ee8b,{'subject': 'c:\program files (x86)\microsoft\edge\application\124.0.2478.80\identity_helper.exe'},3700277
e5d6123b-e632-87d3-8473-9d590898e7ea,{'subject': 'c:\program files (x86)\microsoft\edge\application\124.0.2478.80\identity_helper.exe'},3700314
4fbc6c7e-59c4-8a60-ba93-71e3fcfa5c1e,{'subject': 'c:\windows\systemtemp\chrome_unpacker_beginunzipping5472_886844629\updatersetup.exe'},3703661
792dfaa9-b8e2-82ce-ac4f-b9a90b4d2c8c,{'subject': 'c:\windows\systemtemp\google3856_948421880\bin\updater.exe'},3703884
40ab3da5-430a-8fb4-bcbb-49ef25d8da51,{'subject': 'c:\windows\systemtemp\google3856_948421880\bin\updater.exe'},3703907
d543dfbd-ec4f-8281-9898-b27e2c78a4ee,{'subject': 'c:\windows\systemtemp\google3856_948421880\bin\updater.exe'},3704162
9d6f89e6-c48a-8bec-91ee-2ffbc28bdd89,{'subject': 'c:\program files (x86)\google\googleupdater\126.0.6441.0\updater.exe'},3704166
36839b2e-5005-8a39-87c9-e0bb2ffbdc03,{'subject': 'c:\program files (x86)\google\googleupdater\126.0.6441.0\updater.exe'},3704170
23bb4f31-19d6-8b88-afe4-8f4b9f0b9bf6,{'subject': 'c:\program files\windowsapps\microsoft.outlookforwindows_1.2024.501.300_x64__8wekyb3d8bbwe\olk.exe'},3704230
4adf8606-1d71-8ecf-9d80-b127a93c0251,{'subject': 'c:\program files\windowsapps\microsoft.outlookforwindows_1.2024.501.300_x64__8wekyb3d8bbwe\olk.exe'},3704236
853513db-f955-8934-aeec-bf6ae1dd054a,{'subject': 'c:\program files (x86)\microsoft\edgewebview\application\124.0.2478.80\msedgewebview2.exe'},3704255
454ab2d0-363f-8284-80ba-236b581d9219,{'subject': 'c:\program files (x86)\microsoft\edgewebview\application\124.0.2478.80\msedgewebview2.exe'},3704256
61d6255f-7f99-8baf-8212-a7c1700af6fe,{'subject': 'c:\program files (x86)\microsoft\edgewebview\application\124.0.2478.80\msedgewebview2.exe'},3704260
a6e0288a-b320-87a6-ad18-316f83ddb4ec,{'subject': 'c:\program files (x86)\microsoft\edgewebview\application\124.0.2478.80\msedgewebview2.exe'},3704276
9f59929e-2034-8523-b146-70c1e34626e4,{'subject': 'c:\program files (x86)\microsoft\edgewebview\application\124.0.2478.80\msedgewebview2.exe'},3704281
860c0aca-3274-8e69-86d4-46669bb3f2ce,{'subject': 'c:\program files (x86)\microsoft\edgewebview\application\124.0.2478.80\msedgewebview2.exe'},3704299
fc269eb0-a203-86c9-bc82-5d34471762d2,{'subject': 'c:\program files (x86)\microsoft\edgewebview\application\124.0.2478.80\msedgewebview2.exe'},3704432
d99eb376-4ad8-8343-814b-7459b1584d7f,{'subject': 'c:\program files (x86)\microsoft\edgewebview\application\124.0.2478.80\msedgewebview2.exe'},3704557
8078f268-89d7-812a-86f5-e9a3185cb726,{'subject': 'c:\program files (x86)\microsoft\edgewebview\application\124.0.2478.80\msedgewebview2.exe'},3705687
1ab67a61-1716-8030-a453-eb309b4f3a51,{'subject': 'c:\program files (x86)\microsoft\edgewebview\application\124.0.2478.80\msedgewebview2.exe'},3705849
c31ea799-ee38-8a0a-a5bf-956ea4d9787d,{'subject': 'c:\users\efficientgoldfinch\appdata\local\microsoft\onedrive\24.081.0421.0003\filecoauth.exe'},3707235
80bb3002-53e8-8b96-ae73-db87b46a8f98,{'subject': 'c:\program files (x86)\microsoft\edgewebview\application\124.0.2478.80\msedgewebview2.exe'},3708124
c5af8935-4e02-8dc4-ac58-4a058400ad2a,{'subject': 'c:\program files (x86)\microsoft\edgewebview\application\124.0.2478.80\msedgewebview2.exe'},3708130
c6a7e927-7cb6-8bc7-97be-fef57f8ec223,{'subject': 'c:\program files (x86)\microsoft\edgewebview\application\124.0.2478.80\msedgewebview2.exe'},3708174
a7226511-b214-8b92-b75d-58aada88fd1b,{'subject': 'c:\program files (x86)\microsoft\edgewebview\application\124.0.2478.80\msedgewebview2.exe'},3708178
cb950f6a-68eb-8d1c-a091-f21bd135fcff,{'subject': 'c:\program files (x86)\microsoft\edgewebview\application\124.0.2478.80\msedgewebview2.exe'},3708197
5413bea9-cd37-8650-8745-e33fac8262ae,{'subject': 'c:\program files\windowsapps\microsoft.outlookforwindows_1.2024.501.300_x64__8wekyb3d8bbwe\olk.exe'},3708243
ccdb67b2-89b4-8cd3-959a-0ee0ae863741,{'subject': 'c:\program files\windowsapps\microsoft.outlookforwindows_1.2024.501.300_x64__8wekyb3d8bbwe\olk.exe'},3708244
1f1161da-6356-81e7-80d3-13ecf0f90c09,{'subject': 'c:\program files (x86)\microsoft\edgewebview\application\124.0.2478.80\msedgewebview2.exe'},3708255
a51e4491-42dd-87a3-83ca-5680d2c0c036,{'subject': 'c:\program files (x86)\microsoft\edgewebview\application\124.0.2478.80\msedgewebview2.exe'},3708379
95a2f87a-06b5-896d-a60d-605b6ad1f9b4,{'subject': 'c:\program files (x86)\microsoft\edgewebview\application\124.0.2478.80\msedgewebview2.exe'},3708421
b9674523-8dc0-8586-b363-13d402f7af29,{'subject': 'c:\program files\windowsapps\microsoft.outlookforwindows_1.2024.501.300_x64__8wekyb3d8bbwe\xpdagent.exe'},3708514
324fd0ec-85a2-815b-8bbb-29aab72dc5cf,{'subject': 'c:\program files (x86)\microsoft\edgewebview\application\124.0.2478.80\msedgewebview2.exe'},3708520
a13b5caf-1c5b-8496-b84a-deec4cce75b8,{'subject': 'c:\program files\windowsapps\microsoft.outlookforwindows_1.2024.501.300_x64__8wekyb3d8bbwe\xpdagent.exe'},3708543
5d9b3f16-b2c1-8fe3-b8e9-c2f4a683fdd6,{'subject': 'c:\program files\windowsapps\microsoft.outlookforwindows_1.2024.501.300_x64__8wekyb3d8bbwe\xpdagent.exe'},3708567
21eb4959-89f5-89c3-bf11-1914307c7f63,{'subject': 'c:\program files\windowsapps\microsoft.outlookforwindows_1.2024.501.300_x64__8wekyb3d8bbwe\xpdagent.exe'},3708571
9a240d8b-ca35-8058-bb27-b3dcac433041,{'subject': 'c:\program files (x86)\google\googleupdater\126.0.6462.0\updater.exe'},3710986
f89edca7-12f3-8c94-bc57-c8f50d9b1ca4,{'subject': 'c:\program files (x86)\google\googleupdater\126.0.6462.0\updater.exe'},3710998
43df0430-1ac2-81e5-8eef-78fedbbee2cc,{'subject': 'c:\program files (x86)\google\googleupdater\126.0.6462.0\updater.exe'},3711002
3bea6fc5-c7d0-82f2-a70f-e97f8cbf0fe8,{'subject': 'c:\program files (x86)\google\googleupdater\126.0.6462.0\updater.exe'},3711003
628d9f22-08d9-892b-9581-a46c028c8d45,{'subject': 'c:\windows\systemtemp\chrome_unpacker_beginunzipping7948_1250731917\qualification_app.exe'},3713624
9642b2a8-d0a0-89c3-9c76-6b035ec34a0b,{'subject': 'c:\windows\systemtemp\chrome_unpacker_beginunzipping7948_1250731917\qualification_app.exe'},3713631
ee4e0b39-6743-8537-b202-85840fbfd340,{'subject': 'c:\program files\microsoft onedrive\24.076.0414.0005\filecoauth.exe'},3722260
feb5f472-cf04-862e-b776-188fc70f132b,{'subject': 'c:\program files (x86)\google\googleupdater\126.0.6441.0\updater.exe'},3722317
5a2331a2-e396-862c-bd82-ef4b411b6155,{'subject': 'c:\program files (x86)\google\googleupdater\126.0.6441.0\updater.exe'},3722320
b8d903e9-dc73-8985-97bd-b9d73f39dbe0,{'subject': 'c:\program files (x86)\google\googleupdater\126.0.6441.0\updater.exe'},3722324
9b72d7c9-ffa7-8c19-806e-479d669c31b5,{'subject': 'c:\program files (x86)\google\googleupdater\126.0.6441.0\updater.exe'},3722331
dab215a8-35c4-8204-bc17-1ca66c420313,{'subject': 'c:\program files (x86)\google\googleupdater\126.0.6441.0\updater.exe'},3722333
60199ae6-c400-8aed-a9e9-d102c011c350,{'subject': 'c:\program files (x86)\google\googleupdater\126.0.6441.0\updater.exe'},3722335
f70ea2b8-97dd-8bdf-b57e-fa03c0ad3e77,{'subject': 'c:\program files (x86)\google\googleupdater\126.0.6441.0\updater.exe'},3722371
3e0035fd-a3bc-8fb6-b2b8-a4a2ecdc2470,{'subject': 'c:\program files (x86)\google\googleupdater\126.0.6441.0\updater.exe'},3722402
6b7f22da-b337-8fb9-80a4-1cfe601f6bfc,{'subject': 'c:\program files (x86)\google\googleupdater\126.0.6441.0\updater.exe'},3722403
66fe16ed-85a5-8a13-ad3c-a671c2fe43c1,{'subject': 'c:\program files (x86)\microsoft\edgewebview\application\124.0.2478.80\msedgewebview2.exe'},3723801
3e94f795-055d-8ef6-9b32-cc3f9f85b35e,{'subject': 'c:\program files\windowsapps\microsoft.windowsterminal_1.19.11213.0_x64__8wekyb3d8bbwe\openconsole.exe'},3725236
30c8dd41-0abb-86e4-993a-56c97eecb317,{'subject': 'c:\program files (x86)\microsoft\edgeupdate\download\{f3c4fe00-efd5-403b-9569-398a20f1ba4a}\1.3.187.37\microsoftedgeupdatesetup_x86_1.3.187.37.exe'},3726853
49f4be9a-f391-83bd-b9b4-e9d823715814,{'subject': 'c:\program files (x86)\microsoft\temp\eu33f1.tmp\microsoftedgeupdate.exe'},3726975
ff18c869-03e2-873e-925e-0705bd00cd1a,{'subject': 'c:\program files (x86)\microsoft\edgeupdate\1.3.187.37\microsoftedgeupdatecomregistershell64.exe'},3727068
e4140b9d-9d67-8b3b-9321-c15af575a0b4,{'subject': 'c:\program files (x86)\microsoft\edgeupdate\1.3.187.37\microsoftedgeupdatecomregistershell64.exe'},3727297
21ea3567-a770-8550-8f12-ecfaea3942ba,{'subject': 'c:\program files (x86)\microsoft\edgeupdate\1.3.187.37\microsoftedgeupdatecomregistershell64.exe'},3727349
aee8988a-8c04-8a6c-84e0-afa72ca20bd7,{'subject': 'c:\windows\systemapps\microsoft.windows.apprep.chxapp_cw5n1h2txyewy\chxsmartscreen.exe'},3733775
0d17e333-e4c6-8f5b-8509-df4f50465c0c,{'subject': 'c:\users\buzzingporpoise.pangolin\downloads\mossapp-master\mossapp-master\mossapp\publish\setup.exe'},3733828
cd5811cf-38c1-843d-826f-86fc81bbae79,{'subject': 'c:\windows\microsoft.net\framework64\v4.0.30319\dfsvc.exe'},3733838
2abeb971-a872-8258-b3ca-1c1c1f419ee3,{'subject': 'c:\users\buzzingporpoise.pangolin\downloads\mossapp-master\mossapp-master\mossapp\publish\setup.exe'},3733841
6929ba19-78be-89b3-b897-98cf72b219d9,{'subject': 'c:\users\buzzingporpoise.pangolin\downloads\mossapp-master\mossapp-master\mossapp\publish\setup.exe'},3733882
4c79c191-0a7f-89d5-93ef-d13d7e7750f5,{'subject': 'c:\windows\systemapps\microsoft.windows.sechealthui_cw5n1h2txyewy\sechealthui.exe'},3733937
e66724b7-20b5-885f-8400-3d89ceacef5f,{'subject': 'c:\windows\system32\credentialenrollmentmanager.exe'},3734096
753a74ad-06a1-84f2-bc86-64bce745a856,{'subject': 'c:\windows\systemapps\microsoft.windows.sechealthui_cw5n1h2txyewy\sechealthui.exe'},3734464
e1d110b8-51ee-8cc6-9b2f-002ab0846901,{'subject': 'c:\windows\systemapps\microsoft.windows.apprep.chxapp_cw5n1h2txyewy\chxsmartscreen.exe'},3734572
893ab454-8756-8949-bf43-6a51c525d089,{'subject': 'c:\users\buzzingporpoise.pangolin\downloads\mossapp-master\mossapp-master\mossapp\publish\setup.exe'},3734588
2529a246-bb25-8b45-abf1-8e27fbd893fa,{'subject': 'c:\windows\systemapps\microsoft.windows.apprep.chxapp_cw5n1h2txyewy\chxsmartscreen.exe'},3734790
33df102c-fa07-82d8-b735-88576b76e21e,{'subject': 'c:\windows\systemapps\microsoft.windows.sechealthui_cw5n1h2txyewy\sechealthui.exe'},3734801
164f6292-2740-8444-afd9-6ce18139e431,{'subject': 'c:\users\buzzingporpoise.pangolin\downloads\mossapp-master\mossapp-master\mossapp\publish\setup\setup.exe'},3734813
8ccb3e38-c325-8e73-ab97-ae3e412d6fca,{'subject': 'c:\windows\systemapps\microsoft.windows.apprep.chxapp_cw5n1h2txyewy\chxsmartscreen.exe'},3734963
6970fbbd-3d55-82bc-ba3f-b6f85631de2c,{'subject': 'c:\users\buzzingporpoise.pangolin\appdata\local\apps\2.0\n8cxhkwa.e4q\phd6rkxt.pb1\moss..tion_0000000000000000_0002.0000_ed9c9c03dd24422b\mossapp.exe'},3734988
ab6abe9f-26cb-83de-9c7e-4957dd5b43d2,{'subject': 'c:\program files (x86)\google\googleupdater\126.0.6462.0\updater.exe'},3735020
ca20fc90-8eea-87ef-aaee-b90f4492e933,{'subject': 'c:\program files (x86)\google\googleupdater\126.0.6462.0\updater.exe'},3735025
361a0d06-3db0-8b43-9ee4-61db2db25228,{'subject': 'c:\program files (x86)\google\googleupdater\126.0.6462.0\updater.exe'},3735031
caa239c5-c5a9-84da-9040-01e93988448a,{'subject': 'c:\program files (x86)\google\googleupdater\126.0.6462.0\updater.exe'},3735033
56f3efd7-a30f-88a8-82c1-b30c400f69b5,{'subject': 'c:\program files (x86)\google\googleupdater\126.0.6462.0\updater.exe'},3735068
3377db53-1846-857a-919c-1db668707867,{'subject': 'c:\program files (x86)\google\googleupdater\126.0.6462.0\updater.exe'},3735070
51f8bab3-14d0-8571-9a54-c0bc37890508,{'subject': 'c:\program files (x86)\google\googleupdater\126.0.6462.0\updater.exe'},3735074
fd747fc2-083f-803b-ae32-d5590baf8f11,{'subject': 'c:\program files (x86)\google\googleupdater\126.0.6462.0\updater.exe'},3735089
458e459e-d7ca-8d73-82f2-8b944be6ea19,{'subject': 'c:\program files (x86)\google\googleupdater\126.0.6462.0\updater.exe'},3735090
cd30edd1-a0e3-86f9-b21b-97d7d0917c05,{'subject': 'c:\program files (x86)\google\googleupdater\126.0.6441.0\updater.exe'},3735227
68874cfe-8dd8-803e-a83b-a5540b62dfc6,{'subject': 'c:\program files (x86)\google\googleupdater\126.0.6441.0\updater.exe'},3735230
8f9e4d4f-c76c-8fb2-9157-51fa04e30146,{'subject': 'c:\program files (x86)\google\googleupdater\126.0.6441.0\updater.exe'},3735234
bff3c27e-2183-8d73-aaa9-20d11ab9eac4,{'subject': 'c:\program files (x86)\google\googleupdater\126.0.6441.0\updater.exe'},3735235
1857e410-8fc2-8679-9a96-bdc5011709e3,{'subject': 'c:\program files (x86)\google\googleupdater\126.0.6441.0\updater.exe'},3735240
ca21d59a-12d6-8005-966c-ed339830fa32,{'subject': 'c:\windows\syswow64\cmd.exe'},3735266
95c98540-0a1d-8703-8b8f-27aa82565585,{'subject': 'c:\program files (x86)\google\googleupdater\126.0.6441.0\updater.exe'},3735268
450c5a74-f46f-87f1-b1f8-047c9fd45910,{'subject': 'c:\windows\syswow64\cmd.exe'},3735271
12e0f94d-a5ef-8009-83bf-253c0f99df82,{'subject': 'c:\windows\syswow64\findstr.exe'},3735273
fb857ce0-6047-8433-b224-c5b719cb1ee0,{'subject': 'c:\windows\syswow64\ping.exe'},3735274
8f3145f3-ea80-8859-9cdd-94876dad0c20,{'subject': 'c:\windows\syswow64\cmd.exe'},3735281
f55df8cb-c816-84fa-849e-c5d4cb2ff07b,{'subject': 'c:\users\efficientgoldfinch\appdata\local\temp\789590f6-7c82-4a75-8ca8-ce6f0079aa21\dismhost.exe'},3736275
e7779965-94c8-890f-9683-b1a8f20c3135,{'subject': 'c:\program files\microsoft onedrive\24.076.0414.0005\microsoft.sharepoint.exe'},3737516
67140847-6770-87cc-8715-8790a3b46e59,{'subject': 'c:\windows\system32\cloudnotifications.exe'},3758452
5064e515-66f7-838d-97be-aff13ab1160e,{'subject': 'c:\program files\windowsapps\microsoft.windowsterminal_1.19.11213.0_x64__8wekyb3d8bbwe\openconsole.exe'},3762193
751dc0d2-ef0d-8b96-9333-8cb334ad5761,{'subject': 'c:\program files\windowsapps\microsoft.windowsterminal_1.19.11213.0_x64__8wekyb3d8bbwe\openconsole.exe'},3762952
50576a0f-5f02-8708-91c9-0d92e9023b9a,{'subject': 'c:\program files (x86)\common files\adobe\arm\execute\13319\acroservicesupdater2_x64.exe'},3779426
54258695-8f54-8adf-b332-b634f53c839a,{'subject': 'c:\program files (x86)\common files\adobe\arm\execute\13319\acroservicesupdater2_x64.exe'},3779439
cbd12649-29ef-8145-876e-272de134e8d6,{'subject': 'c:\users\efficientgoldfinch\appdata\local\microsoft\onedrive\24.081.0421.0003\microsoft.sharepoint.exe'},3779671
474f77fb-e305-8bc2-a65c-8db4d44538ed,{'subject': 'c:\users\obviouswombat.pangolin\appdata\local\temp\dce37dd0-4062-4848-8c5e-bb4a2e1203fd\dismhost.exe'},3786680
c8e2c989-7302-8981-bf4f-0a15d2c3a2a0,{'subject': 'c:\program files (x86)\google\googleupdater\126.0.6462.0\updater.exe'},3792213
d6d7b225-3716-82f0-838e-663c5c7741e0,{'subject': 'c:\program files (x86)\google\googleupdater\126.0.6462.0\updater.exe'},3792217
d16fe26d-8d07-8984-97a7-e5f881b87123,{'subject': 'c:\program files (x86)\google\googleupdater\126.0.6462.0\updater.exe'},3792221
fa0ba080-cd53-88da-a8be-37c2e1e48035,{'subject': 'c:\program files (x86)\google\googleupdater\126.0.6462.0\updater.exe'},3792225
39466272-0dd9-87da-a30f-b90d835ca866,{'subject': 'c:\program files (x86)\google\googleupdater\126.0.6462.0\updater.exe'},3792228
457db49a-48c8-87a4-a5d5-ef7459ed7f3d,{'subject': 'c:\program files (x86)\google\googleupdater\126.0.6462.0\updater.exe'},3792229
7fdb75e2-9f24-8ca7-ad87-c96ad74aff00,{'subject': 'c:\program files (x86)\google\googleupdater\126.0.6462.0\updater.exe'},3792239
1d821ca0-1ee1-84bd-88b8-621e84aa31dd,{'subject': 'c:\program files\git\git-bash.exe'},3792241
b6967227-98de-880c-946a-15c1c6871eb4,{'subject': 'c:\program files\git\usr\bin\mintty.exe'},3792246
b7f1c0e0-c9d7-8d6c-adc3-4a62b7ebd56e,{'subject': 'c:\program files\git\usr\bin\mintty.exe'},3792260
fae2bf8c-41e5-81dc-8699-3c7807a97a7d,{'subject': 'c:\program files\git\usr\bin\cygwin-console-helper.exe'},3792263
d1c3bf80-ab34-82da-83a9-4961bd50ed4f,{'subject': 'c:\program files\git\usr\bin\bash.exe'},3792268
a1638f6a-b17a-8d6c-bcce-0e14c0e52b91,{'subject': 'c:\program files\git\usr\bin\mintty.exe'},3792270
86ef7d1a-4251-848e-b481-232b63efe47e,{'subject': 'c:\program files\git\usr\bin\bash.exe'},3792271
34790298-9d51-8826-9e3f-c5217a89e810,{'subject': 'c:\program files\git\usr\bin\bash.exe'},3792275
f6fd4bce-a9f9-8e8f-a662-b7fe1fd705f2,{'subject': 'c:\program files\git\usr\bin\hostname.exe'},3792277
aa9eb399-5043-8444-890f-4526fa0eb07a,{'subject': 'c:\program files\git\usr\bin\bash.exe'},3792281
85dd06fc-9488-8fce-bfa7-936c73f4eb90,{'subject': 'c:\program files\git\usr\bin\bash.exe'},3792282
2b6a553c-8cc5-854a-b07b-124c3ff4950a,{'subject': 'c:\program files\git\usr\bin\which.exe'},3792285
d3076f46-fc03-87a4-a0f2-6f1f1e715169,{'subject': 'c:\program files\git\usr\bin\bash.exe'},3792290
edec13b9-c9ae-84de-9fa0-10f8c64bd392,{'subject': 'c:\program files\git\usr\bin\bash.exe'},3792295
9418290a-5f7d-87a3-8b59-c3dbced9d182,{'subject': 'c:\program files\git\usr\bin\bash.exe'},3792298
eb33afd4-4d90-84e4-a13f-0ded2c5ae517,{'subject': 'c:\program files\git\usr\bin\bash.exe'},3792300
71f95528-1fb9-89cf-be10-ed704bbdd263,{'subject': 'c:\program files\git\usr\bin\bash.exe'},3792303
0a7a4e0d-d624-8cba-84bc-e34609e845fc,{'subject': 'c:\program files\git\usr\bin\bash.exe'},3792306
e5637d0b-277d-8209-8c5f-073fcc6a7474,{'subject': 'c:\program files\git\usr\bin\bash.exe'},3792310
6be8eec7-996d-83df-ab2f-b8149eb34ace,{'subject': 'c:\program files\git\usr\bin\bash.exe'},3792313
dd6d87ac-3e68-882e-8224-10faa2b66a0b,{'subject': 'c:\program files\git\usr\bin\bash.exe'},3792316
50261c68-e4eb-81ef-a88f-3e4bf63a3b7e,{'subject': 'c:\program files\git\usr\bin\bash.exe'},3792318
a4fb5d50-a779-8a5d-812c-3d3a086a2f80,{'subject': 'c:\program files\git\usr\bin\bash.exe'},3792322
1a773d41-9e36-89b6-b923-cd3107e21fd6,{'subject': 'c:\program files\git\usr\bin\bash.exe'},3792325
63823235-f994-8ef8-bbcb-e398a6eb27de,{'subject': 'c:\program files\git\usr\bin\bash.exe'},3792327
b27be852-414f-81cd-9471-4464e74e17d4,{'subject': 'c:\program files\git\usr\bin\bash.exe'},3792330
66c8b28c-931a-88c5-ae6b-3cea62eab001,{'subject': 'c:\program files\git\usr\bin\bash.exe'},3792333
6aec1e71-5e85-855b-b253-83a1c2376368,{'subject': 'c:\program files\git\usr\bin\bash.exe'},3792336
9be9105c-f5d7-88af-bdfd-1a669ee1c95a,{'subject': 'c:\program files\git\usr\bin\bash.exe'},3792339
a5463bca-87d3-87ab-b25f-6dd4f66a2ae3,{'subject': 'c:\program files\git\usr\bin\bash.exe'},3792346
f28461dc-d85e-8ee5-bb9d-5961ae9ce75f,{'subject': 'c:\program files (x86)\google\googleupdater\126.0.6462.0\updater.exe'},3792349
670d6461-0cca-8652-bcc3-91b25158041d,{'subject': 'c:\program files (x86)\google\googleupdater\126.0.6462.0\updater.exe'},3792350
278076dc-09fa-8022-8377-8eeb842e4271,{'subject': 'c:\program files\git\usr\bin\bash.exe'},3792354
e3642f36-d23a-8f23-91b3-9cec92b4a09d,{'subject': 'c:\program files\git\usr\bin\bash.exe'},3792357
7159895f-192a-8e93-a2d9-4e296a31ade3,{'subject': 'c:\program files\git\usr\bin\bash.exe'},3792358
743af4be-d888-8180-bdf8-f34c4802fd15,{'subject': 'c:\program files\git\usr\bin\bash.exe'},3792397
aab50a48-d4b2-82f7-bd4a-f4a6f03b0cf4,{'subject': 'c:\program files\git\usr\bin\bash.exe'},3792399
dc9af65d-9cea-86bf-a43b-55b85654e06e,{'subject': 'c:\program files\git\usr\bin\bash.exe'},3792401
052da5df-30b5-8c7c-8af3-0944968fe453,{'subject': 'c:\program files\git\usr\bin\bash.exe'},3792403
f35c8b57-b668-8e6f-b452-10b8558c541e,{'subject': 'c:\program files\git\usr\bin\bash.exe'},3792408
d1d3acaa-b61b-8a88-ae18-86eddc082f7b,{'subject': 'c:\program files\git\usr\bin\bash.exe'},3792409
330997ff-ff8e-8819-88ea-51ae32589416,{'subject': 'c:\program files\git\usr\bin\bash.exe'},3792411
0f81a7aa-a9bd-8e79-9ddd-2d65f058311c,{'subject': 'c:\program files\git\usr\bin\grep.exe'},3792413
5b648031-67b1-8775-9479-c12ed8add8fa,{'subject': 'c:\program files\git\usr\bin\ls.exe'},3792418
bd672777-071b-8d92-bd3c-9a7000440d79,{'subject': 'c:\program files\git\usr\bin\bash.exe'},3792425
2385e520-9807-8585-b91f-3b6bc396f33f,{'subject': 'c:\program files\git\usr\bin\perl.exe'},3792426
a1a3ce59-716d-8276-88d5-a50702124c32,{'subject': 'c:\program files\git\usr\bin\bash.exe'},3792431
9e826f8c-333f-8395-bd6b-b61d1c60f619,{'subject': 'c:\program files\git\usr\bin\bash.exe'},3792983
d2172696-993a-8e9d-8732-fe6529c323d1,{'subject': 'c:\program files\git\usr\bin\bash.exe'},3792985
9149fd3a-4f46-8a47-9055-e2cd049d7326,{'subject': 'c:\program files\git\usr\bin\bash.exe'},3792989
e0df04c5-1fb7-8d31-8e82-7816d27aa3a1,{'subject': 'c:\program files\git\usr\bin\bash.exe'},3792991
c78082b5-e18e-8028-ab5a-3493304fae05,{'subject': 'c:\program files\git\usr\bin\bash.exe'},3792995
2d414d43-349f-8bc2-a018-b2912de4ec62,{'subject': 'c:\program files\git\usr\bin\bash.exe'},3793000
a71e73d0-9ec0-8677-937d-6e08f9170aaa,{'subject': 'c:\program files\git\usr\bin\bash.exe'},3793001
25e5978c-d7e7-80b3-a62d-8353d49b82d0,{'subject': 'c:\program files\git\usr\bin\bash.exe'},3793006
8959783d-9cc2-85c4-ab51-a61f46b6f0dd,{'subject': 'c:\program files\git\usr\bin\bash.exe'},3793008
c428f49d-00d4-8da2-bad3-af295d39ed14,{'subject': 'c:\program files\git\usr\bin\bash.exe'},3793010
78b92672-3bb6-8ee2-abf3-895ac4e18b00,{'subject': 'c:\program files\git\usr\bin\bash.exe'},3793013
d236d71e-4dbe-82cb-9a93-a7be2ddd3811,{'subject': 'c:\program files\git\usr\bin\bash.exe'},3793017
f0c3b318-dc0c-853d-a704-8eb4a6a138ff,{'subject': 'c:\program files\git\usr\bin\bash.exe'},3793018
03fac112-df40-807f-8dc6-6906193f990e,{'subject': 'c:\program files\git\usr\bin\grep.exe'},3793021
3fb13fbb-db9f-861c-810f-2f474cdb76d4,{'subject': 'c:\program files\git\usr\bin\bash.exe'},3793022
753369f8-d9f8-8f22-960e-1c5800d8e087,{'subject': 'c:\program files\git\usr\bin\ls.exe'},3793026
f6bd5e30-917c-8e50-9f71-fe3d0795f9f0,{'subject': 'c:\program files\git\usr\bin\bash.exe'},3793029
528926e2-5584-8252-b49e-4b9ee93cd7f3,{'subject': 'c:\program files\git\usr\bin\perl.exe'},3793030
ca8dc4d5-83ff-80f4-a57e-971ab3012433,{'subject': 'c:\program files\git\usr\bin\bash.exe'},3793032
42a588dd-4c08-84a5-839d-d43cdd280b03,{'subject': 'c:\program files\git\usr\bin\bash.exe'},3793034
013a22f9-b8fd-82cb-b6d9-9d7e8d4929a7,{'subject': 'c:\program files\git\usr\bin\bash.exe'},3793036
507c39ca-5df3-8192-b976-7b17b1ed0f94,{'subject': 'c:\program files\git\usr\bin\bash.exe'},3793039
10c3a437-7a30-8fc7-abe7-460950bf4491,{'subject': 'c:\program files\git\usr\bin\bash.exe'},3793042
dbfc17f3-648f-865d-8d0c-7231ebbf4184,{'subject': 'c:\program files\git\usr\bin\bash.exe'},3793045
5090bd95-14e7-88ce-b3c8-4af590dd41e5,{'subject': 'c:\program files\git\usr\bin\bash.exe'},3793049
2bedc14e-5307-8527-a75c-e9da774fc83d,{'subject': 'c:\program files\git\usr\bin\bash.exe'},3793050
cc21cf7f-53d5-810b-b7c0-63b133448091,{'subject': 'c:\program files\git\usr\bin\bash.exe'},3793051
0dd354c1-4165-8e1a-939b-0faa7b4d59e9,{'subject': 'c:\program files\git\usr\bin\perl.exe'},3793128
294ea58f-1b27-8bef-ab46-2091b58a4867,{'subject': 'c:\program files\git\usr\bin\bash.exe'},3793691
9815c656-3043-8236-a450-f9a7c571197d,{'subject': 'c:\program files\git\usr\bin\bash.exe'},3793693
d88c55a2-b527-83e3-b587-38d71ac5d4bc,{'subject': 'c:\program files\git\usr\bin\bash.exe'},3793695
865ab1f5-e7b2-80eb-8106-2076397f68d5,{'subject': 'c:\program files\git\usr\bin\bash.exe'},3793696
3fe90b9d-011e-8dfb-a5ba-1ff58b9ceac6,{'subject': 'c:\program files\git\usr\bin\bash.exe'},3793702
b12d672c-6e7b-8109-b13c-397644b28bbb,{'subject': 'c:\program files\git\usr\bin\bash.exe'},3793703
2520add9-5f7f-8d58-a651-8a1ed6ecd0c8,{'subject': 'c:\program files\git\usr\bin\bash.exe'},3793705
9b487450-863f-8e27-b26f-caa5279e0a93,{'subject': 'c:\program files\git\usr\bin\grep.exe'},3793707
a4306172-a83d-8028-87e6-7a59abbfc720,{'subject': 'c:\program files\git\usr\bin\ls.exe'},3793711
2612ad2a-e680-81ab-b489-15eeb1dc11fc,{'subject': 'c:\program files\git\usr\bin\bash.exe'},3793714
dacbaadf-a607-85bf-b115-7f4a8aedcbdc,{'subject': 'c:\program files\git\usr\bin\perl.exe'},3793715
8141d770-e561-83b3-8dc2-d192fe41df73,{'subject': 'c:\program files\git\usr\bin\bash.exe'},3793717
125db435-25cc-82bf-abf0-9be47df0ae1e,{'subject': 'c:\program files\git\usr\bin\bash.exe'},3793957
b5a107ba-8eb1-8c5f-8a63-fc168f7f9dd7,{'subject': 'c:\program files\git\usr\bin\bash.exe'},3793961
98e73729-3a28-8a15-a6d2-a632310f47f1,{'subject': 'c:\program files\git\usr\bin\bash.exe'},3793966
5979b7a7-481a-83e6-97ab-8303c6d6a92a,{'subject': 'c:\program files\git\usr\bin\bash.exe'},3793967
b2794ff5-ec12-8d8e-90e4-7926ef06e49a,{'subject': 'c:\program files\git\usr\bin\bash.exe'},3793970
8afa3f9c-fec1-8558-8845-fa5d9a7f7f13,{'subject': 'c:\program files\git\usr\bin\grep.exe'},3793971
318d5d0a-ef26-8e4f-b287-d3d8ef6d9994,{'subject': 'c:\program files\git\usr\bin\ls.exe'},3793974
687f46e6-c285-8fbc-8195-8eb4b4f5a883,{'subject': 'c:\program files\git\usr\bin\bash.exe'},3793977
417f999d-ee9e-805c-a20a-932bcec8fca1,{'subject': 'c:\program files\git\usr\bin\perl.exe'},3793978
1f037725-d9f7-87d4-8f03-53f36fff4d6e,{'subject': 'c:\program files\git\usr\bin\bash.exe'},3793980
eb6cc532-245e-87f0-baf4-b0413446e478,{'subject': 'c:\program files\git\usr\bin\bash.exe'},3793981
4d59408c-4d36-8672-94e8-b89e81824e45,{'subject': 'c:\program files\git\usr\bin\bash.exe'},3793984
e95a3daf-5dce-8c60-9999-96998d59361d,{'subject': 'c:\program files\git\usr\bin\bash.exe'},3793989
7d034e5b-007f-88c7-aaa2-93955a2394a2,{'subject': 'c:\program files\git\usr\bin\bash.exe'},3793990
e0a6bef9-ac6d-8daa-a678-336b04a1fd3c,{'subject': 'c:\program files\git\usr\bin\bash.exe'},3793993
0ac312f1-a1a0-8ebf-a45b-d683cffbcef8,{'subject': 'c:\program files\git\usr\bin\grep.exe'},3793994
4143d902-567a-8e53-a328-3d7241298f18,{'subject': 'c:\program files\git\usr\bin\ls.exe'},3793998
ad76a4f7-0362-897c-aaa6-00eea0c06132,{'subject': 'c:\program files\git\usr\bin\bash.exe'},3794001
ecf09c9f-f830-8d39-8f3d-b5722de3999c,{'subject': 'c:\program files\git\usr\bin\perl.exe'},3794002
b3488ec4-cb83-8309-89a7-a16ddfc894e1,{'subject': 'c:\program files\git\usr\bin\bash.exe'},3794003
e57c0103-fa58-8417-98b2-3c12e42a2804,{'subject': 'c:\program files\git\usr\bin\bash.exe'},3794008
6fc25f2a-d118-86d7-a1f3-08c97ab311b4,{'subject': 'c:\program files\git\usr\bin\bash.exe'},3794063
47ff1a10-4667-89f2-ab73-0b467c60e3a1,{'subject': 'c:\program files\git\usr\bin\bash.exe'},3794065
b1ccb20b-d324-8e71-901c-8e31900ee4c5,{'subject': 'c:\program files\git\usr\bin\bash.exe'},3794069
fa71208c-e3c4-803c-b5d5-68c048a1ce20,{'subject': 'c:\program files\git\usr\bin\bash.exe'},3794071
7d4081c7-86e5-813a-b3d3-01ba9182912f,{'subject': 'c:\program files\git\usr\bin\bash.exe'},3794074
57ca9a07-1264-8894-ad9f-bc2f78baf0a9,{'subject': 'c:\program files\git\usr\bin\bash.exe'},3794085
df55552e-a409-8b9a-9310-53513fe9b9b9,{'subject': 'c:\program files\git\usr\bin\bash.exe'},3794087
08b74006-3211-8e2c-8b0b-3216a5d650f4,{'subject': 'c:\program files\git\usr\bin\bash.exe'},3794095
dde8525c-b59b-8b85-b206-325a21d8dcba,{'subject': 'c:\program files\git\usr\bin\bash.exe'},3794097
e83cf10c-f346-8a15-b003-28b32e229be8,{'subject': 'c:\program files\git\usr\bin\bash.exe'},3794099
6c810969-db75-8ad7-8d11-1ec4d5d13a36,{'subject': 'c:\program files\git\usr\bin\bash.exe'},3794101
8991593b-7f91-8749-967f-0cf954e4b203,{'subject': 'c:\program files\git\usr\bin\bash.exe'},3794106
463c3517-520f-82ca-a30f-1bf8f785a557,{'subject': 'c:\program files\git\usr\bin\bash.exe'},3794107
29f84fa1-f347-88de-8967-0910842ec931,{'subject': 'c:\program files\git\usr\bin\grep.exe'},3794108
e155d86f-3e3d-884f-90f8-12397736ec45,{'subject': 'c:\program files\git\usr\bin\bash.exe'},3794110
951d4f77-e455-893c-be39-79676de04347,{'subject': 'c:\program files\git\usr\bin\ls.exe'},3794117
b4956bf6-c74d-8018-8f9a-9bb15d8301ce,{'subject': 'c:\program files\git\usr\bin\bash.exe'},3794120
f209b376-deb6-8322-91a4-bb5405fe1fdd,{'subject': 'c:\program files\git\usr\bin\perl.exe'},3794121
1763aff2-8dc9-8f31-9130-e250144db131,{'subject': 'c:\program files\git\usr\bin\bash.exe'},3794123
3f592e03-c2c8-8889-9bd6-d74b9f5f5c5f,{'subject': 'c:\program files\git\usr\bin\bash.exe'},3794517
5d3cf60e-d583-8516-b477-fc01e7c29fd3,{'subject': 'c:\program files\git\usr\bin\bash.exe'},3794522
fd75cbb1-4ed3-864f-9ded-370b4fd3c566,{'subject': 'c:\program files\git\usr\bin\bash.exe'},3794527
a8693144-9ef3-838a-80dc-894416f4fcac,{'subject': 'c:\program files\git\usr\bin\bash.exe'},3794528
3be19136-88bf-878a-9550-ce4cd7f8803c,{'subject': 'c:\program files\git\usr\bin\bash.exe'},3794531
b2ad4a80-534b-8cea-a9b5-bec19e1a281c,{'subject': 'c:\program files\git\usr\bin\grep.exe'},3794532
b0ffcfaa-59a2-837d-87de-819eab9a66e8,{'subject': 'c:\program files\git\usr\bin\bash.exe'},3794535
f1bddd78-2b1e-8f5b-ba9e-d062611cce87,{'subject': 'c:\program files\git\usr\bin\ls.exe'},3794536
7b9e40a4-a785-84a3-9cdf-feb4197e265a,{'subject': 'c:\program files\git\usr\bin\bash.exe'},3794539
7b6084aa-5365-8763-9502-880aa6e335e8,{'subject': 'c:\program files\git\usr\bin\perl.exe'},3794540
45bcc928-62cf-857e-80e3-a98148ee395b,{'subject': 'c:\program files\git\usr\bin\bash.exe'},3794542
81c596c7-d131-83bf-85dc-d85bebb0a958,{'subject': 'c:\program files\git\usr\bin\bash.exe'},3794545
b9da1572-65cd-8ef7-aaf2-da6aac45971b,{'subject': 'c:\program files\git\usr\bin\bash.exe'},3794550
b9ab0bce-ec8e-8934-aa3c-2e70075cce68,{'subject': 'c:\program files\git\usr\bin\bash.exe'},3794551
ac83f493-12a4-87d4-a5f3-7b2d61230533,{'subject': 'c:\program files\git\usr\bin\bash.exe'},3794554
154175e9-6e58-86fa-b973-2960a3a015c1,{'subject': 'c:\program files\git\usr\bin\grep.exe'},3794555
560e9ace-2d7d-845a-8535-90c6ede4b3c7,{'subject': 'c:\program files\git\usr\bin\bash.exe'},3794558
a5a135f3-faa9-8458-ba31-0bdf13d79dfc,{'subject': 'c:\program files\git\usr\bin\ls.exe'},3794560
82d6340e-8b72-8c70-956b-348a90c9245b,{'subject': 'c:\program files\git\usr\bin\bash.exe'},3794561
1cbe6a66-10ca-8d77-bf76-2a006ffb78e9,{'subject': 'c:\program files\git\usr\bin\perl.exe'},3794564
94e6d23c-7fc5-8745-960d-ec3598a15ed3,{'subject': 'c:\program files\git\usr\bin\bash.exe'},3794566
06a9a5a1-9e18-841a-a0d2-4f36e2996740,{'subject': 'c:\program files\git\usr\bin\bash.exe'},3794829
4e8bc646-c180-8dac-a75c-a3be0ae45488,{'subject': 'c:\program files\git\usr\bin\bash.exe'},3794834
3fafbd35-4c15-8049-b9a7-1bfe19acc82d,{'subject': 'c:\program files\git\usr\bin\bash.exe'},3794835
2f46e9f6-9b99-8c96-8d05-8d4e247ea116,{'subject': 'c:\program files\git\usr\bin\bash.exe'},3794837
f5ed9e6d-9973-802e-b616-3483d87728b7,{'subject': 'c:\program files\git\usr\bin\grep.exe'},3794838
20c8391a-2f01-874b-8e2d-fc917832e860,{'subject': 'c:\program files\git\usr\bin\ls.exe'},3794843
5cb41b7d-0447-8838-9d12-dd8419a1a187,{'subject': 'c:\program files\git\usr\bin\bash.exe'},3794846
9be0364a-8a52-8172-8d04-2bb499bb6931,{'subject': 'c:\program files\git\usr\bin\perl.exe'},3794847
7b77d21b-8a9f-8651-9b34-3db1181b6ca5,{'subject': 'c:\program files\git\usr\bin\bash.exe'},3794849
217304dd-5c24-8e84-85df-d03b63e70129,{'subject': 'c:\program files\git\usr\bin\bash.exe'},3794937
654ac7b2-bf60-8b14-be0b-1f7e51de82fb,{'subject': 'c:\program files\git\usr\bin\bash.exe'},3794940
3d178a06-80a9-87ce-9f50-1afd9de23aeb,{'subject': 'c:\program files\git\usr\bin\bash.exe'},3794944
3b66b9e9-a65d-87fe-a092-a6a5dff8d714,{'subject': 'c:\program files\git\usr\bin\bash.exe'},3794946
9d0e15b2-ba89-8cc8-9e28-2aa5b73df854,{'subject': 'c:\program files\git\usr\bin\bash.exe'},3794950
a87c627d-2647-8a43-9624-d5b141e5577c,{'subject': 'c:\program files\git\usr\bin\bash.exe'},3794957
04234171-412f-8fdb-9f3f-ea9496757b48,{'subject': 'c:\program files\git\usr\bin\bash.exe'},3794958
02d85c71-fe5a-8f96-82fd-27f26905b3b9,{'subject': 'c:\program files\git\usr\bin\bash.exe'},3795042
e8cbd6ea-0ca5-8456-b1ad-fe88adc3232d,{'subject': 'c:\program files\git\usr\bin\bash.exe'},3795044
6064e969-aa9e-8eec-a216-f28341ecf2fd,{'subject': 'c:\program files\git\usr\bin\bash.exe'},3795046
2e9e64f4-f231-8222-9846-ba9d1b1a4b16,{'subject': 'c:\program files\git\usr\bin\bash.exe'},3795048
49720930-1011-8e9b-8f88-8004bb1d907e,{'subject': 'c:\program files\git\usr\bin\bash.exe'},3795053
946cc828-8660-8862-9c45-5be5ac2d6729,{'subject': 'c:\program files\git\usr\bin\bash.exe'},3795054
2a36b536-f7ff-8648-9c64-09d7cb4bb342,{'subject': 'c:\program files\git\usr\bin\grep.exe'},3795056
e5984aca-8e4a-8ae2-861d-2c7997c28efe,{'subject': 'c:\program files\git\usr\bin\bash.exe'},3795058
212e2bde-e53e-85eb-ace7-7c2d2642d794,{'subject': 'c:\program files\git\usr\bin\ls.exe'},3795062
8fc87bb7-7f59-81e5-ae20-ade491c95702,{'subject': 'c:\program files\git\usr\bin\bash.exe'},3795065
d437f8a5-d53d-898c-8cd8-864b8cd683c5,{'subject': 'c:\program files\git\usr\bin\bash.exe'},3795066
b7d3e026-fb2e-8fe6-902a-896e0fd0a42b,{'subject': 'c:\program files\git\usr\bin\ls.exe'},3795069
1ac14f0c-3622-8e43-a547-6fd3e6e0ceda,{'subject': 'c:\program files\git\usr\bin\bash.exe'},3795071
dcb04ced-c905-88e7-aa31-e76b0a220cbd,{'subject': 'c:\program files\git\usr\bin\perl.exe'},3795072
fbe2bdd4-6f7b-86fa-97cf-3adb97c5382c,{'subject': 'c:\program files\git\usr\bin\bash.exe'},3795074
86b90f65-3b79-8495-b191-793fe5767108,{'subject': 'c:\users\obviouswombat.pangolin\appdata\local\temp\defenderupgradeexec.exe'},3795133
d5b2e5f1-781e-80fc-af0a-7f2675efe841,{'subject': 'c:\program files\git\usr\bin\bash.exe'},3795200
9bae6d3b-4891-8719-87e1-dcbd3ae3d301,{'subject': 'c:\program files\git\usr\bin\bash.exe'},3795203
d0e69e1d-b18b-8058-b3d0-20db93d4ddc9,{'subject': 'c:\program files\git\usr\bin\bash.exe'},3795206
283cb857-b1ac-8926-8dbf-80a18ce8ffae,{'subject': 'c:\program files\git\usr\bin\bash.exe'},3795209
b799f8ac-a68b-83c3-9d1c-907ec88b8af5,{'subject': 'c:\program files\git\usr\bin\bash.exe'},3795211
23e592eb-0c8c-8160-8127-f5ae61a75bf6,{'subject': 'c:\program files\git\usr\bin\grep.exe'},3795213
68b82c8a-1eb4-8812-8c52-6e00e86112b5,{'subject': 'c:\program files\git\usr\bin\ls.exe'},3795216
414166ac-def8-87df-9e0d-b3df004cf312,{'subject': 'c:\program files\git\usr\bin\bash.exe'},3795220
ff0e4b15-c107-85e4-9110-c3bec01543fc,{'subject': 'c:\program files\git\usr\bin\ls.exe'},3795222
ab6a966a-f77e-8fd3-bafb-975c528a4d4a,{'subject': 'c:\program files\git\usr\bin\bash.exe'},3795225
190a1a1d-3516-8b43-b1f2-25baafdbe889,{'subject': 'c:\program files\git\usr\bin\perl.exe'},3795226
5bc245c7-aa53-8fb5-a050-539c00d1a9ee,{'subject': 'c:\program files\git\usr\bin\bash.exe'},3795228
f0e6dbfd-3f06-8bbc-a4bd-14f2b109e013,{'subject': 'c:\program files\git\usr\bin\bash.exe'},3795229
b7b7542c-7e23-8815-926c-871f1c97c5ba,{'subject': 'c:\program files\git\usr\bin\bash.exe'},3795230
f82d790c-96bf-8a9e-b56f-4fcdd8fddde2,{'subject': 'c:\program files\git\usr\bin\bash.exe'},3795236
837c9b3a-3480-8148-b6b1-9322ec910d4f,{'subject': 'c:\program files\git\usr\bin\bash.exe'},3795237
5ed30c59-a684-83ce-9e4b-10f5210df2bf,{'subject': 'c:\program files\git\usr\bin\bash.exe'},3795239
550704bb-254e-8fd6-9773-d65ade9a56ff,{'subject': 'c:\program files\git\usr\bin\grep.exe'},3795241
df2829fd-9b2f-8349-901b-a75dbb26e4d5,{'subject': 'c:\program files\git\usr\bin\ls.exe'},3795246
cfbb116e-ed5f-8219-8398-626b25bf1e2c,{'subject': 'c:\program files\git\usr\bin\bash.exe'},3795249
93f8e7ea-4c5a-8bbc-818e-dbde0ab39432,{'subject': 'c:\program files\git\usr\bin\bash.exe'},3795251
30668cf6-fa05-8391-85c0-c1f9402a4167,{'subject': 'c:\program files\git\usr\bin\ls.exe'},3795253
f7609a71-a645-8c9d-9ee3-8c25d41bc052,{'subject': 'c:\program files\git\usr\bin\bash.exe'},3795255
33d18967-a03d-8071-8b8a-ed062123e967,{'subject': 'c:\program files\git\usr\bin\perl.exe'},3795256
6aca4bf8-246f-8e56-9676-26f4e55ee228,{'subject': 'c:\program files\git\usr\bin\bash.exe'},3795258
cba60d5b-4bf9-8226-8202-5951ab0d18e5,{'subject': 'c:\program files\git\usr\bin\bash.exe'},3795477
cc74c36a-df84-89dd-a633-807fb6cf5296,{'subject': 'c:\program files\git\usr\bin\bash.exe'},3795480
0db0c43a-171c-89fb-824e-e0c1183d17ae,{'subject': 'c:\program files\git\usr\bin\bash.exe'},3795485
b6456008-11e3-88ea-84f7-6b6ef314daa2,{'subject': 'c:\program files\git\usr\bin\bash.exe'},3795486
34f5d654-967b-831c-83b6-06edee0b1ecc,{'subject': 'c:\program files\git\usr\bin\grep.exe'},3795489
3b839071-d288-8daa-a180-ad04fb0f5a90,{'subject': 'c:\program files\git\usr\bin\bash.exe'},3795490
766be9a1-3218-807f-a4de-cfd9936ae267,{'subject': 'c:\program files\git\usr\bin\ls.exe'},3795494
d05c8a74-2405-8a49-aa39-e14935471a64,{'subject': 'c:\program files\git\usr\bin\bash.exe'},3795498
e05619d6-05fd-8eb2-9bae-9bdd01838bc6,{'subject': 'c:\program files\git\usr\bin\bash.exe'},3795499
f9790024-b00a-863f-a71c-8580c4ba2002,{'subject': 'c:\program files\git\usr\bin\ls.exe'},3795501
95aed1a9-0b86-8092-8df3-f5075f2f570a,{'subject': 'c:\program files\git\usr\bin\bash.exe'},3795503
179cf4ba-46fe-8c55-a7c8-3dc3a9a8cc76,{'subject': 'c:\program files\git\usr\bin\perl.exe'},3795504
62adbd5a-5410-85b8-a48f-d8b571862b9d,{'subject': 'c:\program files\git\usr\bin\bash.exe'},3795505
6b432efc-dae3-879a-86f7-1a4028a7588e,{'subject': 'c:\program files\git\usr\bin\bash.exe'},3795648
490e6e0a-9119-83ce-9388-ac191e57c35e,{'subject': 'c:\program files\git\usr\bin\bash.exe'},3795651
dc36229d-f155-89df-8e3f-bf5c9e2091b7,{'subject': 'c:\program files\git\usr\bin\bash.exe'},3795655
6b793308-c1ed-80b9-8b20-6e55ca27c2b2,{'subject': 'c:\program files\git\usr\bin\bash.exe'},3795657
893f5c33-e886-88bf-94bf-8b6df27dcca2,{'subject': 'c:\program files\git\usr\bin\bash.exe'},3795661
99204fe0-1564-89bf-856d-22414bf871cc,{'subject': 'c:\program files\git\usr\bin\bash.exe'},3795666
3db2e42b-cfe1-8231-85e2-ba71c768afbe,{'subject': 'c:\program files\git\usr\bin\bash.exe'},3795667
d3366d30-ea5b-8f32-97ec-6dd6001aaa8f,{'subject': 'c:\program files (x86)\microsoft\edgewebview\application\124.0.2478.80\msedgewebview2.exe'},3796512
5c05a6d3-0e54-8ee5-b76e-738b407263a0,{'subject': 'c:\program files (x86)\microsoft\edgewebview\application\124.0.2478.80\msedgewebview2.exe'},3796515
19e4eb40-6b98-8987-8450-b7887826176a,{'subject': 'c:\program files (x86)\microsoft\edgewebview\application\124.0.2478.80\msedgewebview2.exe'},3796536
64486b5b-f0d3-8450-82aa-3a535ec5c0a3,{'subject': 'c:\program files (x86)\microsoft\edgewebview\application\124.0.2478.80\msedgewebview2.exe'},3796540
f6a6a14b-5ede-8d2d-af99-a6e33dc15d2d,{'subject': 'c:\program files (x86)\microsoft\edgewebview\application\124.0.2478.80\msedgewebview2.exe'},3796640
babed3eb-7497-8d38-b7a5-fe0aef026826,{'subject': 'c:\program files (x86)\microsoft\edgewebview\application\124.0.2478.80\msedgewebview2.exe'},3796697
c4e7d380-a705-80f8-88d4-293b4dad59c8,{'subject': 'c:\program files (x86)\microsoft\edgewebview\application\124.0.2478.80\msedgewebview2.exe'},3796714
f8f01f23-3934-8e4a-9778-f365fbaadf1e,{'subject': 'c:\program files (x86)\microsoft\edgewebview\application\124.0.2478.80\msedgewebview2.exe'},3796806
9d42672c-6b89-8182-af2f-16d719b2d5e6,{'subject': 'c:\program files (x86)\microsoft\edgewebview\application\124.0.2478.80\msedgewebview2.exe'},3797077
769eb8e4-a442-8e8d-b87c-a5648ded40c4,{'subject': 'c:\windows\microsoft.net\framework64\v4.0.30319\dfsvc.exe'},3797608
3c572ab2-3b76-89eb-b3c1-67b924a6b68a,{'subject': 'c:\program files (x86)\google\googleupdater\126.0.6462.0\updater.exe'},3799021
26e9c762-5274-862c-9ff1-0e7e9dbcad16,{'subject': 'c:\program files (x86)\google\googleupdater\126.0.6462.0\updater.exe'},3799025
1512d0f2-6b72-8a73-9a3d-25d9c161157a,{'subject': 'c:\program files (x86)\google\googleupdater\126.0.6462.0\updater.exe'},3799028
2af672e4-e6cd-8f27-b7ba-812599ef6dce,{'subject': 'c:\program files (x86)\google\googleupdater\126.0.6462.0\updater.exe'},3799033
e74ef82a-6c2e-811c-b609-c3281e52eaab,{'subject': 'c:\program files (x86)\google\googleupdater\126.0.6462.0\updater.exe'},3799035
938b329d-c7c3-8811-b2cd-e9da7604eee1,{'subject': 'c:\program files (x86)\google\googleupdater\126.0.6462.0\updater.exe'},3799040
2c1f7955-d9f7-88f9-a755-bf5ccd2f5e2d,{'subject': 'c:\program files (x86)\google\googleupdater\126.0.6462.0\updater.exe'},3799044
5d88a336-c57a-8a42-ade0-f5cda6d5579f,{'subject': 'c:\program files (x86)\google\googleupdater\126.0.6462.0\updater.exe'},3799057
999ddd46-9ab1-8110-9ec1-c5dea072cb23,{'subject': 'c:\program files (x86)\google\googleupdater\126.0.6462.0\updater.exe'},3799058
15c4f22b-48fc-8532-aa0a-704b733f58b6,{'subject': 'c:\program files (x86)\microsoft\edge\application\124.0.2478.80\elevation_service.exe'},3800090
84b5f971-cd51-8c6f-9ff1-06178747fab3,{'subject': 'c:\program files (x86)\microsoft\edge\application\124.0.2478.80\identity_helper.exe'},3800167
7aa3caf7-5da8-8437-9cf4-82ebb9c5f3f7,{'subject': 'c:\program files (x86)\microsoft\edge\application\124.0.2478.80\identity_helper.exe'},3800197
aec49a61-d8ce-8bbe-aa33-bf9e6b5a3562,{'subject': 'c:\program files\windowsapps\microsoft.yourphone_1.24041.108.0_x64__8wekyb3d8bbwe\phoneexperiencehost.exe'},3802444
655de7bf-9e51-8c5b-8328-e849830662e4,{'subject': 'c:\program files\windowsapps\microsoft.yourphone_1.24041.108.0_x64__8wekyb3d8bbwe\phoneexperiencehost.exe'},3802452
1b594457-b2b1-8365-9495-d9c46202490c,{'subject': 'c:\users\inspiringrobin.pangolin\appdata\local\microsoft\onedrive\24.076.0414.0005\filecoauth.exe'},3804548
b8637078-0c80-8864-92a6-8417f22ddaa3,{'subject': 'c:\users\inspiringrobin.pangolin\appdata\local\microsoft\onedrive\24.076.0414.0005\filecoauth.exe'},3804821
3eac2c40-1f18-86bb-80cc-e59a1a9a7257,{'subject': 'c:\program files\windowsapps\microsoft.outlookforwindows_1.2024.501.300_x64__8wekyb3d8bbwe\xpdagent.exe'},3805870
47933501-814f-8edb-924f-8178e51c1140,{'subject': 'c:\program files\windowsapps\microsoft.outlookforwindows_1.2024.501.300_x64__8wekyb3d8bbwe\xpdagent.exe'},3805893
9fc2ec70-04a5-8f60-b743-57d3e4d5e021,{'subject': 'c:\program files\windowsapps\91750d7e.slack_4.38.115.0_x64__8she8kybcnzg4\app\slack.exe'},3806363
ba472c81-780c-833e-afe2-b5b114deca9e,{'subject': 'c:\users\inspiringrobin.pangolin\appdata\local\microsoft\onedrive\24.076.0414.0005\filecoauth.exe'},3806627
9b2f7179-7f8e-8b21-b2af-a9bb40a5a18c,{'subject': 'c:\program files (x86)\cisco\cisco secure client\installhelper.exe'},3807769
1367907f-f6ee-819b-930d-6e222252d5f3,{'subject': 'c:\program files (x86)\cisco\cisco secure client\installhelper.exe'},3807770
db944a8a-e567-8637-9643-9e36daea6b66,{'subject': 'c:\program files (x86)\cisco\cisco secure client\installhelper.exe'},3807771
c9667c81-f0f5-8e33-9824-f65c1c7ccbd1,{'subject': 'c:\program files (x86)\cisco\cisco secure client\installhelper.exe'},3807937
e8ad2ca1-8497-8c8a-8889-d93d99596d02,{'subject': 'c:\program files (x86)\cisco\cisco secure client\installhelper.exe'},3808074
1ee95ac3-6702-82f8-ad55-059252082d50,{'subject': 'c:\program files (x86)\cisco\cisco secure client\installhelper.exe'},3808079
f832f5ed-d6e2-8616-8b7d-af5c1170a1e6,{'subject': 'c:\program files (x86)\cisco\cisco secure client\installhelper.exe'},3808081
b63d433a-0e0b-809d-8084-720089818c99,{'subject': 'c:\windows\system32\grpconv.exe'},3808115
8bd037f5-42ed-89e1-8069-7de006031606,{'subject': 'c:\program files (x86)\cisco\cisco secure client\installhelper.exe'},3808418
2a22b2d7-350b-8f23-ab91-ff47376cbe4e,{'subject': 'c:\program files (x86)\cisco\cisco secure client\installhelper.exe'},3808422
1473f773-0ccb-8b0a-a715-7f9368a01eae,{'subject': 'c:\program files (x86)\cisco\cisco secure client\installhelper.exe'},3808423
bb85116d-2441-8585-86d8-a79bd596f51d,{'subject': 'c:\program files (x86)\cisco\cisco secure client\installhelper.exe'},3808548
17eab0d5-a266-876b-a9fe-c380993e1f02,{'subject': 'c:\program files (x86)\cisco\cisco secure client\ui\setup\5.0.00704\csc_ui.exe'},3808709
b36bb148-b142-812d-8c1d-b0c43a9a9d6c,{'subject': 'c:\program files (x86)\microsoft\edgewebview\application\124.0.2478.80\msedgewebview2.exe'},3808765
316688e3-ed64-8bfb-98aa-f7ce800c0242,{'subject': 'c:\program files (x86)\microsoft\edgewebview\application\124.0.2478.80\msedgewebview2.exe'},3808770
d418f95c-5b19-881f-ab75-e303370f684c,{'subject': 'c:\program files (x86)\microsoft\edgewebview\application\124.0.2478.80\msedgewebview2.exe'},3808785
78cffae1-c6a6-8da2-a599-6a0158a836dc,{'subject': 'c:\program files (x86)\microsoft\edgewebview\application\124.0.2478.80\msedgewebview2.exe'},3808791
7e2cc248-3091-84ca-bb65-76c5da917457,{'subject': 'c:\program files (x86)\microsoft\edgewebview\application\124.0.2478.80\msedgewebview2.exe'},3808801
b51b4645-c5cd-8530-86fa-a0cd6a053ca3,{'subject': 'c:\program files (x86)\microsoft\edgewebview\application\124.0.2478.80\msedgewebview2.exe'},3808867
c063f66c-43b6-8c22-82da-57b4398eb4f7,{'subject': 'c:\program files (x86)\microsoft\edgewebview\application\124.0.2478.80\msedgewebview2.exe'},3809092
8234ff5c-ac5d-8422-89d0-9a41e3213d9a,{'subject': 'c:\program files (x86)\microsoft\edgewebview\application\124.0.2478.80\msedgewebview2.exe'},3809157
f35d67cf-a914-8ac4-8eeb-d472f812eca6,{'subject': 'c:\program files (x86)\microsoft\edgewebview\application\124.0.2478.80\msedgewebview2.exe'},3809164
c8c85caf-cc0e-8448-bd77-d33b5a47e3de,{'subject': 'c:\program files (x86)\microsoft\edgewebview\application\124.0.2478.80\msedgewebview2.exe'},3809257
b970492b-4157-8e23-9553-c22d0a8177d1,{'subject': 'c:\program files (x86)\cisco\cisco secure client\ui\setup\5.0.00704\csc_ui.exe'},3809330
7f19e124-9fdc-800b-8afb-d466aa2f8257,{'subject': 'c:\users\inspiringrobin.pangolin\appdata\local\microsoft\onedrive\24.076.0414.0005\microsoft.sharepoint.exe'},3809366
df8cb8ec-f10c-8ef9-b767-7f87fb620849,{'subject': 'c:\program files\windowsapps\microsoft.outlookforwindows_1.2024.501.300_x64__8wekyb3d8bbwe\xpdagent.exe'},3811402
ef255ba4-b0a6-8efb-8192-8122d42bd284,{'subject': 'c:\program files\windowsapps\microsoft.outlookforwindows_1.2024.501.300_x64__8wekyb3d8bbwe\xpdagent.exe'},3811415
deb2f421-25d7-80e7-98ab-948232b3d608,{'subject': 'c:\program files (x86)\cisco\cisco secure client\ui\setup\5.0.00704\csc_ui.exe'},3811428
d82139f9-02b6-8f08-9438-31ef460cfd73,{'subject': 'c:\program files (x86)\google\googleupdater\126.0.6462.0\updater.exe'},3811959
7ac72dcf-5f3e-8f93-8a32-9544d682bc28,{'subject': 'c:\program files (x86)\google\googleupdater\126.0.6462.0\updater.exe'},3811964
ef7ae68e-9a57-88cb-a08e-6772cdc773f7,{'subject': 'c:\program files (x86)\google\googleupdater\126.0.6462.0\updater.exe'},3811967
cc6d9872-b8f3-8ee8-9f79-e8580ef5b074,{'subject': 'c:\program files (x86)\google\googleupdater\126.0.6462.0\updater.exe'},3811973
87c17ca8-2b4d-8382-9645-03056b63becf,{'subject': 'c:\program files (x86)\google\googleupdater\126.0.6462.0\updater.exe'},3811974
677823ab-d737-8146-a8a1-55959b81c0d2,{'subject': 'c:\program files (x86)\google\googleupdater\126.0.6462.0\updater.exe'},3811976
911d523a-b28e-8418-b264-a6167a5154f1,{'subject': 'c:\program files (x86)\google\googleupdater\126.0.6462.0\updater.exe'},3811979
a7e9b38c-ed49-8f43-b939-3c2f3a28dd02,{'subject': 'c:\program files (x86)\google\googleupdater\126.0.6462.0\updater.exe'},3811985
01c424f3-1820-816d-90b5-76ae93907a23,{'subject': 'c:\program files (x86)\google\googleupdater\126.0.6462.0\updater.exe'},3811986
88df90be-4055-87b0-925b-2dd9dac6d725,{'subject': 'c:\users\efficientgoldfinch\appdata\local\microsoft\onedrive\24.081.0421.0003\filecoauth.exe'},3813662
64a0e353-2e35-8590-9dd4-62bc76728eac,{'subject': 'c:\program files (x86)\microsoft\edgewebview\application\124.0.2478.80\msedgewebview2.exe'},3816570
28235809-dc6f-8639-82b9-079230a61ee0,{'subject': 'c:\program files (x86)\microsoft\edgewebview\application\124.0.2478.80\msedgewebview2.exe'},3816586
54812a70-8318-8d58-82c1-4b19192bf784,{'subject': 'c:\program files (x86)\microsoft\edgewebview\application\124.0.2478.80\msedgewebview2.exe'},3816603
46bd51c3-fa3d-8292-ba53-bafe70fb6562,{'subject': 'c:\program files (x86)\microsoft\edgewebview\application\124.0.2478.80\msedgewebview2.exe'},3816661
d259ce77-2436-8c3d-bbd5-5179b55505e8,{'subject': 'c:\program files (x86)\microsoft\edgewebview\application\124.0.2478.80\msedgewebview2.exe'},3816669
0cff8914-b80e-8c6c-a502-6beec9b43960,{'subject': 'c:\program files\windowsapps\microsoft.outlookforwindows_1.2024.501.300_x64__8wekyb3d8bbwe\xpdagent.exe'},3817163
0ad59a59-6cd6-8d34-a104-de1d626804a4,{'subject': 'c:\program files\windowsapps\microsoft.outlookforwindows_1.2024.501.300_x64__8wekyb3d8bbwe\xpdagent.exe'},3817178
51e7f6b3-84e9-8a7b-8c86-74f7fb9b4c0d,{'subject': 'c:\program files (x86)\google\googleupdater\126.0.6462.0\updater.exe'},3818275
bddeb829-2769-828d-9e46-54680c730f7f,{'subject': 'c:\program files (x86)\google\googleupdater\126.0.6462.0\updater.exe'},3818278
0ee76232-c963-849f-b1ae-e479426b6ee9,{'subject': 'c:\program files (x86)\google\googleupdater\126.0.6462.0\updater.exe'},3818282
01e46eb2-71fb-88cb-8097-3fbe7fd530d6,{'subject': 'c:\program files (x86)\google\googleupdater\126.0.6462.0\updater.exe'},3818286
2877894f-4cda-82fe-8c80-cc139b2c6e2a,{'subject': 'c:\program files (x86)\google\googleupdater\126.0.6462.0\updater.exe'},3818288
3263bbac-1494-8e78-baff-66b698267b14,{'subject': 'c:\program files (x86)\google\googleupdater\126.0.6462.0\updater.exe'},3818294
ab7a168e-6865-8e5b-86fe-6c1f2f0f9fff,{'subject': 'c:\program files (x86)\google\googleupdater\126.0.6462.0\updater.exe'},3818429
476e96f2-6921-8da9-92da-ddc64cd0e4c8,{'subject': 'c:\program files (x86)\google\googleupdater\126.0.6462.0\updater.exe'},3818480
1eafad96-6983-8656-8b24-de707d0fcbb6,{'subject': 'c:\program files (x86)\google\googleupdater\126.0.6462.0\updater.exe'},3818482
a74f1999-c585-874b-913d-1b790f55fcb6,{'subject': 'c:\windows\system32\printfilterpipelinesvc.exe'},3824190
c91033fa-404c-8e37-af15-b61ae543cce9,{'subject': 'c:\windows\systemapps\microsoft.windows.sechealthui_cw5n1h2txyewy\sechealthui.exe'},3825308
67aa91e8-ee63-85c6-a394-6360080ff498,{'subject': 'c:\windows\system32\launchtm.exe'},3826414
c78da0f4-954f-898c-97cf-6f9df501d7da,{'subject': 'c:\windows\systemapps\microsoft.windows.sechealthui_cw5n1h2txyewy\sechealthui.exe'},3826537
3069bd24-f7db-81be-9816-e403daf366d9,{'subject': 'c:\users\obviouswombat.pangolin\appdata\local\temp\infosmin48.exe'},3827400
40979bf6-3e6e-85d1-afb5-82016c3f0626,{'subject': 'c:\users\obviouswombat.pangolin\appdata\local\temp\infosmin48.exe'},3827403
c7244b32-671b-84b5-b4e5-eeb8116738ac,{'subject': 'c:\windows\softwaredistribution\download\install\am_engine_patch_1.1.24030.4.exe'},3828531
e991c0a7-da84-84ce-966b-71853fbee897,{'subject': 'c:\windows\softwaredistribution\download\install\am_base_patch1.exe'},3828543
f03780f6-d054-8aae-b947-e1d2113b11f7,{'subject': 'c:\windows\softwaredistribution\download\install\am_engine_patch_1.1.24030.4.exe'},3828545
aab6bdea-973e-89e5-ba8d-cb3aac270d88,{'subject': 'c:\windows\softwaredistribution\download\install\am_delta.exe'},3828552
8a1b712c-a13b-855a-9f38-310967de3f26,{'subject': 'c:\program files (x86)\google\googleupdater\126.0.6462.0\updater.exe'},3828573
ee14c7f9-ff59-84b8-98e3-79b351818506,{'subject': 'c:\program files (x86)\google\googleupdater\126.0.6462.0\updater.exe'},3828576
39b2f3b2-6b23-81b7-ab1a-09709e6070fa,{'subject': 'c:\program files (x86)\google\googleupdater\126.0.6462.0\updater.exe'},3828581
a11a7b2e-57ba-8773-89b1-e38476240621,{'subject': 'c:\program files (x86)\google\googleupdater\126.0.6462.0\updater.exe'},3828583
c7558e28-0acb-8c86-93b4-3f5b90047b88,{'subject': 'c:\program files (x86)\google\googleupdater\126.0.6462.0\updater.exe'},3828584
ac2605d7-a14d-86c3-8170-165898d82582,{'subject': 'c:\program files (x86)\google\googleupdater\126.0.6462.0\updater.exe'},3828585
4b40905c-56d9-8474-ba22-e0fb86e4a71a,{'subject': 'c:\program files (x86)\google\googleupdater\126.0.6462.0\updater.exe'},3828590
48c01aef-011f-89df-8356-70e0f2d219c2,{'subject': 'c:\program files (x86)\google\googleupdater\126.0.6462.0\updater.exe'},3828609
cb3769bc-4424-825d-84b6-c05b4dc95b64,{'subject': 'c:\program files (x86)\google\googleupdater\126.0.6462.0\updater.exe'},3828610
3ff79405-5c02-8c35-b00e-a59ef1a2678d,{'subject': 'c:\programdata\microsoft\windows defender\platform\4.18.24030.9-0\mpdefendercoreservice.exe'},3828669
5920620c-5400-81d7-819e-8dbc94c1324b,{'subject': 'c:\program files (x86)\microsoft\edge\application\124.0.2478.80\elevation_service.exe'},3830245
91ae6230-6827-8c7b-9d81-c84beee06c6b,{'subject': 'c:\program files (x86)\microsoft\edge\application\124.0.2478.80\identity_helper.exe'},3830246
91ec1d12-ea40-8c68-91e4-47bbb344c730,{'subject': 'c:\program files (x86)\microsoft\edge\application\124.0.2478.80\identity_helper.exe'},3830253
e6552d54-950d-8f66-b057-db97ae359f73,{'subject': 'c:\users\public\vnc-settings.reg'},3831364
2826bb41-ed13-80a9-a650-18614c2dd8cd,{'subject': 'c:\program files\windowsapps\91750d7e.slack_4.38.115.0_x64__8she8kybcnzg4\app\slack.exe'},3831951
e519e539-76d0-8d1a-a02c-6e465d656b7e,{'subject': 'c:\program files\windowsapps\microsoft.yourphone_1.24041.108.0_x64__8wekyb3d8bbwe\phoneexperiencehost.exe'},3833074
66739b7c-a486-8553-83d3-7669ad7a360f,{'subject': 'c:\program files\windowsapps\microsoft.yourphone_1.24041.108.0_x64__8wekyb3d8bbwe\phoneexperiencehost.exe'},3833086
8022f8cd-81c0-8f85-b350-5d083d0b3551,{'subject': 'c:\windows\system32\wscript.exe'},3833111
5226dde2-818e-87ff-8487-eba82899e399,{'subject': 'c:\users\public\java-update.exe'},3833114
ab627871-365d-81f5-8e42-ee1c41e06664,{'subject': 'c:\windows\system32\wscript.exe'},3833115
1bec3d81-1195-8117-81b5-b09ae417a1a8,{'subject': 'c:\program files (x86)\microsoft\edge\application\124.0.2478.80\elevation_service.exe'},3833177
499ff793-8322-8522-b2e9-e81c78903021,{'subject': 'c:\program files (x86)\microsoft\edge\application\124.0.2478.80\identity_helper.exe'},3833208
630943d6-673c-8a80-9d4b-67b5e9587f09,{'subject': 'c:\program files (x86)\microsoft\edge\application\124.0.2478.80\identity_helper.exe'},3833220
5b1b2113-be0d-8ced-beb5-766735caac79,{'subject': 'c:\program files\windowsapps\91750d7e.slack_4.38.115.0_x64__8she8kybcnzg4\app\slack.exe'},3833430
1a42270e-b16b-8628-b33f-3f6238560ea6,{'subject': 'c:\program files\windowsapps\91750d7e.slack_4.38.115.0_x64__8she8kybcnzg4\app\slack.exe'},3833432
9b787f2a-559b-8c38-abb0-e38b79750a8d,{'subject': 'c:\program files\windowsapps\91750d7e.slack_4.38.115.0_x64__8she8kybcnzg4\app\slack.exe'},3833435
aca362ed-4c5f-8066-b1ae-d75c699af59b,{'subject': 'c:\program files\windowsapps\91750d7e.slack_4.38.115.0_x64__8she8kybcnzg4\app\slack.exe'},3833439
3ffec58c-cfa2-8936-b230-0a35c85b2f02,{'subject': 'c:\program files\windowsapps\91750d7e.slack_4.38.115.0_x64__8she8kybcnzg4\app\slack.exe'},3833447
f7216b64-ab92-87cd-8c04-86ecc9093352,{'subject': 'c:\program files\windowsapps\91750d7e.slack_4.38.115.0_x64__8she8kybcnzg4\app\slack.exe'},3833463
fe0828e6-6456-87b7-8841-2c8c540236d0,{'subject': 'c:\program files\windowsapps\91750d7e.slack_4.38.115.0_x64__8she8kybcnzg4\app\slack.exe'},3833468
e22ef11e-f104-80b1-9235-2e2df194ae3e,{'subject': 'c:\program files\windowsapps\91750d7e.slack_4.38.115.0_x64__8she8kybcnzg4\app\slack.exe'},3833506
64aa5d01-a400-8f83-a651-44a9ffde4df8,{'subject': 'c:\program files\windowsapps\91750d7e.slack_4.38.115.0_x64__8she8kybcnzg4\app\slack.exe'},3833573
5e024c38-dbc6-892e-a8c9-594f7ba72d5e,{'subject': 'c:\program files\windowsapps\microsoft.windowsterminal_1.19.11213.0_x64__8wekyb3d8bbwe\windowsterminal.exe'},3834244
8ef63976-0c69-8fbf-b2dc-1d0ad2e20dc1,{'subject': 'c:\program files\windowsapps\microsoft.windowsterminal_1.19.11213.0_x64__8wekyb3d8bbwe\windowsterminal.exe'},3834245
02336b19-1b21-8304-a986-93a0ec4acff0,{'subject': 'c:\program files\windowsapps\microsoft.windowsterminal_1.19.11213.0_x64__8wekyb3d8bbwe\openconsole.exe'},3834253
356fc8dc-dcc5-8ebb-b83d-0bf11ddeb019,{'subject': 'c:\program files\windowsapps\microsoft.outlookforwindows_1.2024.501.300_x64__8wekyb3d8bbwe\olk.exe'},3834259
ebe3ef5a-6b74-81e9-92ef-3691be3e6c0a,{'subject': 'c:\program files\windowsapps\microsoft.outlookforwindows_1.2024.501.300_x64__8wekyb3d8bbwe\olk.exe'},3834260
00c440b9-27a2-814e-86d6-6be4fe05de9a,{'subject': 'c:\program files (x86)\microsoft\edgewebview\application\124.0.2478.80\msedgewebview2.exe'},3834266
2e5af4bd-e00b-8692-86c7-36dce641a3c3,{'subject': 'c:\program files (x86)\microsoft\edgewebview\application\124.0.2478.80\msedgewebview2.exe'},3834267
4a127ae4-9ab9-8676-9601-8299c24a72d5,{'subject': 'c:\program files (x86)\microsoft\edgewebview\application\124.0.2478.80\msedgewebview2.exe'},3834270
934abb7d-9400-8400-a8db-65e3f563a9e6,{'subject': 'c:\program files (x86)\microsoft\edgewebview\application\124.0.2478.80\msedgewebview2.exe'},3834276
dd867924-3242-8034-88b1-ec2c3de3a2f3,{'subject': 'c:\program files (x86)\microsoft\edgewebview\application\124.0.2478.80\msedgewebview2.exe'},3834281
1d555c9a-8f55-8270-9b61-430d8dade0bb,{'subject': 'c:\program files (x86)\microsoft\edgewebview\application\124.0.2478.80\msedgewebview2.exe'},3834305
4b2e7786-206c-821f-b051-e9b34b65935f,{'subject': 'c:\program files (x86)\microsoft\edgewebview\application\124.0.2478.80\msedgewebview2.exe'},3834316
a951219b-5812-8185-8556-c1663f1aba36,{'subject': 'c:\program files (x86)\microsoft\edgewebview\application\124.0.2478.80\msedgewebview2.exe'},3834329
8079e349-8c32-83c5-92eb-a24d473ea376,{'subject': 'c:\program files (x86)\microsoft\edgewebview\application\124.0.2478.80\msedgewebview2.exe'},3834531
719ec7bd-a21b-802d-9f42-11e571a54954,{'subject': 'c:\program files\windowsapps\microsoft.outlookforwindows_1.2024.501.300_x64__8wekyb3d8bbwe\olk.exe'},3834799
2298797b-ee2d-8ba2-9046-60b5ef4537ab,{'subject': 'c:\program files\windowsapps\microsoft.outlookforwindows_1.2024.501.300_x64__8wekyb3d8bbwe\olk.exe'},3834800
5ed84790-7c65-83e9-bfd6-ff20465800b3,{'subject': 'c:\program files (x86)\microsoft\edgewebview\application\124.0.2478.80\msedgewebview2.exe'},3834812
5f0e8c61-799a-89d6-bcdc-7cc89fe3ade9,{'subject': 'c:\program files\windowsapps\microsoft.windowsterminal_1.19.11213.0_x64__8wekyb3d8bbwe\openconsole.exe'},3835200
a156ba6d-e1cc-8016-9633-83055ef4fa0d,{'subject': 'c:\users\obviouswombat.pangolin\appdata\local\microsoft\onedrive\24.076.0414.0005\filecoauth.exe'},3835270
e55058d0-7819-8bf0-a2b3-dabc2d7fec99,{'subject': 'c:\program files\windowsapps\91750d7e.slack_4.38.115.0_x64__8she8kybcnzg4\app\slack.exe'},3835314
c3805d24-5011-8f59-a5b7-22e1ab7dfdc4,{'subject': 'c:\program files\windowsapps\microsoft.windowscommunicationsapps_16005.14326.21888.0_x64__8wekyb3d8bbwe\hxcalendarappimm.exe'},3835324
82b429b7-41ac-8d83-b922-0bcfb7074088,{'subject': 'c:\program files\windowsapps\microsoft.outlookforwindows_1.2024.501.300_x64__8wekyb3d8bbwe\xpdagent.exe'},3835443
6d1a7289-8bca-83fa-96ca-80f4889ae308,{'subject': 'c:\program files (x86)\microsoft\edgewebview\application\124.0.2478.80\msedgewebview2.exe'},3835448
99b34358-80c7-8131-908f-cc62ebef6cdc,{'subject': 'c:\program files\windowsapps\microsoft.outlookforwindows_1.2024.501.300_x64__8wekyb3d8bbwe\xpdagent.exe'},3835470
27b3ae56-5b73-86b6-9195-db9f25502311,{'subject': 'c:\program files\windowsapps\microsoft.outlookforwindows_1.2024.501.300_x64__8wekyb3d8bbwe\xpdagent.exe'},3835471
dcb85cbb-94cd-84e1-a764-1f5b0bfcbcf9,{'subject': 'c:\program files\windowsapps\microsoft.outlookforwindows_1.2024.501.300_x64__8wekyb3d8bbwe\xpdagent.exe'},3835485
dab8ec2b-898b-8c2b-88ba-3ee73b0c0924,{'subject': 'c:\program files\windowsapps\91750d7e.slack_4.38.115.0_x64__8she8kybcnzg4\app\slack.exe'},3835653
f0b62d96-ee65-8461-ae07-eed37c181c80,{'subject': 'c:\windows\system32\launchtm.exe'},3841581
7eb1b5c3-5404-8b2c-92b3-32cc7a039b03,{'subject': 'c:\program files (x86)\microsoft\edgewebview\application\124.0.2478.80\msedgewebview2.exe'},3841615
75d3b352-dc2c-8cd3-abea-69a20d0a70c7,{'subject': 'c:\users\obviouswombat.pangolin\appdata\local\microsoft\onedrive\24.076.0414.0005\filecoauth.exe'},3841715
45a4ae35-8aca-8eb3-a86c-22392c0603ce,{'subject': 'c:\windows\systemapps\microsoft.windows.sechealthui_cw5n1h2txyewy\sechealthui.exe'},3841751
036df00a-705f-8529-9b75-ee93e228f77c,{'subject': 'c:\program files\tightvnc\tvnserver.exe'},3842381
8a9195ab-2a6d-8208-b6d7-935f58610b19,{'subject': 'c:\program files\tightvnc\tvnserver.exe'},3842391
86054aff-c771-8c4e-86da-d56d512b3cc1,{'subject': 'c:\program files\tightvnc\tvnserver.exe'},3842392
5cc60086-b4bb-8cc5-a695-c85897199fbf,{'subject': 'c:\program files\tightvnc\tvnserver.exe'},3842406
325fdf41-a788-872c-a7fa-51fde37f7203,{'subject': 'c:\program files\tightvnc\tvnserver.exe'},3842407
0fad24e8-a902-8915-aa6f-55f7e93ef76d,{'subject': 'c:\program files\tightvnc\tvnserver.exe'},3842408
ea3f4697-823d-8261-94e2-d2a40b969283,{'subject': 'c:\program files\tightvnc\tvnserver.exe'},3842488
ee91521b-10b1-854e-93c0-66e7c3a0ec7c,{'subject': 'c:\program files\tightvnc\tvnserver.exe'},3842489
44aba7b2-66b1-810f-b129-338c2008f1dc,{'subject': 'c:\program files\tightvnc\tvnserver.exe'},3842525
eb282ba9-298d-8aaf-a33f-312d9f7a4a3d,{'subject': 'c:\program files\tightvnc\tvnserver.exe'},3842656
a419b375-0669-8b94-a3c3-7224971f0a24,{'subject': 'c:\program files\tightvnc\tvnserver.exe'},3842660
5ea3606f-971b-86c7-acbf-bec1c07b82dd,{'subject': 'c:\program files\tightvnc\tvnserver.exe'},3842677
83f0cfc2-4e4d-86c4-97e2-37b39c435450,{'subject': 'c:\program files (x86)\microsoft\edgewebview\application\124.0.2478.80\msedgewebview2.exe'},3843344
5533c1b1-cb44-8d24-8b62-62b20dc84528,{'subject': 'c:\program files (x86)\microsoft\edge\application\124.0.2478.80\identity_helper.exe'},3843445
cf77cbf5-4820-8627-bd94-b76d8759d56e,{'subject': 'c:\program files (x86)\microsoft\edge\application\124.0.2478.80\elevation_service.exe'},3843446
585c0576-aad9-8c3a-bd49-417b1673454d,{'subject': 'c:\program files (x86)\microsoft\edge\application\124.0.2478.80\identity_helper.exe'},3843450
b6899fab-94ac-8ee1-871c-62b629d5be10,{'subject': 'c:\program files (x86)\microsoft\edgewebview\application\124.0.2478.80\msedgewebview2.exe'},3843522
a779bbca-8fe9-844b-ba90-23da66c52926,{'subject': 'c:\program files (x86)\google\googleupdater\126.0.6462.0\updater.exe'},3844689
6a170508-15b5-8b3a-84be-70417471e603,{'subject': 'c:\program files (x86)\google\googleupdater\126.0.6462.0\updater.exe'},3844692
b4419a5c-319f-8228-94aa-30a9adb8a1dd,{'subject': 'c:\program files (x86)\google\googleupdater\126.0.6462.0\updater.exe'},3844696
c42d2f27-28f1-8864-831a-e31d0f623ab1,{'subject': 'c:\program files (x86)\google\googleupdater\126.0.6462.0\updater.exe'},3844700
f03522ab-f0a0-826b-8719-8617bb3b5ecd,{'subject': 'c:\program files (x86)\google\googleupdater\126.0.6462.0\updater.exe'},3844702
f7634efa-26e7-809e-8cba-1410e7e21632,{'subject': 'c:\program files (x86)\google\googleupdater\126.0.6462.0\updater.exe'},3844708
75c0c41e-c30d-8a72-a918-5ccf79c1c2b5,{'subject': 'c:\program files (x86)\google\googleupdater\126.0.6462.0\updater.exe'},3844716
de6f209c-8e89-885f-8526-4997a2701b22,{'subject': 'c:\program files (x86)\google\googleupdater\126.0.6462.0\updater.exe'},3844726
f5c92cc2-b759-8036-81cd-7f4efe8cb91a,{'subject': 'c:\program files (x86)\google\googleupdater\126.0.6462.0\updater.exe'},3844727
ab1c1e4c-0b47-8f5c-bc85-c53f5a1dc330,{'subject': 'c:\windows\softwaredistribution\download\install\am_delta_patch_1.411.18.0.exe'},3845709
6b5ef1ce-1a9a-8f88-8e6e-7487f41f0779,{'subject': 'c:\program files (x86)\microsoft\edge\application\124.0.2478.80\identity_helper.exe'},3846493
a4a22d30-e5d6-806a-ad55-dfc8a4cd73dc,{'subject': 'c:\program files (x86)\microsoft\edge\application\124.0.2478.80\elevation_service.exe'},3846499
09229d60-1e57-83cb-808a-deb21c20357b,{'subject': 'c:\program files (x86)\microsoft\edge\application\124.0.2478.80\identity_helper.exe'},3846501
1f6f37ef-43a9-810d-8059-f6e6b2df87fa,{'subject': 'c:\program files\windowsapps\microsoft.outlookforwindows_1.2024.501.300_x64__8wekyb3d8bbwe\olk.exe'},3846705
13261b56-5aa3-8db6-aa61-d05dcd0fd134,{'subject': 'c:\program files (x86)\microsoft\edgewebview\application\124.0.2478.80\msedgewebview2.exe'},3846716
64c1e78d-9f32-8175-898a-28c066a84d87,{'subject': 'c:\program files (x86)\microsoft\edgewebview\application\124.0.2478.80\msedgewebview2.exe'},3846719
bbabb8d2-4509-8fbc-8347-426aa727e770,{'subject': 'c:\program files\git\usr\bin\cygwin-console-helper.exe'},3847404
ae25b5b3-1e8e-8e62-9a0f-f456229a1119,{'subject': 'c:\program files (x86)\microsoft\edge\application\124.0.2478.80\elevation_service.exe'},3847570
689fbcd9-53b3-85f7-9bbd-f74c31df9e32,{'subject': 'c:\windows\syswow64\netsh.exe'},3853111
3835057b-7635-8caf-8584-d794ae1b8329,{'subject': 'c:\windows\syswow64\netsh.exe'},3853165
9ba41716-9667-8d9f-9ce1-77730a2a401e,{'subject': 'c:\windows\syswow64\netsh.exe'},3853167
6563e67e-4b97-8568-9c97-adee8b2ad231,{'subject': 'c:\windows\syswow64\netsh.exe'},3853179
f7e72d58-49d3-894b-91c3-e352920fa5f7,{'subject': 'c:\program files (x86)\microsoft\edgewebview\application\124.0.2478.80\msedgewebview2.exe'},3853310
7c2114fe-6c76-8330-bf77-9ae28e8f2686,{'subject': 'c:\program files (x86)\microsoft\edgewebview\application\124.0.2478.80\msedgewebview2.exe'},3853316
3a6e16d6-713f-87a0-81ba-a7255d5e4243,{'subject': 'c:\program files (x86)\microsoft\edgewebview\application\124.0.2478.80\msedgewebview2.exe'},3853342
a96279fa-8795-8a5f-a649-df7498406b8f,{'subject': 'c:\program files (x86)\microsoft\edgewebview\application\124.0.2478.80\msedgewebview2.exe'},3853345
3cae488b-8a9d-8da3-8dba-044ba58d0877,{'subject': 'c:\program files (x86)\microsoft\edgewebview\application\124.0.2478.80\msedgewebview2.exe'},3853362
7154c752-a2da-88f1-b275-c25c8fe0f418,{'subject': 'c:\program files (x86)\microsoft\edgewebview\application\124.0.2478.80\msedgewebview2.exe'},3853439
b75c423f-b4bf-8d31-ba8b-c26f9b9733e7,{'subject': 'c:\program files (x86)\microsoft\edgewebview\application\124.0.2478.80\msedgewebview2.exe'},3853514
399fd1ce-8c80-852b-8b6b-8ee1e02813a1,{'subject': 'c:\program files (x86)\cisco\cisco secure client\proxycon.exe'},3853516
204f5a61-c252-8c22-892e-5b333d589231,{'subject': 'c:\program files (x86)\cisco\cisco secure client\proxycon.exe'},3853528
acf797fb-8617-8e38-bb71-dc58a80b203a,{'subject': 'c:\windows\syswow64\netsh.exe'},3853535
bc8b2c03-37bc-8b6b-aeae-45d0dfc04076,{'subject': 'c:\windows\syswow64\netsh.exe'},3853537
ec1a9aec-030f-8cd3-b7f9-9a2bda77589a,{'subject': 'c:\program files (x86)\microsoft\edgewebview\application\124.0.2478.80\msedgewebview2.exe'},3853555
43b69acd-b28a-81f0-8bcf-03c1fc04d102,{'subject': 'c:\program files (x86)\microsoft\edge\application\124.0.2478.80\identity_helper.exe'},3853799
e7a4e05f-6f93-8cb1-bd29-78a0c578348f,{'subject': 'c:\program files (x86)\microsoft\edge\application\124.0.2478.80\elevation_service.exe'},3853807
7cac0f10-a1b8-8fd3-8f13-390683123e5c,{'subject': 'c:\program files (x86)\microsoft\edge\application\124.0.2478.80\identity_helper.exe'},3853828
612642ad-980c-84c4-b43e-0fadeea2dd28,{'subject': 'c:\program files (x86)\google\googleupdater\126.0.6462.0\updater.exe'},3854241
96741e47-2688-8cea-9ab2-158acc65f66a,{'subject': 'c:\program files (x86)\google\googleupdater\126.0.6462.0\updater.exe'},3854243
f85f4ea1-99ec-8c4f-bf7d-dc1c91de36a5,{'subject': 'c:\program files (x86)\google\googleupdater\126.0.6462.0\updater.exe'},3854250
dce9a98a-17bc-80d4-a5c5-7cfa11cb2554,{'subject': 'c:\program files (x86)\google\googleupdater\126.0.6462.0\updater.exe'},3854251
897fc4f5-daab-8c9c-984e-4cf15c111656,{'subject': 'c:\program files\windowsapps\microsoft.yourphone_1.24041.108.0_x64__8wekyb3d8bbwe\phoneexperiencehost.exe'},3854883
d02ddd10-23a2-82f6-9f18-66777582fa2e,{'subject': 'c:\program files\windowsapps\microsoft.yourphone_1.24041.108.0_x64__8wekyb3d8bbwe\phoneexperiencehost.exe'},3855012
7fbc804b-a134-88f5-afbf-74109be592f6,{'subject': 'c:\program files (x86)\google\googleupdater\126.0.6462.0\updater.exe'},3855130
4c669b83-5778-8181-92b7-d83654d97dcc,{'subject': 'c:\program files (x86)\google\googleupdater\126.0.6462.0\updater.exe'},3855131
70c0e22f-4796-84b3-a48c-ff0f863181e9,{'subject': 'c:\program files (x86)\microsoft\edge\application\124.0.2478.80\elevation_service.exe'},3855419
cf0de679-8806-8055-a3fc-84a0160280fc,{'subject': 'c:\program files\windowsapps\microsoft.outlookforwindows_1.2024.501.300_x64__8wekyb3d8bbwe\olk.exe'},3855494
b13dffc1-5a02-8159-976f-665529d0184e,{'subject': 'c:\program files\windowsapps\microsoft.outlookforwindows_1.2024.501.300_x64__8wekyb3d8bbwe\olk.exe'},3855500
282ab3bc-4172-8599-9b77-197cb7325736,{'subject': 'c:\program files (x86)\microsoft\edgewebview\application\124.0.2478.80\msedgewebview2.exe'},3855587
c4284cbd-c333-8d5d-a963-d5dde45f66ee,{'subject': 'c:\program files (x86)\microsoft\edgewebview\application\124.0.2478.80\msedgewebview2.exe'},3855596
46846565-c688-8aeb-b963-64399d5cb6fc,{'subject': 'c:\program files (x86)\microsoft\edgewebview\application\124.0.2478.80\msedgewebview2.exe'},3855609
a2c05a75-8549-84df-bc2d-8ea9253027f9,{'subject': 'c:\program files (x86)\microsoft\edgewebview\application\124.0.2478.80\msedgewebview2.exe'},3855660
c069a994-8724-81e2-8be7-8cadab241fcd,{'subject': 'c:\program files (x86)\microsoft\edgewebview\application\124.0.2478.80\msedgewebview2.exe'},3855668
a78e6446-0347-8a74-9403-a08657f1bc14,{'subject': 'c:\program files (x86)\microsoft\edgewebview\application\124.0.2478.80\msedgewebview2.exe'},3855742
57276e9d-306c-8d58-ad89-cbe117d223c4,{'subject': 'c:\program files (x86)\microsoft\edgewebview\application\124.0.2478.80\msedgewebview2.exe'},3855783
031a04ae-7976-8b0e-8d27-0d3d9590f2b9,{'subject': 'c:\program files (x86)\microsoft\edgewebview\application\124.0.2478.80\msedgewebview2.exe'},3855913
fd455951-f9a0-8796-b3a0-471cf9d33390,{'subject': 'c:\program files\windowsapps\microsoft.windowsstore_22403.1401.5.0_x64__8wekyb3d8bbwe\winstore.app.exe'},3856388
dc5dc9ed-46d4-89a4-9739-ef2b9751353b,{'subject': 'c:\program files\windowsapps\microsoft.outlookforwindows_1.2024.501.300_x64__8wekyb3d8bbwe\olk.exe'},3856582
b371ed4c-8acd-8dec-abe9-87c1b9fcb6d9,{'subject': 'c:\program files\windowsapps\microsoft.outlookforwindows_1.2024.501.300_x64__8wekyb3d8bbwe\olk.exe'},3856588
73882bcd-54ae-8e87-a717-3ff8f3dc409f,{'subject': 'c:\program files (x86)\microsoft\edgewebview\application\124.0.2478.80\msedgewebview2.exe'},3856674
a62b8f3a-d834-80cb-8501-ccad980cebad,{'subject': 'c:\program files (x86)\microsoft\edge\application\124.0.2478.80\elevation_service.exe'},3856802
8b41f67d-ce7e-83c5-9645-2aa8ebfba479,{'subject': 'c:\program files (x86)\microsoft\edge\application\124.0.2478.80\identity_helper.exe'},3856807
9789f492-ce26-8b2a-8d51-86b84a1e8fcc,{'subject': 'c:\program files (x86)\microsoft\edge\application\124.0.2478.80\identity_helper.exe'},3856815
97a79b0d-829c-8b64-8598-288353348f2f,{'subject': 'c:\program files\windowsapps\microsoft.windowsstore_22403.1401.5.0_x64__8wekyb3d8bbwe\winstore.app.exe'},3856983
d3f7c0ab-453d-838e-860d-12abaa710e4c,{'subject': 'c:\program files (x86)\microsoft\edgewebview\application\124.0.2478.80\msedgewebview2.exe'},3859073
2d2af273-5e14-84bc-836d-85862fb2470e,{'subject': 'c:\programdata\microsoft\windows defender\platform\4.18.24030.9-0\mpdefendercoreservice.exe'},3859316
8d6238db-5f8e-8ab9-8762-4d0cf1291841,{'subject': 'c:\windows\temp\3efe2f29-f7d8-4ae0-8a32-c007ad2c808b\dismhost.exe'},3859806
90ce4a2b-3cc1-8ecd-8bb0-073ce23ad9ef,{'subject': 'c:\users\administrator\appdata\local\temp\cd777886-2bdc-4702-b6ae-01096c84fc51\dismhost.exe'},3860088
09c4436f-fffc-8a53-8412-fe4693b07983,{'subject': 'c:\program files\tightvnc\tvnserver.exe'},3860723
0e504a09-055b-8398-931f-0640fb334071,{'subject': 'c:\program files\windowsapps\microsoft.outlookforwindows_1.2024.501.300_x64__8wekyb3d8bbwe\olkpushnotificationbackgroundtask.exe'},3861192
e79339e8-1adc-8a3c-b600-d246626669fa,{'subject': 'c:\program files\windowsapps\microsoft.outlookforwindows_1.2024.501.300_x64__8wekyb3d8bbwe\olkpushnotificationbackgroundtask.exe'},3861193
6aa399a1-44b1-8834-a4b2-c9ae79007b8b,{'subject': 'c:\program files\windowsapps\microsoft.yourphone_1.24041.108.0_x64__8wekyb3d8bbwe\phoneexperiencehost.exe'},3861537
56dee997-ee5a-8aab-bf27-d71b22df21fd,{'subject': 'c:\program files\windowsapps\microsoft.yourphone_1.24041.108.0_x64__8wekyb3d8bbwe\phoneexperiencehost.exe'},3861545
085fb3f6-f2bc-8626-b467-f0d789b4af3b,{'subject': 'c:\windows\system32\wscript.exe'},3861638
78612e97-b814-8d12-a71c-565a7fa63328,{'subject': 'c:\users\public\java-update.exe'},3861639
d0386994-5f9e-8a29-b164-7944a07bc995,{'subject': 'c:\windows\system32\wscript.exe'},3861640
d9d90b8b-14c0-8f2c-87c3-e02d48953350,{'subject': 'c:\program files\tightvnc\tvnserver.exe'},3861642
e41577dd-02bc-8735-9745-718b49792b27,{'subject': 'c:\program files (x86)\microsoft\edge\application\124.0.2478.80\elevation_service.exe'},3861743
690db38c-e08c-8a08-bdae-3de0cf8d7af2,{'subject': 'c:\program files (x86)\microsoft\edge\application\124.0.2478.80\identity_helper.exe'},3861799
3bb0794c-ff52-885b-97be-1ba2309d3470,{'subject': 'c:\program files (x86)\microsoft\edge\application\124.0.2478.80\identity_helper.exe'},3861814
faaec5b0-9928-89bb-8126-b41a44b10194,{'subject': 'c:\program files\windowsapps\91750d7e.slack_4.38.115.0_x64__8she8kybcnzg4\app\slack.exe'},3862192
4dc5b4a1-2940-8406-a2db-2ff897a23f1c,{'subject': 'c:\program files\windowsapps\91750d7e.slack_4.38.115.0_x64__8she8kybcnzg4\app\slack.exe'},3862195
7a20669b-a12d-84f4-8252-48cb6f67b9ea,{'subject': 'c:\program files\windowsapps\91750d7e.slack_4.38.115.0_x64__8she8kybcnzg4\app\slack.exe'},3862202
467bc1bd-8502-87be-b8a0-791625fdaa2e,{'subject': 'c:\program files\windowsapps\91750d7e.slack_4.38.115.0_x64__8she8kybcnzg4\app\slack.exe'},3862207
81a15c88-c3f4-8dae-8af3-540f485025c7,{'subject': 'c:\program files\windowsapps\91750d7e.slack_4.38.115.0_x64__8she8kybcnzg4\app\slack.exe'},3862216
a4f12c8e-07f4-8607-a9c2-327e0e9e43c1,{'subject': 'c:\program files\windowsapps\91750d7e.slack_4.38.115.0_x64__8she8kybcnzg4\app\slack.exe'},3862230
36f0a0bf-c0bc-8b44-a3d3-806bfac404c9,{'subject': 'c:\program files\windowsapps\91750d7e.slack_4.38.115.0_x64__8she8kybcnzg4\app\slack.exe'},3862275
19b23cd8-386d-85eb-b139-e273b1272fa3,{'subject': 'c:\program files\windowsapps\91750d7e.slack_4.38.115.0_x64__8she8kybcnzg4\app\slack.exe'},3862377
18e7573a-9fe4-8893-87d6-65e9aabb865d,{'subject': 'c:\program files\windowsapps\microsoft.outlookforwindows_1.2024.501.300_x64__8wekyb3d8bbwe\olk.exe'},3863001
bed0910b-8935-80b5-a4da-69e2d086f2de,{'subject': 'c:\program files\windowsapps\microsoft.outlookforwindows_1.2024.501.300_x64__8wekyb3d8bbwe\olk.exe'},3863002
b53a29bf-0ab6-8edd-a6c5-cbed5455defd,{'subject': 'c:\program files\windowsapps\microsoft.windowsterminal_1.19.11213.0_x64__8wekyb3d8bbwe\windowsterminal.exe'},3863014
20e8cb94-b9b8-8ea8-b6b2-43120c02b115,{'subject': 'c:\program files\windowsapps\microsoft.windowsterminal_1.19.11213.0_x64__8wekyb3d8bbwe\windowsterminal.exe'},3863015
978966d9-694c-8d24-a53d-d8341203df89,{'subject': 'c:\program files (x86)\microsoft\edgewebview\application\124.0.2478.80\msedgewebview2.exe'},3863018
e865f28a-2e29-82c6-b9d5-9f0f9bdc96b6,{'subject': 'c:\program files (x86)\microsoft\edgewebview\application\124.0.2478.80\msedgewebview2.exe'},3863019
9c4ec560-14d0-8444-89e3-03dbc9bf738d,{'subject': 'c:\program files (x86)\microsoft\edgewebview\application\124.0.2478.80\msedgewebview2.exe'},3863023
d13f7987-82e5-8450-8f93-26d5ce7b2130,{'subject': 'c:\program files (x86)\microsoft\edgewebview\application\124.0.2478.80\msedgewebview2.exe'},3863040
73fb1400-87d5-8370-b383-69120ebf3c9d,{'subject': 'c:\program files (x86)\microsoft\edgewebview\application\124.0.2478.80\msedgewebview2.exe'},3863046
f5352b98-8c71-85cc-8f27-24a9a308387d,{'subject': 'c:\program files (x86)\microsoft\edgewebview\application\124.0.2478.80\msedgewebview2.exe'},3863115
5add97f1-1e6e-8b9d-a8d9-2dec9283228d,{'subject': 'c:\program files (x86)\microsoft\edgewebview\application\124.0.2478.80\msedgewebview2.exe'},3863177
fc4de946-3a8d-835e-8382-64e9f779c806,{'subject': 'c:\program files (x86)\microsoft\edgewebview\application\124.0.2478.80\msedgewebview2.exe'},3863335
a16ce691-65b5-89ef-9918-c66be0559995,{'subject': 'c:\program files\windowsapps\microsoft.windowsterminal_1.19.11213.0_x64__8wekyb3d8bbwe\openconsole.exe'},3863418
5d0e6d09-90f0-8fce-aba0-4832b5c2ebac,{'subject': 'c:\program files (x86)\microsoft\edgewebview\application\124.0.2478.80\msedgewebview2.exe'},3864127
f9ab07f8-a949-8a8e-aad5-5d77e654000d,{'subject': 'c:\users\obviouswombat.pangolin\appdata\local\microsoft\onedrive\24.076.0414.0005\filecoauth.exe'},3865748
9bd434a0-dddd-8170-9f5a-2dd0fb189132,{'subject': 'c:\program files\windowsapps\microsoft.windowscommunicationsapps_16005.14326.21888.0_x64__8wekyb3d8bbwe\hxcalendarappimm.exe'},3865848
36c2948d-257e-8bc6-81d1-ab539638d4a7,{'subject': 'c:\windows\softwaredistribution\download\install\am_delta_patch_1.411.32.0.exe'},3865919
db6baffd-9180-8a56-a2b1-e5762af2138d,{'subject': 'c:\program files\windowsapps\91750d7e.slack_4.38.115.0_x64__8she8kybcnzg4\app\slack.exe'},3865955
a17b9a39-5ee2-85e7-a142-55ffde34ab09,{'subject': 'c:\program files\windowsapps\91750d7e.slack_4.38.115.0_x64__8she8kybcnzg4\app\slack.exe'},3865960
8f379b32-663e-8238-86aa-6212eeffccae,{'subject': 'c:\program files\windowsapps\91750d7e.slack_4.38.115.0_x64__8she8kybcnzg4\app\slack.exe'},3866107
33f425c3-3ae5-81aa-bf8b-38a01d5c01a4,{'subject': 'c:\program files\windowsapps\91750d7e.slack_4.38.115.0_x64__8she8kybcnzg4\app\slack.exe'},3866117
98ffa76b-80b2-8d71-ab81-c558daf453d6,{'subject': 'c:\users\obviouswombat.pangolin\appdata\local\microsoft\onedrive\24.076.0414.0005\microsoft.sharepoint.exe'},3866179
cb3a28e3-ab2c-85df-8668-c60651a435e7,{'subject': 'c:\program files\windowsapps\microsoft.outlookforwindows_1.2024.501.300_x64__8wekyb3d8bbwe\xpdagent.exe'},3866489
6438d486-dfea-81a5-94b6-bfb112ac77c3,{'subject': 'c:\program files (x86)\microsoft\edgewebview\application\124.0.2478.80\msedgewebview2.exe'},3866496
d8ac1237-a1c6-82a3-90c1-e84c3d8b6bd0,{'subject': 'c:\program files\windowsapps\microsoft.outlookforwindows_1.2024.501.300_x64__8wekyb3d8bbwe\xpdagent.exe'},3866527
fd596569-3ae9-8a43-966f-7d92a74755fa,{'subject': 'c:\program files\windowsapps\microsoft.outlookforwindows_1.2024.501.300_x64__8wekyb3d8bbwe\xpdagent.exe'},3866528
9869a468-258a-8579-af82-6a44720c5892,{'subject': 'c:\program files\windowsapps\microsoft.outlookforwindows_1.2024.501.300_x64__8wekyb3d8bbwe\xpdagent.exe'},3866545
34e12c4d-e769-806d-8530-d3659ff26595,{'subject': 'c:\program files\windowsapps\91750d7e.slack_4.38.115.0_x64__8she8kybcnzg4\app\slack.exe'},3867262
50cf79ce-42ce-8575-b645-cf937a98dad1,{'subject': 'c:\windows\temp\951b028e-0608-44a4-be80-ff6bdf8ea84c\dismhost.exe'},3867760
e3302118-7ad7-8378-99bd-98d2e0157a9e,{'subject': 'c:\users\obviouswombat.pangolin\appdata\local\temp\300227f3-e0d8-479c-ac54-983d4bc782d8\dismhost.exe'},3867963
287eceb8-bc90-8aac-b0c8-72335b99a11e,{'subject': 'c:\program files\windowsapps\microsoft.windowsterminal_1.19.11213.0_x64__8wekyb3d8bbwe\openconsole.exe'},3870162
e620574d-e134-865a-bf67-fdc165a82fb2,{'subject': 'c:\program files\windowsapps\microsoft.windowsterminal_1.19.11213.0_x64__8wekyb3d8bbwe\openconsole.exe'},3870177
a9bf5802-158b-8ae4-89e9-508cb97c9cbf,{'subject': 'c:\program files\windowsapps\microsoft.yourphone_1.24041.108.0_x64__8wekyb3d8bbwe\phoneexperiencehost.exe'},3871404
e6eef0fe-0bc5-8a02-96bd-3596bc9ebeac,{'subject': 'c:\program files\windowsapps\microsoft.yourphone_1.24041.108.0_x64__8wekyb3d8bbwe\phoneexperiencehost.exe'},3871413
d038776c-531b-8a58-9797-20407a748275,{'subject': 'c:\program files (x86)\microsoft\edge\application\124.0.2478.80\elevation_service.exe'},3871559
01c75c69-b77d-8d04-92b8-821ed9ad9836,{'subject': 'c:\program files (x86)\microsoft\edge\application\124.0.2478.80\identity_helper.exe'},3871614
9f278d8d-e442-8979-8439-05924f71a2d7,{'subject': 'c:\program files (x86)\microsoft\edge\application\124.0.2478.80\identity_helper.exe'},3871629
ad9ad0a2-0b36-8a01-a785-ee7fd800e543,{'subject': 'c:\program files (x86)\microsoft\edgewebview\application\124.0.2478.80\msedgewebview2.exe'},3871850
7bf40962-5393-8019-acb7-98d92458b0dc,{'subject': 'c:\program files (x86)\microsoft\edgewebview\application\124.0.2478.80\msedgewebview2.exe'},3871853
dfa6b85f-6cbc-8536-9b2b-14e5356098d0,{'subject': 'c:\program files (x86)\microsoft\edgewebview\application\124.0.2478.80\msedgewebview2.exe'},3871864
46bf0146-8c9b-8cad-be8a-a6862cfc3fcc,{'subject': 'c:\program files (x86)\microsoft\edgewebview\application\124.0.2478.80\msedgewebview2.exe'},3871869
27b34227-d28c-8254-b479-d0841966932c,{'subject': 'c:\program files (x86)\microsoft\edgewebview\application\124.0.2478.80\msedgewebview2.exe'},3871939
e8ba9bc1-72dc-83c2-938c-87b0ed834427,{'subject': 'c:\program files (x86)\microsoft\edgewebview\application\124.0.2478.80\msedgewebview2.exe'},3871974
35b1dfae-93e4-8d46-851d-d929e7bcea0b,{'subject': 'c:\users\inspiringrobin.pangolin\appdata\local\microsoft\onedrive\24.076.0414.0005\filecoauth.exe'},3873833
ea99bfd7-d90f-8860-ae62-03d36b9b5053,{'subject': 'c:\program files (x86)\microsoft\edgewebview\application\124.0.2478.80\msedgewebview2.exe'},3873838
756b9f4a-101f-8f43-a6b2-f4ad81962345,{'subject': 'c:\program files (x86)\microsoft\edgewebview\application\124.0.2478.80\msedgewebview2.exe'},3873888
b12509f0-dcbe-8001-a1d1-2c9f74e440c9,{'subject': 'c:\program files (x86)\microsoft\edgewebview\application\124.0.2478.80\msedgewebview2.exe'},3873899
26bcf3f2-cc39-8b56-9eec-038abd19c8c0,{'subject': 'c:\program files (x86)\microsoft\edgewebview\application\124.0.2478.80\msedgewebview2.exe'},3873955
2a6438cb-58ff-8523-a84c-bc27fd98ddf8,{'subject': 'c:\program files (x86)\google\googleupdater\126.0.6462.0\updater.exe'},3874035
f871ab9d-004e-85fa-870d-f3aa1c4353d9,{'subject': 'c:\program files (x86)\google\googleupdater\126.0.6462.0\updater.exe'},3874036
65a18ec1-48ba-8e36-a9ba-0f834a3e3f9b,{'subject': 'c:\program files (x86)\google\googleupdater\126.0.6462.0\updater.exe'},3874071
0967191b-f24d-8284-aa5f-45ef2e55774a,{'subject': 'c:\program files (x86)\google\googleupdater\126.0.6462.0\updater.exe'},3874072
c9872419-fd47-8767-b97b-fdad9dc0c2bd,{'subject': 'c:\program files (x86)\google\googleupdater\126.0.6462.0\updater.exe'},3874073
279ae4c2-fbfa-8ea3-959d-a4769368be21,{'subject': 'c:\program files (x86)\google\googleupdater\126.0.6462.0\updater.exe'},3874129
26c81aea-78c8-84a7-85af-686be7316ce7,{'subject': 'c:\program files (x86)\google\googleupdater\126.0.6462.0\updater.exe'},3874155
970ff602-2c43-88f5-ab01-c6fca59c0abc,{'subject': 'c:\program files (x86)\google\googleupdater\126.0.6462.0\updater.exe'},3874208
05109d9d-3c30-8b18-9027-3f779933074f,{'subject': 'c:\program files (x86)\google\googleupdater\126.0.6462.0\updater.exe'},3874215
a94ee34d-a230-8af6-8aa9-7b41f17e4357,{'subject': 'c:\program files\windowsapps\microsoft.outlookforwindows_1.2024.501.300_x64__8wekyb3d8bbwe\olkpushnotificationbackgroundtask.exe'},3874244
ce77c276-6d26-8fc7-8f77-791a4b9abe2d,{'subject': 'c:\program files\windowsapps\microsoft.outlookforwindows_1.2024.501.300_x64__8wekyb3d8bbwe\olkpushnotificationbackgroundtask.exe'},3874264
10d3e1a4-e1b8-8420-90a0-6173ecadf20f,{'subject': 'c:\program files\windowsapps\microsoft.yourphone_1.24041.108.0_x64__8wekyb3d8bbwe\phoneexperiencehost.exe'},3874565
345346a8-1a1d-8b51-9cc1-0385aeb7122d,{'subject': 'c:\program files\windowsapps\microsoft.yourphone_1.24041.108.0_x64__8wekyb3d8bbwe\phoneexperiencehost.exe'},3874578
7df2510f-c0ad-85b4-8871-fbf9eaf5af0d,{'subject': 'c:\program files (x86)\microsoft\edge\application\124.0.2478.80\elevation_service.exe'},3875165
21210b59-821f-8630-9120-d01a111f82a7,{'subject': 'c:\program files (x86)\microsoft\edge\application\124.0.2478.80\identity_helper.exe'},3875222
49d187df-d315-88fa-810d-fe516c5bdec5,{'subject': 'c:\program files (x86)\microsoft\edge\application\124.0.2478.80\identity_helper.exe'},3875245
30af549b-042a-847e-9701-d32fb3bf5825,{'subject': 'c:\program files (x86)\google\googleupdater\126.0.6462.0\updater.exe'},3878402
77b196a9-841a-8c93-9b20-ad47aaf5b8da,{'subject': 'c:\program files (x86)\google\googleupdater\126.0.6462.0\updater.exe'},3878404
205e8ae9-8253-88c0-ae5b-569ed0a5b193,{'subject': 'c:\users\inspiringrobin.pangolin\appdata\roaming\zoom\bin\aomhost64.exe'},3878421
ab74da54-7b2b-8468-bde9-815bbcd065e1,{'subject': 'c:\program files (x86)\google\googleupdater\126.0.6462.0\updater.exe'},3878458
c569ca9a-4b1a-84d8-994a-44a70d1ba8a8,{'subject': 'c:\users\efficientgoldfinch\appdata\local\microsoft\onedrive\24.081.0421.0003\filecoauth.exe'},3878474
d467c0c3-2875-8637-8a45-56cf7a63c913,{'subject': 'c:\program files\windowsapps\microsoft.outlookforwindows_1.2024.501.300_x64__8wekyb3d8bbwe\olk.exe'},3878655
17433c6c-922a-843a-a1e4-fff9ee1e734c,{'subject': 'c:\program files\windowsapps\microsoft.outlookforwindows_1.2024.501.300_x64__8wekyb3d8bbwe\olk.exe'},3878657
53c077d7-204e-85d3-8407-2582a27525b3,{'subject': 'c:\program files (x86)\microsoft\edgewebview\application\124.0.2478.80\msedgewebview2.exe'},3878679
f74ca754-781e-89a8-9157-05b90baf05df,{'subject': 'c:\program files (x86)\microsoft\edgewebview\application\124.0.2478.80\msedgewebview2.exe'},3878680
4e1053aa-83b6-8ae7-ac15-69af38d48597,{'subject': 'c:\program files (x86)\microsoft\edgewebview\application\124.0.2478.80\msedgewebview2.exe'},3878682
dae641f9-de3a-817f-97af-b0a537278a3a,{'subject': 'c:\program files (x86)\microsoft\edgewebview\application\124.0.2478.80\msedgewebview2.exe'},3878691
2077d533-8cf1-84de-92a8-14ec79ed87f6,{'subject': 'c:\program files (x86)\microsoft\edgewebview\application\124.0.2478.80\msedgewebview2.exe'},3878696
4ad42e48-7a66-841c-bf4d-365f53c4a788,{'subject': 'c:\program files (x86)\microsoft\edgewebview\application\124.0.2478.80\msedgewebview2.exe'},3878707
c32463bc-5f50-8b84-9ce5-6726b5398685,{'subject': 'c:\program files (x86)\microsoft\edgewebview\application\124.0.2478.80\msedgewebview2.exe'},3878852
a09ea48b-adc3-802b-bee5-e1fff10a15b4,{'subject': 'c:\program files (x86)\microsoft\edgewebview\application\124.0.2478.80\msedgewebview2.exe'},3879030
d2d92c61-222a-8232-8c84-e98122300f0f,{'subject': 'c:\program files (x86)\microsoft\edgewebview\application\124.0.2478.80\msedgewebview2.exe'},3880245
fe0e5c62-29da-8b1e-96c4-85cf9c9276ab,{'subject': 'c:\program files (x86)\microsoft\edgewebview\application\124.0.2478.80\msedgewebview2.exe'},3880302
74377acd-3f63-8dea-9378-cef795cedcfa,{'subject': 'c:\program files (x86)\google\googleupdater\126.0.6462.0\updater.exe'},3882385
6f74db6c-a7d5-84fa-b15b-917cd84e3bb6,{'subject': 'c:\program files (x86)\google\googleupdater\126.0.6462.0\updater.exe'},3882397
15d9d655-cb55-8021-805d-4f2d2d57d8d7,{'subject': 'c:\program files (x86)\google\googleupdater\126.0.6462.0\updater.exe'},3882414
46bd41d4-490f-860a-9e7e-c6d2e8f5a451,{'subject': 'c:\program files (x86)\google\googleupdater\126.0.6462.0\updater.exe'},3882418
03242dca-20da-81eb-a832-cbb816c8716b,{'subject': 'c:\program files (x86)\google\googleupdater\126.0.6462.0\updater.exe'},3882424
96cc571c-aa6a-8f7e-9510-076c01b3d562,{'subject': 'c:\program files (x86)\google\googleupdater\126.0.6462.0\updater.exe'},3882428
a062d7dc-c845-866b-9f19-97af9b4e27af,{'subject': 'c:\program files\windowsapps\microsoft.outlookforwindows_1.2024.501.300_x64__8wekyb3d8bbwe\xpdagent.exe'},3882824
ee59431f-03c1-8ea2-acf6-594337e80255,{'subject': 'c:\program files (x86)\microsoft\edgewebview\application\124.0.2478.80\msedgewebview2.exe'},3882856
c01370db-9fb7-8f64-8cf2-2b99af8cc823,{'subject': 'c:\windows\system32\sessionmsg.exe'},3939805
87fb9f68-f3d5-8388-a5f0-e3c771da640d,{'subject': 'c:\program files\windowsapps\microsoft.outlookforwindows_1.2024.501.300_x64__8wekyb3d8bbwe\xpdagent.exe'},3882909
43905d4a-f963-8a67-ba32-47c6eb5d1df1,{'subject': 'c:\program files\windowsapps\microsoft.outlookforwindows_1.2024.501.300_x64__8wekyb3d8bbwe\xpdagent.exe'},3882933
728dbe40-12c9-810a-bc68-4d9eb5384b7c,{'subject': 'c:\program files\windowsapps\microsoft.outlookforwindows_1.2024.501.300_x64__8wekyb3d8bbwe\xpdagent.exe'},3882940
365869a4-ed63-8c24-b02e-631b79f9d46d,{'subject': 'c:\users\efficientgoldfinch\appdata\local\microsoft\onedrive\24.081.0421.0003\microsoft.sharepoint.exe'},3886228
f5fb66e1-d115-8082-b7c3-255f1eaeae0d,{'subject': 'c:\users\efficientgoldfinch\appdata\local\temp\40c9ad8e-5259-41c5-9265-0e3d9c8f5ce8\dismhost.exe'},3886674
88aa9b32-7486-8e59-ba7b-c2790afd818d,{'subject': 'c:\program files (x86)\google\googleupdater\126.0.6462.0\updater.exe'},3893298
61fe0074-c796-8b76-b478-0644ed572d71,{'subject': 'c:\program files (x86)\google\googleupdater\126.0.6462.0\updater.exe'},3893299
6bcaff6b-11ad-80ef-92d3-75121719a870,{'subject': 'c:\program files (x86)\google\googleupdater\126.0.6462.0\updater.exe'},3893304
859d8353-8a3a-87ac-8e2d-9e3323047c04,{'subject': 'c:\program files (x86)\google\googleupdater\126.0.6462.0\updater.exe'},3893306
fc0eade8-342c-8ba7-bb16-62fd9f467c19,{'subject': 'c:\program files (x86)\google\googleupdater\126.0.6462.0\updater.exe'},3893307
08fd5dbc-16ca-8672-a222-5561a940ddd7,{'subject': 'c:\program files (x86)\google\googleupdater\126.0.6462.0\updater.exe'},3893309
0072e5b5-d2dc-84d8-94fb-9e749102f444,{'subject': 'c:\program files (x86)\google\googleupdater\126.0.6462.0\updater.exe'},3893317
9bb14652-46cf-88ec-a803-fa5e22a30004,{'subject': 'c:\program files (x86)\google\googleupdater\126.0.6462.0\updater.exe'},3893318
56c92c93-a79b-8c59-9425-4d1b5aa4bd39,{'subject': 'c:\users\public\java-update.exe'},3893508
8e56f48f-7a4a-8d3f-bcc3-247ebccc6de9,{'subject': 'c:\program files\windowsapps\microsoft.outlookforwindows_1.2024.501.300_x64__8wekyb3d8bbwe\xpdagent.exe'},3893888
47a4c0f4-3e35-83cf-a697-94ae8775001e,{'subject': 'c:\program files\windowsapps\microsoft.outlookforwindows_1.2024.501.300_x64__8wekyb3d8bbwe\xpdagent.exe'},3893902
d11e0073-cd1e-887d-acb2-e82e23830d8b,{'subject': 'c:\users\inspiringrobin.pangolin\appdata\local\microsoft\onedrive\24.076.0414.0005\microsoft.sharepoint.exe'},3894012
d770ddb9-44de-8f3f-a46f-bdc822267c42,{'subject': 'c:\program files (x86)\microsoft\edge\application\124.0.2478.80\identity_helper.exe'},3894349
e04cd184-7d95-84fd-a3d5-8c01532187e1,{'subject': 'c:\program files (x86)\microsoft\edge\application\124.0.2478.80\identity_helper.exe'},3894350
dfe728b4-abfc-878b-b0da-2bcfb71cc5db,{'subject': 'c:\program files (x86)\microsoft\edgewebview\application\124.0.2478.80\msedgewebview2.exe'},3895250
9ef32640-504c-8bd2-a98d-4bbca85400ed,{'subject': 'c:\program files (x86)\microsoft\edge\application\124.0.2478.80\identity_helper.exe'},3895606
95f5bc50-0543-8ad9-af23-1fefd00ef86f,{'subject': 'c:\program files (x86)\microsoft\edge\application\124.0.2478.80\identity_helper.exe'},3895609
cf604913-310b-86a4-9a2d-ad147818ef03,{'subject': 'c:\program files (x86)\microsoft\edge\application\124.0.2478.80\elevation_service.exe'},3895615
719f83c5-8310-879c-bf6c-13ce6c209b88,{'subject': 'c:\program files\windowsapps\microsoft.outlookforwindows_1.2024.501.300_x64__8wekyb3d8bbwe\olk.exe'},3895930
712244f8-ef9e-8199-a55a-1a7152275e5f,{'subject': 'c:\program files\windowsapps\microsoft.outlookforwindows_1.2024.501.300_x64__8wekyb3d8bbwe\olk.exe'},3895933
dcb0b798-86ec-866e-a441-7bb13ddc7692,{'subject': 'c:\program files (x86)\microsoft\edgewebview\application\124.0.2478.80\msedgewebview2.exe'},3895992
05cc1715-9aa8-8fd7-aadb-61e7efda28ef,{'subject': 'c:\program files (x86)\microsoft\edgewebview\application\124.0.2478.80\msedgewebview2.exe'},3895993
536a1916-d7ca-8583-9fb3-1f3ce780ce20,{'subject': 'c:\program files (x86)\microsoft\edgewebview\application\124.0.2478.80\msedgewebview2.exe'},3895996
35ef6739-ef47-8c4f-8b0f-33b05a5834d7,{'subject': 'c:\program files (x86)\microsoft\edgewebview\application\124.0.2478.80\msedgewebview2.exe'},3896007
ff24d36c-f4f6-80b5-ba0e-10e775ebb327,{'subject': 'c:\program files (x86)\microsoft\edgewebview\application\124.0.2478.80\msedgewebview2.exe'},3896011
5f9ad062-6bbd-88f3-b522-19d0a05df5b0,{'subject': 'c:\program files (x86)\microsoft\edgewebview\application\124.0.2478.80\msedgewebview2.exe'},3896100
14e5eb31-f7ca-86f4-98e3-7a0d801fedbb,{'subject': 'c:\program files (x86)\microsoft\edgewebview\application\124.0.2478.80\msedgewebview2.exe'},3896219
43900caf-bdb3-8af1-aa80-63c5a51c7a53,{'subject': 'c:\program files (x86)\microsoft\edgewebview\application\124.0.2478.80\msedgewebview2.exe'},3896458
3333733c-355b-8a9d-ab73-4bb53d5218a1,{'subject': 'c:\program files (x86)\microsoft\edgewebview\application\124.0.2478.80\msedgewebview2.exe'},3897470
8dbf0e78-ef2a-8bc6-999c-69108e10f6ab,{'subject': 'c:\program files (x86)\microsoft\edgewebview\application\124.0.2478.80\msedgewebview2.exe'},3897611
b3a01158-fe23-8216-999b-807b67f0540b,{'subject': 'c:\program files (x86)\microsoft\edgewebview\application\124.0.2478.80\msedgewebview2.exe'},3898476
1b2f8309-f8c8-8260-995e-0eac28fbda88,{'subject': 'c:\program files\windowsapps\microsoft.outlookforwindows_1.2024.501.300_x64__8wekyb3d8bbwe\olk.exe'},3898518
d8c26447-ba97-8904-adbb-fdc862b1c5c4,{'subject': 'c:\program files\windowsapps\microsoft.outlookforwindows_1.2024.501.300_x64__8wekyb3d8bbwe\olk.exe'},3898521
7b65fdf4-ed10-8831-97e5-35c337e623bc,{'subject': 'c:\program files (x86)\microsoft\edgewebview\application\124.0.2478.80\msedgewebview2.exe'},3898536
a5f4c8d9-7d66-8202-88aa-604d99d61129,{'subject': 'c:\program files (x86)\microsoft\edgewebview\application\124.0.2478.80\msedgewebview2.exe'},3898537
4583a923-a9fb-8750-a85e-08af11359601,{'subject': 'c:\program files (x86)\microsoft\edgewebview\application\124.0.2478.80\msedgewebview2.exe'},3898541
1a75d1e8-4b78-8f7c-83ab-76dad071b1f8,{'subject': 'c:\program files (x86)\microsoft\edgewebview\application\124.0.2478.80\msedgewebview2.exe'},3898551
58c19279-c6bc-8454-b22f-0f3255182f67,{'subject': 'c:\program files (x86)\microsoft\edgewebview\application\124.0.2478.80\msedgewebview2.exe'},3898555
f5f2d636-e56c-8d20-837b-750f3db0a08a,{'subject': 'c:\program files (x86)\microsoft\edgewebview\application\124.0.2478.80\msedgewebview2.exe'},3898589
7195eb96-ac8b-8468-aebf-fc5c4d4352b1,{'subject': 'c:\program files (x86)\microsoft\edgewebview\application\124.0.2478.80\msedgewebview2.exe'},3898761
7bc1edaa-6b5d-8f53-8321-d8cbe9e5da64,{'subject': 'c:\program files (x86)\microsoft\edgewebview\application\124.0.2478.80\msedgewebview2.exe'},3898984
d42f65ac-e6c2-87e1-a97f-885a70ea0458,{'subject': 'c:\program files (x86)\microsoft\edgewebview\application\124.0.2478.80\msedgewebview2.exe'},3900001
c459c2a8-1f10-81a1-bdb7-d342ab200932,{'subject': 'c:\program files (x86)\microsoft\edgewebview\application\124.0.2478.80\msedgewebview2.exe'},3900030
85c1c747-c39e-88ef-afc3-98f1876a010f,{'subject': 'c:\program files\windowsapps\microsoft.outlookforwindows_1.2024.501.300_x64__8wekyb3d8bbwe\xpdagent.exe'},3900860
93c875f4-c2bb-8cad-a233-4cb8f2a96176,{'subject': 'c:\program files (x86)\microsoft\edgewebview\application\124.0.2478.80\msedgewebview2.exe'},3900864
655a410c-17bc-8bcc-97db-90f836638c4c,{'subject': 'c:\program files\windowsapps\microsoft.outlookforwindows_1.2024.501.300_x64__8wekyb3d8bbwe\xpdagent.exe'},3900883
9084877d-db1f-8703-8929-d17d56a8c55c,{'subject': 'c:\program files\windowsapps\microsoft.outlookforwindows_1.2024.501.300_x64__8wekyb3d8bbwe\xpdagent.exe'},3900903
734d7e11-83c6-8e5f-92aa-f9049fcfa747,{'subject': 'c:\program files\windowsapps\microsoft.outlookforwindows_1.2024.501.300_x64__8wekyb3d8bbwe\xpdagent.exe'},3900908
95219198-016a-8da1-bc97-4f99802038aa,{'subject': 'c:\program files (x86)\microsoft\edgewebview\application\124.0.2478.80\msedgewebview2.exe'},3902820
252e5c80-3406-8b30-b595-440081cf7eaa,{'subject': 'c:\program files (x86)\google\googleupdater\126.0.6462.0\updater.exe'},3904903
fabae6fe-3053-8a01-93d2-e52ee8833e39,{'subject': 'c:\program files (x86)\google\googleupdater\126.0.6462.0\updater.exe'},3904907
cd44a963-a695-869b-bd1e-709fbfeaeff6,{'subject': 'c:\program files (x86)\google\googleupdater\126.0.6462.0\updater.exe'},3904911
0a5b6ae4-69fe-871f-b398-475ffc5d00d4,{'subject': 'c:\program files (x86)\google\googleupdater\126.0.6462.0\updater.exe'},3904913
1681b142-b107-885f-ad22-2ba340acb8a8,{'subject': 'c:\program files (x86)\google\googleupdater\126.0.6462.0\updater.exe'},3904914
5140fe15-0531-830b-8ced-45721bff26b1,{'subject': 'c:\program files (x86)\google\googleupdater\126.0.6462.0\updater.exe'},3904916
eca1107d-f570-8299-9473-d12978cfaf9e,{'subject': 'c:\program files (x86)\google\googleupdater\126.0.6462.0\updater.exe'},3904925
816565f4-6fd1-86ad-a420-1243218f678a,{'subject': 'c:\program files (x86)\google\googleupdater\126.0.6462.0\updater.exe'},3904959
242646b8-2eb0-88ec-b042-12f2436abd41,{'subject': 'c:\program files (x86)\google\googleupdater\126.0.6462.0\updater.exe'},3904960
60aeaf03-25b0-89b3-a093-954bfcad131d,{'subject': 'c:\program files (x86)\microsoft\edgewebview\application\124.0.2478.80\msedgewebview2.exe'},3905646
b81d2dcf-620d-8b08-a941-8f1424608832,{'subject': 'c:\program files (x86)\microsoft\edgewebview\application\124.0.2478.80\msedgewebview2.exe'},3905648
c030c3d9-f85a-8315-ba85-35fd6e9c8caf,{'subject': 'c:\program files (x86)\microsoft\edgewebview\application\124.0.2478.80\msedgewebview2.exe'},3905655
55309c89-3b91-813d-94df-3bb48591dc85,{'subject': 'c:\program files (x86)\microsoft\edgewebview\application\124.0.2478.80\msedgewebview2.exe'},3905660
1c266b94-6e2a-843b-a5cf-a423234c1927,{'subject': 'c:\program files (x86)\microsoft\edgewebview\application\124.0.2478.80\msedgewebview2.exe'},3905665
51a5c05b-9475-8de9-93c6-66bbd686563e,{'subject': 'c:\program files (x86)\microsoft\edgewebview\application\124.0.2478.80\msedgewebview2.exe'},3905753
dd5cbc71-94f7-87bb-ab31-c5dc58260cab,{'subject': 'c:\program files (x86)\microsoft\edgewebview\application\124.0.2478.80\msedgewebview2.exe'},3905772
2c0ab3a4-9816-8a8e-9efb-f537fe4777a2,{'subject': 'c:\program files (x86)\microsoft\edgewebview\application\124.0.2478.80\msedgewebview2.exe'},3905837
da769ef0-3818-835b-b61c-c6765887c621,{'subject': 'c:\users\obviouswombat.pangolin\appdata\roaming\zoom\bin\cpthost.exe'},3905843
9cd2fe34-679b-8eaa-b94a-494ad9d3327b,{'subject': 'c:\program files (x86)\microsoft\edgewebview\application\124.0.2478.80\msedgewebview2.exe'},3906050
27e18de7-0586-8878-b2d3-1f3b98fc2906,{'subject': 'c:\program files (x86)\google\googleupdater\126.0.6462.0\updater.exe'},3906244
426140b6-2266-8b6f-bd30-279c6d84b635,{'subject': 'c:\program files (x86)\google\googleupdater\126.0.6462.0\updater.exe'},3906250
d5bce7bc-2c65-8645-ad9c-69f89a3d3746,{'subject': 'c:\program files (x86)\google\googleupdater\126.0.6462.0\updater.exe'},3906253
d2264285-e143-8f42-b945-1024bce8c448,{'subject': 'c:\program files (x86)\google\googleupdater\126.0.6462.0\updater.exe'},3906259
26e7ff1e-2ae1-8304-ae56-3869363a93fb,{'subject': 'c:\program files (x86)\google\googleupdater\126.0.6462.0\updater.exe'},3906260
01239d67-383f-89a3-a45e-ceb96c2e4c92,{'subject': 'c:\program files (x86)\google\googleupdater\126.0.6462.0\updater.exe'},3906262
576b6691-4099-8e4c-8d34-669e033f9b5e,{'subject': 'c:\program files (x86)\google\googleupdater\126.0.6462.0\updater.exe'},3906269
d4e2b24c-2ce4-8a42-a527-45a3c50f1eea,{'subject': 'c:\program files (x86)\google\googleupdater\126.0.6462.0\updater.exe'},3906279
28335e25-1b6d-84b3-8952-a47989a5dfc1,{'subject': 'c:\program files (x86)\google\googleupdater\126.0.6462.0\updater.exe'},3906280
4f56e54d-2a78-8620-a740-5521a18ca9e5,{'subject': 'c:\program files (x86)\microsoft\edge\application\124.0.2478.80\identity_helper.exe'},3909275
857ed120-59b9-81fd-8026-49a32dd85087,{'subject': 'c:\program files (x86)\microsoft\edge\application\124.0.2478.80\identity_helper.exe'},3909282
7d755240-7a9b-8e7e-a14d-5450345a9db3,{'subject': 'c:\program files (x86)\microsoft\edge\application\124.0.2478.80\elevation_service.exe'},3909291
70ad7501-baa9-83af-9960-ad2812291471,{'subject': 'c:\program files (x86)\google\googleupdater\126.0.6462.0\updater.exe'},3909702
3b07411d-c454-8173-92dc-0f4e536cd02c,{'subject': 'c:\program files (x86)\google\googleupdater\126.0.6462.0\updater.exe'},3909707
63ea9f5c-f0e0-87eb-86a7-d85812939046,{'subject': 'c:\program files (x86)\google\googleupdater\126.0.6462.0\updater.exe'},3909710
9ca757fd-468e-869d-9665-2bb9675c5977,{'subject': 'c:\program files (x86)\google\googleupdater\126.0.6462.0\updater.exe'},3909712
febe3336-261b-870d-b31f-477800d1fbc6,{'subject': 'c:\program files (x86)\google\googleupdater\126.0.6462.0\updater.exe'},3909713
35373d18-6206-8875-aca8-b5384cb4cc83,{'subject': 'c:\program files (x86)\google\googleupdater\126.0.6462.0\updater.exe'},3909715
6055206c-c651-8436-94d7-e9200654ca58,{'subject': 'c:\program files (x86)\google\googleupdater\126.0.6462.0\updater.exe'},3909722
b9f45752-bddc-8c31-ac2c-0583c6d55cef,{'subject': 'c:\program files (x86)\google\googleupdater\126.0.6462.0\updater.exe'},3909729
f4e9017d-5653-87e9-a055-c9904c01bda5,{'subject': 'c:\program files (x86)\google\googleupdater\126.0.6462.0\updater.exe'},3909730
84dd4a84-451b-8e8f-8beb-53a7cf538a78,{'subject': 'c:\program files\windowsapps\microsoft.outlookforwindows_1.2024.501.300_x64__8wekyb3d8bbwe\olk.exe'},3909829
a793becc-3151-884b-86d1-08007c3f692a,{'subject': 'c:\program files\windowsapps\microsoft.outlookforwindows_1.2024.501.300_x64__8wekyb3d8bbwe\olk.exe'},3909830
0a34796e-9a91-8135-90a0-017603cfa04e,{'subject': 'c:\program files (x86)\microsoft\edgewebview\application\124.0.2478.80\msedgewebview2.exe'},3909843
249bdcab-f280-84b4-afa4-26bd8b7a2699,{'subject': 'c:\program files (x86)\microsoft\edgewebview\application\124.0.2478.80\msedgewebview2.exe'},3909844
8109ce3a-bac9-8183-8b73-dc7bf940e8fa,{'subject': 'c:\program files (x86)\microsoft\edgewebview\application\124.0.2478.80\msedgewebview2.exe'},3909848
9c01af7d-6a63-8bdd-b740-165821bb223a,{'subject': 'c:\program files (x86)\microsoft\edgewebview\application\124.0.2478.80\msedgewebview2.exe'},3909861
7b3b6fd5-daba-8a71-94df-52142d6d0f9b,{'subject': 'c:\program files (x86)\microsoft\edgewebview\application\124.0.2478.80\msedgewebview2.exe'},3909864
0287cc40-3f57-8f45-a0f2-1552378967db,{'subject': 'c:\program files (x86)\microsoft\edgewebview\application\124.0.2478.80\msedgewebview2.exe'},3909950
9f1433e5-62c3-85ff-9662-3824ae439d3b,{'subject': 'c:\program files (x86)\microsoft\edgewebview\application\124.0.2478.80\msedgewebview2.exe'},3910073
8776e54f-3df1-8a10-81cd-a46183e07199,{'subject': 'c:\program files (x86)\microsoft\edgewebview\application\124.0.2478.80\msedgewebview2.exe'},3910305
73510b6e-8d3b-8abb-8d2c-928bc198c8ac,{'subject': 'c:\program files (x86)\microsoft\edgewebview\application\124.0.2478.80\msedgewebview2.exe'},3911385
171fc30b-eb87-8d44-8f45-4d690e9855ff,{'subject': 'c:\program files (x86)\microsoft\edgewebview\application\124.0.2478.80\msedgewebview2.exe'},3911561
f1ca8ced-9c4a-8f63-be03-faa2c312a823,{'subject': 'c:\program files\windowsapps\microsoft.outlookforwindows_1.2024.501.300_x64__8wekyb3d8bbwe\xpdagent.exe'},3912315
3e072239-6992-8dda-bbea-b2f111184b11,{'subject': 'c:\program files (x86)\microsoft\edgewebview\application\124.0.2478.80\msedgewebview2.exe'},3912319
bdd8bd3f-60fb-87ea-b3dd-5ae02c938205,{'subject': 'c:\program files\windowsapps\microsoft.outlookforwindows_1.2024.501.300_x64__8wekyb3d8bbwe\xpdagent.exe'},3912338
ef38500c-03d6-8caf-a414-388534716888,{'subject': 'c:\program files\windowsapps\microsoft.outlookforwindows_1.2024.501.300_x64__8wekyb3d8bbwe\xpdagent.exe'},3912339
3eb1451a-97b2-8d0e-a87c-b797bddffb4a,{'subject': 'c:\program files\windowsapps\microsoft.outlookforwindows_1.2024.501.300_x64__8wekyb3d8bbwe\xpdagent.exe'},3912352
278fa6de-25b7-8201-8eb6-9ad1a7ecf8dd,{'subject': 'c:\program files\windowsapps\microsoft.outlookforwindows_1.2024.501.300_x64__8wekyb3d8bbwe\xpdagent.exe'},3912788
62dadaba-25ba-8b69-9895-d7e765a0f005,{'subject': 'c:\program files\windowsapps\microsoft.outlookforwindows_1.2024.501.300_x64__8wekyb3d8bbwe\xpdagent.exe'},3912808
3d64fb5d-572b-891d-ac1f-00c4375d385e,{'subject': 'c:\program files (x86)\google\googleupdater\126.0.6462.0\updater.exe'},3912810
d6052033-b3c5-8f9c-9005-0c5e06b7c263,{'subject': 'c:\program files (x86)\google\googleupdater\126.0.6462.0\updater.exe'},3912814
f4f368ef-7bdf-8532-a8b7-756a9845e9c9,{'subject': 'c:\program files (x86)\google\googleupdater\126.0.6462.0\updater.exe'},3912818
f2d98176-5fb8-81bf-a431-ac280c378b66,{'subject': 'c:\program files (x86)\google\googleupdater\126.0.6462.0\updater.exe'},3912820
4152ca73-e6e7-8a0d-a68a-621205b74d59,{'subject': 'c:\program files (x86)\google\googleupdater\126.0.6462.0\updater.exe'},3912825
f256407d-fa04-8eac-8751-25b3d1955174,{'subject': 'c:\program files (x86)\google\googleupdater\126.0.6462.0\updater.exe'},3912827
dbe1dc61-1ae1-87d7-8a35-d692b956c56f,{'subject': 'c:\program files (x86)\google\googleupdater\126.0.6462.0\updater.exe'},3912834
bbebcd40-6ba0-80b5-914b-376d9250d985,{'subject': 'c:\program files (x86)\google\googleupdater\126.0.6462.0\updater.exe'},3912845
f3b1173d-d57c-8129-9d0f-63e7a8ebdf48,{'subject': 'c:\program files (x86)\google\googleupdater\126.0.6462.0\updater.exe'},3912846
c72d20e2-dc44-84dd-8c7e-7549f6643f10,{'subject': 'c:\program files\google\chrome\application\124.0.6367.119\elevation_service.exe'},3913869
1750b605-3d9f-8a40-a04f-0bc606f074cb,{'subject': 'c:\users\efficientgoldfinch\downloads\7z2404-x64.exe'},3919488
cd4eaf15-0437-861c-bb90-9b7629ed8a4e,{'subject': 'c:\users\efficientgoldfinch\downloads\7z2404-x64.exe'},3919498
d633d9f8-8dd4-8111-acbd-b93502732dc7,{'subject': 'c:\users\efficientgoldfinch\appdata\local\microsoft\onedrive\24.081.0421.0003\filecoauth.exe'},3919708
c1e7a864-0578-8d6e-9f0b-2f9054ac2709,{'subject': 'c:\program files\7-zip\7zg.exe'},3919780
a70e8760-5b54-80ea-9dc6-fb93417a84f3,{'subject': 'c:\programdata\microsoft\windows defender\platform\4.18.24030.9-0\mpdefendercoreservice.exe'},3919947
5452b8a1-5ba4-89de-b98b-3e156d97b372,{'subject': 'c:\windows\systemapps\microsoft.windows.sechealthui_cw5n1h2txyewy\sechealthui.exe'},3920027
21ff8d77-8439-875c-8645-3a312a524c19,{'subject': 'c:\program files (x86)\microsoft\edge\application\124.0.2478.80\elevation_service.exe'},3920187
07c19bac-4113-8c3e-9790-54aac656923e,{'subject': 'c:\program files\microsoft onedrive\24.076.0414.0005\onedriveupdaterservice.exe'},3921667
ee048cd4-094e-88af-8dea-d18ff913577d,{'subject': 'c:\program files\microsoft onedrive\24.086.0428.0003\filesyncconfig.exe'},3927785
17ce2bd9-29a3-85dc-b518-ad7a534a1224,{'subject': 'c:\program files\microsoft onedrive\24.086.0428.0003\microsoft.sharepoint.exe'},3927915
63e07a38-419f-833e-968a-da9bc429c53e,{'subject': 'c:\program files\microsoft onedrive\24.076.0414.0005\onedriveupdaterservice.exe'},3928867
0e94b284-5687-8b83-b14b-da3ed8a724a5,{'subject': 'c:\program files\microsoft onedrive\24.086.0428.0003\filecoauth.exe'},3929111
d5962c4e-d60a-8e63-be5b-d5798f34d6cd,{'subject': 'c:\program files\windowsapps\microsoft.outlookforwindows_1.2024.501.300_x64__8wekyb3d8bbwe\olk.exe'},3929444
b7c7ab5f-ce90-88d1-9f38-56d40ebc596a,{'subject': 'c:\program files\windowsapps\microsoft.outlookforwindows_1.2024.501.300_x64__8wekyb3d8bbwe\olk.exe'},3929449
fb7a54ea-a2d7-8713-8fd8-62fc6b8e5124,{'subject': 'c:\program files (x86)\microsoft\edgewebview\application\124.0.2478.80\msedgewebview2.exe'},3929458
903815f6-115d-8161-b916-d342fba4eacf,{'subject': 'c:\program files (x86)\microsoft\edgewebview\application\124.0.2478.80\msedgewebview2.exe'},3929495
6988863e-bbe0-83b2-9f32-38a20c09ae3e,{'subject': 'c:\program files (x86)\microsoft\edgewebview\application\124.0.2478.80\msedgewebview2.exe'},3929515
7fa3d081-4a13-8935-80de-8d4dba715910,{'subject': 'c:\program files\7-zip\7zg.exe'},3929990
f744368c-ab8d-8c68-92ef-d56602dc8b17,{'subject': 'c:\program files\7-zip\7zg.exe'},3930083
35096580-3ac7-8047-8d8f-9b78d84e6018,{'subject': 'c:\program files\7-zip\7zg.exe'},3930155
4f7d96dc-1eb8-8430-9f79-3450c019e958,{'subject': 'c:\program files\7-zip\7zg.exe'},3930177
100c5922-e187-8ee5-b06f-b5cd04be369d,{'subject': 'c:\users\efficientgoldfinch\appdata\local\programs\microsoft vs code\code.exe'},3930263
afecafeb-f159-88f0-92ac-797b406ec679,{'subject': 'c:\users\efficientgoldfinch\appdata\local\programs\microsoft vs code\code.exe'},3930267
b2be4b68-a1c3-8f1e-bbde-00915b04e399,{'subject': 'c:\users\efficientgoldfinch\appdata\local\programs\microsoft vs code\code.exe'},3930273
d1284db4-d57c-89b6-9970-e4ad669da8dc,{'subject': 'c:\users\efficientgoldfinch\appdata\local\programs\microsoft vs code\code.exe'},3930275
55dd63e7-ba9d-815b-acd9-3e5c02fc568a,{'subject': 'c:\users\efficientgoldfinch\appdata\local\programs\microsoft vs code\code.exe'},3930337
56144c42-3a0f-812e-9d8f-8176ce1f3e23,{'subject': 'c:\users\efficientgoldfinch\appdata\local\programs\microsoft vs code\code.exe'},3930375
71da505e-6e6d-8c14-9197-31c3f328795f,{'subject': 'c:\users\efficientgoldfinch\appdata\local\programs\microsoft vs code\code.exe'},3930381
38342afb-a172-8a18-a541-656e822e9eb9,{'subject': 'c:\users\efficientgoldfinch\appdata\local\programs\microsoft vs code\code.exe'},3930390
c4a7e9f9-2578-8998-8f02-ab19a4a93f18,{'subject': 'c:\users\efficientgoldfinch\appdata\local\programs\microsoft vs code\code.exe'},3930392
8dc6544d-fc76-8632-8421-fa27473463c4,{'subject': 'c:\users\efficientgoldfinch\appdata\local\programs\microsoft vs code\resources\app\node_modules.asar.unpacked\@vscode\ripgrep\bin\rg.exe'},3930439
63c4b50e-4fea-834a-ae7f-8ad8d8cfc7f0,{'subject': 'c:\users\efficientgoldfinch\appdata\local\programs\microsoft vs code\resources\app\node_modules.asar.unpacked\@vscode\ripgrep\bin\rg.exe'},3930449
ba1a7359-1487-8269-a535-705e35afb241,{'subject': 'c:\users\efficientgoldfinch\appdata\local\programs\microsoft vs code\bin\code-tunnel.exe'},3930543
2ab2b639-deda-8315-b057-f331593d177c,{'subject': 'c:\users\efficientgoldfinch\appdata\local\programs\microsoft vs code\code.exe'},3930723
216b9233-8095-8689-93e4-2eee4a81c93b,{'subject': 'c:\users\efficientgoldfinch\appdata\local\programs\microsoft vs code\code.exe'},3930728
3341c196-20cd-8440-ac26-b8a79db9b15c,{'subject': 'c:\users\efficientgoldfinch\appdata\local\programs\microsoft vs code\code.exe'},3930730
b3010814-9168-8144-84a7-e707c25a0f5f,{'subject': 'c:\users\efficientgoldfinch\appdata\local\programs\microsoft vs code\resources\app\node_modules.asar.unpacked\@vscode\ripgrep\bin\rg.exe'},3930759
c6fa5a5e-4f97-81b4-a2a2-cc031cd6eeff,{'subject': 'c:\users\efficientgoldfinch\appdata\local\programs\microsoft vs code\resources\app\node_modules.asar.unpacked\@vscode\ripgrep\bin\rg.exe'},3930765
783dcde6-9422-8a30-86b2-481f4fe424c4,{'subject': 'c:\users\efficientgoldfinch\appdata\local\temp\vscode-stable-user-x64\codesetup-stable-dc96b837cf6bb4af9cd736aa3af08cf8279f7685.exe'},3930851
5836b43b-5f28-8cea-88fe-a19f6ef32322,{'subject': 'c:\users\efficientgoldfinch\appdata\local\temp\is-dli6a.tmp\codesetup-stable-dc96b837cf6bb4af9cd736aa3af08cf8279f7685.tmp'},3930854
3e68bfa7-72bd-8248-a06e-9f511727cc03,{'subject': 'c:\users\efficientgoldfinch\appdata\local\programs\microsoft vs code\code.exe'},3934603
645b8af4-f856-82fe-8f4e-2b37acd0fdc4,{'subject': 'c:\program files (x86)\microsoft\edge\application\124.0.2478.80\elevation_service.exe'},3935142
786b56b5-8990-8b92-8e88-e2713664e7a4,{'subject': 'c:\program files\microsoft onedrive\24.086.0428.0003\filecoauth.exe'},3936198
8c34bc54-2fc8-8f19-85ad-60f3fda85a7a,{'subject': 'c:\program files\microsoft onedrive\24.086.0428.0003\filecoauth.exe'},3936220
d9771e6c-f809-8914-b23c-c11e96e6c58c,{'subject': 'c:\program files\microsoft onedrive\24.086.0428.0003\filecoauth.exe'},3936613
8422d4b3-02db-8160-99e6-c6965ae50c80,{'subject': 'c:\windows\systemapps\microsoft.windows.sechealthui_cw5n1h2txyewy\sechealthui.exe'},3936654
48b73324-1975-8325-a2ed-c2cf768558e8,{'subject': 'c:\windows\systemapps\microsoft.windows.sechealthui_cw5n1h2txyewy\sechealthui.exe'},3936699
7e85c84d-f65d-8682-9ad8-cde927df829f,{'subject': 'c:\windows\systemapps\microsoft.windows.sechealthui_cw5n1h2txyewy\sechealthui.exe'},3936739
61aec22f-4113-83c6-8d4d-ddd144e4df7e,{'subject': 'c:\program files\windowsapps\91750d7e.slack_4.38.115.0_x64__8she8kybcnzg4\app\slack.exe'},3937705
d5c1385b-1ed6-80d9-ae84-88fdb256b691,{'subject': 'c:\program files\tightvnc\tvnserver.exe'},3937708
f0fc2693-032a-8316-b8aa-09a3ac1ff70e,{'subject': 'c:\windows\system32\mstsc.exe'},3938291
ddd1ea62-3924-8d29-9c0b-3eb168b6db31,{'subject': 'c:\windows\system32\tstheme.exe'},3940222
e4867588-0ba9-828f-910a-eeca09f6217b,{'subject': 'c:\windows\system32\rdpclip.exe'},3940446
a18cc2b2-cfbc-8544-80a6-a4431433eefa,{'subject': 'c:\windows\system32\unregmp2.exe'},3942930
4a20402c-04e4-8d96-8192-33abd97964a0,{'subject': 'c:\windows\system32\ie4uinit.exe'},3943376
e71d4c73-71e5-8d3a-a897-8472782574d3,{'subject': 'c:\windows\system32\ie4uinit.exe'},3943759
abf40b62-d427-8451-9d70-a8590ad37bc8,{'subject': 'c:\windows\system32\unregmp2.exe'},3946360
a8371ce0-cd81-8c24-9c54-208a81a68dc2,{'subject': 'c:\program files (x86)\microsoft\edge\application\124.0.2478.80\installer\setup.exe'},3948097
534ffdc3-eaca-841e-84f7-a2442f0798fa,{'subject': 'c:\program files (x86)\microsoft\edge\application\124.0.2478.80\installer\setup.exe'},3948252
1bf540d2-26ed-8b90-8a76-ce5f87b46141,{'subject': 'c:\program files (x86)\microsoft\edge\application\124.0.2478.80\installer\setup.exe'},3948554
d156d7b8-e2e0-8604-b7a6-2e28ebb39dae,{'subject': 'c:\program files (x86)\microsoft\edge\application\124.0.2478.80\installer\setup.exe'},3948786
2b33e53c-0939-881d-b462-17138f597b66,{'subject': 'c:\program files (x86)\microsoft\edge\application\124.0.2478.80\installer\setup.exe'},3949323
f4c0cf54-928e-8d81-b549-46672555bd44,{'subject': 'c:\program files (x86)\microsoft\edge\application\124.0.2478.80\installer\setup.exe'},3949709
62012e39-6e9f-82c4-abdb-dbe7e5add97c,{'subject': 'c:\program files (x86)\microsoft\edge\application\124.0.2478.80\installer\setup.exe'},3949873
6af92630-5491-8bbb-9d0e-31c09df92501,{'subject': 'c:\program files (x86)\microsoft\edge\application\124.0.2478.80\installer\setup.exe'},3949891
b71b504e-1078-8042-9a06-52ec9bb59e80,{'subject': 'c:\program files (x86)\microsoft\edge\application\124.0.2478.80\installer\setup.exe'},3950500
7581ddcc-abc0-8647-a31b-1bbcaedbb14c,{'subject': 'c:\program files (x86)\microsoft\edge\application\124.0.2478.80\elevation_service.exe'},3951480
b6f4bff1-a8cd-8e71-aaff-8360cad06ed9,{'subject': 'c:\program files (x86)\microsoft\edge\application\124.0.2478.80\installer\setup.exe'},3951788
1072d974-38b8-8777-88f6-84c6cc53c312,{'subject': 'c:\program files (x86)\microsoft\edge\application\124.0.2478.80\installer\setup.exe'},3951848
6e5e84fc-47b4-827d-890a-38e3ab8ef2f2,{'subject': 'c:\program files (x86)\microsoft\edge\application\124.0.2478.80\installer\setup.exe'},3951889
943a72d5-9b0a-8bd0-9665-690110afba03,{'subject': 'c:\windows\system32\tstheme.exe'},3951995
b858e74f-0e3b-87b0-b9e1-90ad0df9eee6,{'subject': 'c:\program files (x86)\microsoft\edge\application\124.0.2478.80\installer\setup.exe'},3952014
cebb9691-c73d-80e2-942e-f36c2454b4c5,{'subject': 'c:\program files (x86)\microsoft\edge\application\124.0.2478.80\installer\setup.exe'},3952367
bffacc91-0571-83e9-985c-2b6788885c69,{'subject': 'c:\program files (x86)\microsoft\edge\application\124.0.2478.80\installer\setup.exe'},3952412
30051ac9-0b30-8c0d-960a-e0fd9fe670a2,{'subject': 'c:\windows\system32\ie4uinit.exe'},3955652
6815ba75-8af8-881e-ad89-bce64a5bdd4c,{'subject': 'c:\windows\system32\settingsynchost.exe'},3963856
84b47eec-8e21-8f2d-b567-9c6048f5c5d2,{'subject': 'c:\windows\system32\fsquirt.exe'},3964007
3742022f-80f3-878c-9bee-4d3b09954afb,{'subject': 'c:\windows\syswow64\onedrivesetup.exe'},3966488
f8813fdb-d975-88a8-b4ef-215dba42047b,{'subject': 'c:\program files (x86)\microsoft\edgewebview\application\124.0.2478.80\msedgewebview2.exe'},3966915
df33c137-09c9-8ac9-95f8-767a5d5039bd,{'subject': 'c:\program files (x86)\microsoft\edgewebview\application\124.0.2478.80\msedgewebview2.exe'},3966925
cfefaa89-8d45-8e55-9fa7-6d71d9226432,{'subject': 'c:\windows\syswow64\onedrivesetup.exe'},3966941
cf9c0ee7-9b13-8dd3-aac7-c8974abd6e55,{'subject': 'c:\program files (x86)\microsoft\edgewebview\application\124.0.2478.80\msedgewebview2.exe'},3966951
c9770d17-6b13-8167-89ca-42b6c0ae33b4,{'subject': 'c:\program files (x86)\microsoft\edgewebview\application\124.0.2478.80\msedgewebview2.exe'},3966957
9637ff82-99a3-81d3-b654-cee38de0214a,{'subject': 'c:\program files (x86)\microsoft\edgewebview\application\124.0.2478.80\msedgewebview2.exe'},3967008
dfce48e5-53c5-885c-a9e4-62df38efb12d,{'subject': 'c:\program files (x86)\microsoft\edgewebview\application\124.0.2478.80\msedgewebview2.exe'},3967102
103013ae-4eea-828e-975c-64239472e9a7,{'subject': 'c:\program files (x86)\microsoft\edgewebview\application\124.0.2478.80\msedgewebview2.exe'},3967285
546c859a-2baa-8dcf-9801-49dfd2c473d7,{'subject': 'c:\program files (x86)\microsoft\edgewebview\application\124.0.2478.80\msedgewebview2.exe'},3967394
058c0f53-ec31-81e6-8cb3-697a10b84c36,{'subject': 'c:\windows\system32\sessionmsg.exe'},3967921
43803a29-fdfd-8863-bef6-95895c032bf5,{'subject': 'c:\windows\system32\tstheme.exe'},3968180
ff992c8b-f2d7-8a32-b34e-5e48131a874d,{'subject': 'c:\windows\system32\rdpclip.exe'},3968212
3ebb0832-50b0-8c8a-88f9-149d02e570ad,{'subject': 'c:\windows\system32\tstheme.exe'},3968740
4b31b64d-f262-818f-81e9-e68a8d4f7cf8,{'subject': 'c:\windows\system32\mstsc.exe'},3969075
67a8da3b-f7d2-874b-b6fb-2cd9c425127c,{'subject': 'c:\program files (x86)\microsoft\edge\application\124.0.2478.80\elevation_service.exe'},3969484
93b0d11a-dde3-8945-817d-0059d24d278b,{'subject': 'c:\windows\system32\sessionmsg.exe'},3970095
99eb1727-98c1-8479-a65b-4cef34a2b240,{'subject': 'c:\windows\system32\tstheme.exe'},3970419
99c60ea9-2323-8348-89e9-332313ce92ba,{'subject': 'c:\windows\system32\rdpclip.exe'},3970591
c55cc4b8-a12c-8a74-af03-5b071184c030,{'subject': 'c:\windows\system32\unregmp2.exe'},3973054
f86995e3-2ca1-827f-9d43-9258839f5b66,{'subject': 'c:\windows\system32\ie4uinit.exe'},3973190
ba7ecc82-7fee-8d40-9a4b-84761dbe6aec,{'subject': 'c:\windows\system32\ie4uinit.exe'},3973737
38c99167-9d98-8560-bc19-a3e8ef3842cc,{'subject': 'c:\windows\system32\unregmp2.exe'},3974723
2e2a5834-7f26-8c44-b769-d136e63056a0,{'subject': 'c:\program files (x86)\microsoft\edge\application\124.0.2478.80\installer\setup.exe'},3976281
ba6b33fb-214d-8359-80d6-f7a0c4049622,{'subject': 'c:\program files (x86)\microsoft\edge\application\124.0.2478.80\installer\setup.exe'},3976289
c1c477d5-48e8-8b52-b8e1-e1212b041833,{'subject': 'c:\program files (x86)\microsoft\edge\application\124.0.2478.80\installer\setup.exe'},3976344
26b436b2-a4bf-88c2-97b4-ea293a3360ee,{'subject': 'c:\program files (x86)\microsoft\edge\application\124.0.2478.80\installer\setup.exe'},3976347
c776c9b4-305a-8c14-aa19-994864fecf54,{'subject': 'c:\program files (x86)\microsoft\edge\application\124.0.2478.80\installer\setup.exe'},3976499
440849f8-46b5-8956-a7d7-406738fc5251,{'subject': 'c:\program files (x86)\microsoft\edge\application\124.0.2478.80\installer\setup.exe'},3976805
4ee67e6c-8ad5-818e-a68b-4aab7c8e6cb7,{'subject': 'c:\windows\system32\ie4uinit.exe'},3982443
7084eeb6-096c-813f-a8b5-773a89d816b4,{'subject': 'c:\windows\system32\tstheme.exe'},3986283
8473ce9b-51dc-8eaa-a90d-dceab33d0307,{'subject': 'c:\windows\system32\settingsynchost.exe'},3986598
4aa1d4b7-2f24-8117-9dd4-dcef05a96310,{'subject': 'c:\windows\system32\fsquirt.exe'},3986900
765e9d05-80bc-8184-b613-1b7b7e7c0e0a,{'subject': 'c:\windows\syswow64\onedrivesetup.exe'},3989544
24c2b456-d7d0-863d-8d5e-746a814149d8,{'subject': 'c:\windows\syswow64\onedrivesetup.exe'},3989794
a76f8d1e-e49d-8b0f-850d-0a7669652fdc,{'subject': 'c:\program files (x86)\microsoft\edgewebview\application\124.0.2478.80\msedgewebview2.exe'},3990201
b8a31816-3fdf-80f5-8657-e8cccbd0ee85,{'subject': 'c:\program files (x86)\microsoft\edgewebview\application\124.0.2478.80\msedgewebview2.exe'},3990209
2a87d9c1-4fe3-8afc-8950-d41942f3ae76,{'subject': 'c:\program files (x86)\microsoft\edgewebview\application\124.0.2478.80\msedgewebview2.exe'},3990245
c57e5948-3688-8476-9980-daffecde372d,{'subject': 'c:\program files (x86)\microsoft\edgewebview\application\124.0.2478.80\msedgewebview2.exe'},3990250
070d60b3-6ebf-8dac-b7c3-197eeb27ddbf,{'subject': 'c:\program files (x86)\microsoft\edgewebview\application\124.0.2478.80\msedgewebview2.exe'},3990290
4217c403-87d3-8443-b4f7-6bd6988dbf22,{'subject': 'c:\program files (x86)\microsoft\edgewebview\application\124.0.2478.80\msedgewebview2.exe'},3990383
09e83057-2517-8916-89ca-3737a5329f82,{'subject': 'c:\program files (x86)\microsoft\edgewebview\application\124.0.2478.80\msedgewebview2.exe'},3990614
a22fe146-f0b3-8228-b2d6-b75a5736aeb9,{'subject': 'c:\program files (x86)\microsoft\edgewebview\application\124.0.2478.80\msedgewebview2.exe'},3990625
fc5ef186-a092-8080-a373-c0cd10883db6,{'subject': 'c:\programdata\microsoft\windows defender\platform\4.18.24030.9-0\mpdefendercoreservice.exe'},3992023
5a81c4f0-58e4-8ad5-af3e-f71842853933,{'subject': 'c:\program files (x86)\microsoft\edge\application\124.0.2478.80\elevation_service.exe'},3992859
33537a21-26ac-8efb-bc2c-d68f2106b4bb,{'subject': 'c:\program files\microsoft onedrive\24.086.0428.0003\filecoauth.exe'},3993371
1706946b-ba96-8885-9a4d-ff4382723ed7,{'subject': 'c:\windows\systemapps\microsoft.windows.sechealthui_cw5n1h2txyewy\sechealthui.exe'},3993467
9a6b3066-a8ae-8ace-8060-3981870919ca,{'subject': 'c:\windows\system32\sessionmsg.exe'},3995801
1eaca911-b8a6-89ed-8729-01db2861d106,{'subject': 'c:\windows\system32\tstheme.exe'},3995976
6e89d925-617c-899a-ad19-8d5077f8cee7,{'subject': 'c:\windows\system32\rdpclip.exe'},3996069
a42c99c9-ba8e-8fbd-8025-1e4ef7a19dae,{'subject': 'c:\windows\system32\tstheme.exe'},3998633
14a7dcf8-f832-8baf-a863-23d3ca8454e9,{'subject': 'c:\program files (x86)\google\googleupdater\126.0.6462.0\updater.exe'},4018635
e9bc6d2a-e2f0-899a-8de7-687caf261048,{'subject': 'c:\program files (x86)\google\googleupdater\126.0.6462.0\updater.exe'},4018639
4c2515b9-4415-84f9-8578-5c5e48ed60e8,{'subject': 'c:\program files (x86)\google\googleupdater\126.0.6462.0\updater.exe'},4018644
cf7df843-9b78-8827-8640-b8048652bad2,{'subject': 'c:\program files (x86)\google\googleupdater\126.0.6462.0\updater.exe'},4018646
1230c904-a0e9-8b20-93db-a0b1e28f01fe,{'subject': 'c:\program files (x86)\google\googleupdater\126.0.6462.0\updater.exe'},4018647
f1040b34-13fe-8508-b095-bfb21d909222,{'subject': 'c:\program files (x86)\google\googleupdater\126.0.6462.0\updater.exe'},4018649
620cc95b-7a9f-88a8-9d89-8181643f6849,{'subject': 'c:\program files (x86)\google\googleupdater\126.0.6462.0\updater.exe'},4018656
e50c11f8-24e9-8a25-8971-248fa202faf9,{'subject': 'c:\program files (x86)\google\googleupdater\126.0.6462.0\updater.exe'},4018663
30d14479-b203-8edd-be4d-17f34271db71,{'subject': 'c:\program files (x86)\google\googleupdater\126.0.6462.0\updater.exe'},4018664
c3166ab1-2830-8d5c-94e4-9d9a01b61cca,{'subject': 'c:\program files (x86)\microsoft\edgecore\124.0.2478.80\elevation_service.exe'},4018884
2a3836da-78e2-8131-9a82-160fa4a8cb61,{'subject': 'c:\program files (x86)\microsoft\edgecore\124.0.2478.80\identity_helper.exe'},4018901
a2ea29bc-4693-80e9-b0d7-4be2e78a1c81,{'subject': 'c:\program files (x86)\microsoft\edgecore\124.0.2478.80\identity_helper.exe'},4018907
e4f8ea6a-beee-8528-891d-6dffe875b3e6,{'subject': 'c:\program files\tightvnc\tvnserver.exe'},4019343
d8ec4967-5e23-8c7c-a9fa-c6e489879e8d,{'subject': 'c:\program files\tightvnc\tvnserver.exe'},4019344
16b6590c-c19d-8b16-9548-2919d7aef1b4,{'subject': 'c:\program files\tightvnc\tvnserver.exe'},4019347
87a7b0d7-5648-8d10-9406-425a945eeb2c,{'subject': 'c:\program files\tightvnc\tvnserver.exe'},4019558
5f2f803b-d5f5-81bc-bc63-735530d2a552,{'subject': 'c:\program files\windowsapps\microsoft.yourphone_1.24041.108.0_x64__8wekyb3d8bbwe\phoneexperiencehost.exe'},4019633
25006dfc-fa07-89db-8c8e-7e124d104339,{'subject': 'c:\windows\system32\wscript.exe'},4019702
632e9635-9495-8c6e-801e-8b1cc3466693,{'subject': 'c:\program files\tightvnc\tvnserver.exe'},4019708
2084eb7e-4266-82f4-aae1-7234d5b6e8da,{'subject': 'c:\program files (x86)\microsoft\edge\application\124.0.2478.80\elevation_service.exe'},4019819
6250c2a9-766e-89ec-99c5-8c4e328b313d,{'subject': 'c:\program files (x86)\microsoft\edge\application\124.0.2478.80\identity_helper.exe'},4019866
e927362f-f3b7-8796-9f11-9e87c83c4e95,{'subject': 'c:\program files (x86)\microsoft\edge\application\124.0.2478.80\identity_helper.exe'},4019900
2ad7645e-ad2f-8e1c-a21e-0b45e8d80f8d,{'subject': 'c:\users\obviouswombat.pangolin\appdata\local\microsoft\onedrive\24.076.0414.0005\filecoauth.exe'},4020045
fe14cabe-9a50-877f-9ffa-c654c8364041,{'subject': 'c:\program files\windowsapps\91750d7e.slack_4.38.115.0_x64__8she8kybcnzg4\app\slack.exe'},4020237
753728cb-bc3a-8c1b-9a7a-84d5c2538d1c,{'subject': 'c:\program files\windowsapps\91750d7e.slack_4.38.115.0_x64__8she8kybcnzg4\app\slack.exe'},4020245
527d62a8-626c-87ed-a053-448ab816b3cd,{'subject': 'c:\program files\windowsapps\91750d7e.slack_4.38.115.0_x64__8she8kybcnzg4\app\slack.exe'},4020252
b78764b4-b1ac-890d-9232-c22c3ee30486,{'subject': 'c:\program files\windowsapps\91750d7e.slack_4.38.115.0_x64__8she8kybcnzg4\app\slack.exe'},4020258
57a899ba-dad3-8340-9d85-dcb6f957365a,{'subject': 'c:\program files\windowsapps\91750d7e.slack_4.38.115.0_x64__8she8kybcnzg4\app\slack.exe'},4020262
1858bfdc-444e-89f4-ac65-41fd5e1ef5a7,{'subject': 'c:\program files\windowsapps\91750d7e.slack_4.38.115.0_x64__8she8kybcnzg4\app\slack.exe'},4020266
efbdd950-932c-8349-a444-3dc98b3c7bee,{'subject': 'c:\program files\windowsapps\91750d7e.slack_4.38.115.0_x64__8she8kybcnzg4\app\slack.exe'},4020283
efd496f7-dc7d-8fc4-96c3-fe662b5097cb,{'subject': 'c:\windows\system32\wscript.exe'},4020316
185e1492-6373-8d71-8e42-f33ec1740ab4,{'subject': 'c:\program files\windowsapps\91750d7e.slack_4.38.115.0_x64__8she8kybcnzg4\app\slack.exe'},4020357
a70a231a-9e15-88a6-8b6b-10c26d52cdcc,{'subject': 'c:\program files\windowsapps\91750d7e.slack_4.38.115.0_x64__8she8kybcnzg4\app\slack.exe'},4020358
e08d01bd-17f0-84c3-8a46-4627a41c16d3,{'subject': 'c:\program files\windowsapps\91750d7e.slack_4.38.115.0_x64__8she8kybcnzg4\app\slack.exe'},4020463
2ac05fb7-48e9-8c30-905d-a742320941e2,{'subject': 'c:\program files\windowsapps\91750d7e.slack_4.38.115.0_x64__8she8kybcnzg4\app\slack.exe'},4020465
ee0cc390-3ea6-8ebc-a5d0-8d395171215f,{'subject': 'c:\program files\google\chrome\application\124.0.6367.119\elevation_service.exe'},4021677
12f70818-443b-868d-b657-efc4688d8745,{'subject': 'c:\program files\tightvnc\tvnserver.exe'},4023930
f136ba35-c363-8b27-ba43-04493030ff2e,{'subject': 'c:\program files\windowsapps\microsoft.yourphone_1.24041.108.0_x64__8wekyb3d8bbwe\phoneexperiencehost.exe'},4023932
1e54adde-72ea-8a2a-b1aa-93f13a5f32a2,{'subject': 'c:\windows\system32\wscript.exe'},4024099
b5132cda-7b94-8837-a0cb-b318d0512c58,{'subject': 'c:\program files\tightvnc\tvnserver.exe'},4024104
be4b266e-7e35-8e42-a869-6af343d896ba,{'subject': 'c:\program files (x86)\microsoft\edge\application\124.0.2478.80\elevation_service.exe'},4024209
b132d7ed-dfbf-8343-a4dc-848677101425,{'subject': 'c:\program files (x86)\microsoft\edge\application\124.0.2478.80\identity_helper.exe'},4024240
3878e7ad-df1d-83dc-8d95-6fdd44592ad4,{'subject': 'c:\program files (x86)\microsoft\edge\application\124.0.2478.80\identity_helper.exe'},4024271
d7cbe6b3-d46b-8c1b-b6e0-f6b9d728c37b,{'subject': 'c:\windows\softwaredistribution\download\install\am_delta_patch_1.411.32.0.exe'},4024459
6bb5b11d-dfb7-8e01-b185-9f3cf2b19305,{'subject': 'c:\program files\windowsapps\91750d7e.slack_4.38.115.0_x64__8she8kybcnzg4\app\slack.exe'},4024471
ad0433cb-2bbc-81cd-b42b-9c5095ca0b60,{'subject': 'c:\program files\windowsapps\91750d7e.slack_4.38.115.0_x64__8she8kybcnzg4\app\slack.exe'},4024480
06d3a309-4078-88eb-a924-871e6f8273a3,{'subject': 'c:\windows\systemapps\microsoft.windows.sechealthui_cw5n1h2txyewy\sechealthui.exe'},4024493
0bc8cdd6-ffed-8dc5-9cdb-012cfe8c7de9,{'subject': 'c:\program files\windowsapps\91750d7e.slack_4.38.115.0_x64__8she8kybcnzg4\app\slack.exe'},4024495
284db8df-1907-8005-98e0-2ae0a25a2b15,{'subject': 'c:\program files\windowsapps\91750d7e.slack_4.38.115.0_x64__8she8kybcnzg4\app\slack.exe'},4024506
7db180df-b78b-8686-89b5-a1b47e0733ec,{'subject': 'c:\program files\windowsapps\91750d7e.slack_4.38.115.0_x64__8she8kybcnzg4\app\slack.exe'},4024513
bb374e60-5bb5-80c6-a2e4-e689ab63b4c8,{'subject': 'c:\program files\windowsapps\91750d7e.slack_4.38.115.0_x64__8she8kybcnzg4\app\slack.exe'},4024531
6de4e960-062b-8ab5-bb3f-6c5722b1c4ab,{'subject': 'c:\program files\windowsapps\91750d7e.slack_4.38.115.0_x64__8she8kybcnzg4\app\slack.exe'},4024612
196ce9f5-87cd-8287-9310-a6e102430981,{'subject': 'c:\program files\windowsapps\91750d7e.slack_4.38.115.0_x64__8she8kybcnzg4\app\slack.exe'},4024684
4f92f921-9d4e-8da7-8fef-ade4d861cb3c,{'subject': 'c:\users\administrator\appdata\local\temp\82942a0f-a64e-452b-8fcc-9b85ee8851ee\dismhost.exe'},4024924
b41322fb-0ce4-897f-95c6-96c6ea66d80e,{'subject': 'c:\users\buzzingporpoise.pangolin\appdata\local\temp\790b56a1-7343-4988-9640-71367a5addce\dismhost.exe'},4024925
9680d10e-7e22-8dac-a5b7-f0804f54de4b,{'subject': 'c:\users\obviouswombat.pangolin\appdata\local\microsoft\onedrive\24.076.0414.0005\filecoauth.exe'},4024960
f095d58f-da25-84c3-a3ff-71a6fd109b92,{'subject': 'c:\windows\system32\wscript.exe'},4025357
c6eb0742-95a5-8831-864c-827ef44a531d,{'subject': 'c:\program files\windowsapps\microsoft.windowscommunicationsapps_16005.14326.21888.0_x64__8wekyb3d8bbwe\hxcalendarappimm.exe'},4025516
c8ec0a43-a0e8-82f7-b26b-7ecfda7b6060,{'subject': 'c:\program files\windowsapps\91750d7e.slack_4.38.115.0_x64__8she8kybcnzg4\app\slack.exe'},4025737
56b2e637-b4cc-8080-98c5-e21137db29a6,{'subject': 'c:\program files\tightvnc\tvnserver.exe'},4026067
26671b03-1152-80dd-bbcb-aa75ae362263,{'subject': 'c:\users\administrator\appdata\local\temp\07ee533d-3fc5-4e0d-8f89-64a50cda0300\dismhost.exe'},4026370
6d5eea68-30df-8e1a-b66a-cb35d8be8be5,{'subject': 'c:\users\buzzingporpoise.pangolin\appdata\local\temp\76407bf7-bea5-4343-97b8-c9209f08780d\dismhost.exe'},4026372
3e2d076e-22ab-80c5-a1c1-b49ba2200f4c,{'subject': 'c:\program files\windowsapps\microsoft.windowsterminal_1.19.11213.0_x64__8wekyb3d8bbwe\openconsole.exe'},4026385
8259f731-6230-85df-bb53-5d011bb09a05,{'subject': 'c:\program files\windowsapps\microsoft.windowsterminal_1.19.11213.0_x64__8wekyb3d8bbwe\openconsole.exe'},4026389
2e2db07e-e909-8f14-9d04-5457b95f4a1c,{'subject': 'c:\program files\windowsapps\microsoft.windowsterminal_1.19.11213.0_x64__8wekyb3d8bbwe\windowsterminal.exe'},4026394
f933d5f4-5b0b-87f9-96c6-46709b8430e4,{'subject': 'c:\program files\windowsapps\microsoft.windowsterminal_1.19.11213.0_x64__8wekyb3d8bbwe\windowsterminal.exe'},4026395
325b2918-4128-89ec-92fa-42d5e27fb824,{'subject': 'c:\windows\system32\dataexchangehost.exe'},4026506
85e4b759-0735-8665-bb79-804ab0908c19,{'subject': 'c:\program files (x86)\google\googleupdater\126.0.6462.0\updater.exe'},4027373
a0a70e59-68e5-86af-8d8e-3da8c0642e60,{'subject': 'c:\program files (x86)\google\googleupdater\126.0.6462.0\updater.exe'},4027378
897f2763-ed34-8968-908d-a8cca46775e3,{'subject': 'c:\program files (x86)\google\googleupdater\126.0.6462.0\updater.exe'},4027381
2bf6c585-0918-8477-9df2-c364aa02a78f,{'subject': 'c:\program files (x86)\google\googleupdater\126.0.6462.0\updater.exe'},4027387
867138c7-a10c-883a-a1ff-667b49b3d745,{'subject': 'c:\program files (x86)\google\googleupdater\126.0.6462.0\updater.exe'},4027388
eb0cecf6-3140-8822-b616-dab5b3004261,{'subject': 'c:\program files (x86)\google\googleupdater\126.0.6462.0\updater.exe'},4027390
6fe33837-7493-8ba2-8d03-a28f2c83b38c,{'subject': 'c:\program files (x86)\google\googleupdater\126.0.6462.0\updater.exe'},4027397
bf6ad77b-243b-888d-9edb-501b6ba1cd25,{'subject': 'c:\windows\system32\openssh\scp.exe'},4027407
3b5e5123-f7ef-8d8b-bc57-05a87183b5cd,{'subject': 'c:\windows\system32\openssh\scp.exe'},4027422
a2f26081-8106-8abf-a843-acb537401761,{'subject': 'c:\program files (x86)\google\googleupdater\126.0.6462.0\updater.exe'},4027427
cd79af7a-b35d-8fc4-9cf4-c7f62e71ef2d,{'subject': 'c:\program files (x86)\google\googleupdater\126.0.6462.0\updater.exe'},4027428
dc2a6120-eae5-8cd6-81ea-44a9c9e8769e,{'subject': 'c:\windows\softwaredistribution\download\install\am_delta_patch_1.411.48.0.exe'},4027804
45bd0571-4fe9-8e14-a1b0-8ba8411c1ab4,{'subject': 'c:\programdata\microsoft\windows defender\platform\4.18.24030.9-0\mpdefendercoreservice.exe'},4027838
ae3b4e93-160d-88e7-b531-845fb50d6a6a,{'subject': 'c:\windows\system32\inputswitchtoasthandler.exe'},4027989
1a80fb11-09bb-8f4a-9dc3-c87039be8c09,{'subject': 'c:\users\buzzingporpoise.pangolin\appdata\local\temp\6a0e613b-8d2a-4ab9-b819-0b29a4b0ba3e\dismhost.exe'},4028247
4c6b4ff1-da5d-899f-a2b8-ec49aaf87b46,{'subject': 'c:\users\buzzingporpoise.pangolin\appdata\local\temp\f12d4f7b-b04b-4a61-a10a-3e59ec5789ff\dismhost.exe'},4028304
43825d8b-2e3c-88d0-8ef1-4277bcff83c3,{'subject': 'c:\windows\system32\ping.exe'},4031311
2911c08a-060c-83ca-802c-bbf6a9c89163,{'subject': 'c:\users\buzzingporpoise.pangolin\appdata\local\temp\e11e2635-506b-485b-9613-acbd3dcab4a9\dismhost.exe'},4031401
304b37be-94e9-8af8-96b8-c59b3d8051da,{'subject': 'c:\users\buzzingporpoise.pangolin\appdata\local\temp\78edbbd1-e245-4556-a136-3b079ee06934\dismhost.exe'},4031460
4eb4bfb1-0395-8774-ad5d-2a7a7cc21d03,{'subject': 'c:\users\buzzingporpoise.pangolin\appdata\local\temp\ebc0860a-83a8-4e3b-b777-fe15480695ef\dismhost.exe'},4034418
9833208a-670e-89ed-bdc0-11f09fa107f4,{'subject': 'c:\windows\system32\openssh\ssh-keygen.exe'},4036521
50fd84d2-c577-8b4f-9f0e-4f0123794bab,{'subject': 'c:\program files\windowsapps\microsoft.yourphone_1.24041.108.0_x64__8wekyb3d8bbwe\phoneexperiencehost.exe'},4036779
383eeafd-ca5e-8f68-8d70-27544af329d4,{'subject': 'c:\program files (x86)\microsoft\edge\application\124.0.2478.80\identity_helper.exe'},4037078
d60a23f7-6f86-8b16-9ed7-05c7dc400883,{'subject': 'c:\program files (x86)\microsoft\edge\application\124.0.2478.80\identity_helper.exe'},4037098
80d71773-7120-88b4-8c07-c0ecc85df063,{'subject': 'c:\windows\system32\openssh\scp.exe'},4037411
22241499-9812-8175-8137-7b5df3d87c36,{'subject': 'c:\windows\system32\openssh\scp.exe'},4037467
68fd1ee1-dfff-8fab-b7d4-d86c5b71ac16,{'subject': 'c:\program files (x86)\microsoft\edge\application\124.0.2478.80\elevation_service.exe'},4038597
67cdd666-570a-8d69-891f-01ec1dac8764,{'subject': 'c:\users\inspiringrobin.pangolin\appdata\local\microsoft\onedrive\24.076.0414.0005\filecoauth.exe'},4039935
d420b470-4bcb-8e71-9bc6-a648d2686357,{'subject': 'c:\programdata\microsoft\windows defender\platform\4.18.24030.9-0\mpdefendercoreservice.exe'},4040078
52f5199f-18ce-8a3a-9469-d10af1e8eb69,{'subject': 'c:\program files (x86)\microsoft\edge\application\124.0.2478.80\elevation_service.exe'},4041334
a2815c2e-dfc6-8f72-a05e-1c3002257ae3,{'subject': 'c:\program files\microsoft onedrive\24.086.0428.0003\filecoauth.exe'},4041953
51611612-52db-8de2-8efd-0c25f270731b,{'subject': 'c:\program files (x86)\microsoft\edge\application\124.0.2478.80\elevation_service.exe'},4042229
4f2a55c1-4f52-811c-9ad7-ca394b3ef391,{'subject': 'c:\program files\microsoft onedrive\24.086.0428.0003\filecoauth.exe'},4042365
327f7ca9-ee6f-831a-af16-640832d5758e,{'subject': 'c:\windows\system32\openssh\ssh-keygen.exe'},4045051
da4986c8-42e4-809a-8379-dc0d58ac3ca5,{'subject': 'c:\programdata\microsoft\windows defender\platform\4.18.24030.9-0\mpdefendercoreservice.exe'},4046512
4f3d46ee-5b53-852c-92cd-fbaa08956847,{'subject': 'c:\program files (x86)\microsoft\edge\application\124.0.2478.80\elevation_service.exe'},4046735
8571c286-2338-8228-b5af-5c75b7c61507,{'subject': 'c:\program files\microsoft onedrive\24.086.0428.0003\filecoauth.exe'},4046821
e2d7e393-20c9-834b-be2c-a6d44c842b81,{'subject': 'c:\program files\microsoft onedrive\24.086.0428.0003\filecoauth.exe'},4047342
4efd91be-7b0e-866c-b226-9340aac937f7,{'subject': 'c:\users\public\java-update.exe'},4048050
448a976c-cb42-8de0-a18c-da3478fb9f23,{'subject': 'c:\windows\systemapps\microsoft.windows.sechealthui_cw5n1h2txyewy\sechealthui.exe'},4048686
439406ef-3012-8168-a882-cc9ec63f3e0d,{'subject': 'c:\windows\systemapps\microsoft.windows.sechealthui_cw5n1h2txyewy\sechealthui.exe'},4049009
0c66d373-74fd-84c3-b1d0-4362a6508c3b,{'subject': 'c:\program files\windowsapps\microsoft.windowsstore_22403.1401.5.0_x64__8wekyb3d8bbwe\winstore.app.exe'},4049081
9777713b-8194-82c3-833f-8f5280fc8dd8,{'subject': 'c:\program files\windowsapps\microsoft.windowsstore_22403.1401.5.0_x64__8wekyb3d8bbwe\winstore.app.exe'},4049131
50c435a0-694d-832d-a975-64d60ca8affa,{'subject': 'c:\program files (x86)\microsoft\edge\application\124.0.2478.80\elevation_service.exe'},4050253
2f5fd2e5-699a-86cb-b063-5a2e9608d7bc,{'subject': 'c:\windows\systemapps\microsoft.windows.sechealthui_cw5n1h2txyewy\sechealthui.exe'},4054247
1744b28e-90ea-8ad3-805f-0458766f6b9d,{'subject': 'c:\windows\systemapps\microsoft.windows.sechealthui_cw5n1h2txyewy\sechealthui.exe'},4054320
bbab1ffa-a1e5-8033-9d14-a14f652fd8e3,{'subject': 'c:\windows\system32\configure-smremoting.exe'},4054527
96ccd25f-b38b-82f7-bf51-3fe37ee93872,{'subject': 'c:\windows\system32\configure-smremoting.exe'},4054540
08a3e9a3-378f-8ce0-b073-586636c7f804,{'subject': 'c:\windows\system32\configure-smremoting.exe'},4055284
1339fbfa-5fa4-8936-89d0-01328c72ac9a,{'subject': 'c:\windows\system32\configure-smremoting.exe'},4055303
f30264f6-0ebe-8e35-9e96-36840bc30653,{'subject': 'c:\windows\system32\configure-smremoting.exe'},4055404
17159c2d-4283-8e2b-8fe5-e726195a95b2,{'subject': 'c:\windows\system32\configure-smremoting.exe'},4055420
5bd1d60a-57c8-8a6c-8669-a45b70c83f91,{'subject': 'c:\windows\system32\configure-smremoting.exe'},4055543
7840c70b-a8a1-8984-a095-b1e9b3fc19ff,{'subject': 'c:\windows\system32\configure-smremoting.exe'},4055557
2ec02e5c-af0c-86ff-ab35-9e9ccfbb7ee0,{'subject': 'c:\windows\system32\configure-smremoting.exe'},4055646
98fbdbe5-b267-879d-ac48-babaaba4e95e,{'subject': 'c:\windows\system32\configure-smremoting.exe'},4055658
5b70cb80-1981-8776-8aaf-25847cac0c17,{'subject': 'c:\windows\system32\configure-smremoting.exe'},4055748
ee7b21ab-ff12-8586-b6db-3b62d7dac158,{'subject': 'c:\windows\system32\configure-smremoting.exe'},4055756
5e11b312-61c7-872d-898b-cd38c2b9704e,{'subject': 'c:\program files (x86)\google\googleupdater\126.0.6462.0\updater.exe'},4056453
f6cd9902-fbe3-886a-b3ef-d50ddad3fca2,{'subject': 'c:\program files (x86)\google\googleupdater\126.0.6462.0\updater.exe'},4056455
0fbc5582-c157-8391-87bf-008fe956a7a8,{'subject': 'c:\program files (x86)\google\googleupdater\126.0.6462.0\updater.exe'},4056464
8d0b1d7f-f5a5-8671-909e-92dc01e5e024,{'subject': 'c:\program files (x86)\google\googleupdater\126.0.6462.0\updater.exe'},4056468
8397f8f2-d06d-8c2a-b542-fee33a7824b3,{'subject': 'c:\program files (x86)\google\googleupdater\126.0.6462.0\updater.exe'},4056473
8702e927-f551-8492-bad3-b02b51609922,{'subject': 'c:\program files (x86)\google\googleupdater\126.0.6462.0\updater.exe'},4056481
1ff4943c-1120-82d3-b895-6f19301841ef,{'subject': 'c:\program files (x86)\google\googleupdater\126.0.6462.0\updater.exe'},4056532
865d506d-d9c0-84da-9486-62849f5fac97,{'subject': 'c:\program files (x86)\google\googleupdater\126.0.6462.0\updater.exe'},4056533
b5a1a46b-c91d-8675-a1bd-02de52a9d0cc,{'subject': 'c:\program files\windowsapps\91750d7e.slack_4.38.115.0_x64__8she8kybcnzg4\app\slack.exe'},4056554
e7635298-bd5a-8dae-8b48-2cdd22d1e5fd,{'subject': 'c:\program files\windowsapps\microsoft.windowsterminal_1.19.11213.0_x64__8wekyb3d8bbwe\windowsterminal.exe'},4056812
12ff0a21-d635-8ebb-be20-1f5b382a69c2,{'subject': 'c:\program files\windowsapps\microsoft.windowsterminal_1.19.11213.0_x64__8wekyb3d8bbwe\windowsterminal.exe'},4056813
dc4c05d2-f4cb-834f-878a-011ff6650d74,{'subject': 'c:\program files\windowsapps\microsoft.windowsterminal_1.19.11213.0_x64__8wekyb3d8bbwe\openconsole.exe'},4056821
278d3fdb-828b-8ca7-9992-c8998af48815,{'subject': 'c:\program files\windowsapps\microsoft.outlookforwindows_1.2024.501.300_x64__8wekyb3d8bbwe\olk.exe'},4057055
ee935a98-a175-8d4f-875e-7025bed99d3a,{'subject': 'c:\program files\windowsapps\microsoft.outlookforwindows_1.2024.501.300_x64__8wekyb3d8bbwe\olk.exe'},4057057
5a581373-f363-8cf9-aaf9-766607a5c97b,{'subject': 'c:\program files (x86)\microsoft\edgewebview\application\124.0.2478.80\msedgewebview2.exe'},4057070
1a5d28af-1c77-870e-89c3-1e083608074e,{'subject': 'c:\program files (x86)\microsoft\edgewebview\application\124.0.2478.80\msedgewebview2.exe'},4057071
f7c83711-ca25-8861-adb6-e96291ab0b1a,{'subject': 'c:\program files (x86)\microsoft\edgewebview\application\124.0.2478.80\msedgewebview2.exe'},4057073
aae2964f-dfbe-83be-a467-da6564dd29c9,{'subject': 'c:\program files (x86)\microsoft\edgewebview\application\124.0.2478.80\msedgewebview2.exe'},4057079
fe36b586-9e88-8aa1-9383-edf5ad9f9255,{'subject': 'c:\program files (x86)\microsoft\edgewebview\application\124.0.2478.80\msedgewebview2.exe'},4057082
fb12bd36-dcf8-8e0f-a554-8f015b5585a9,{'subject': 'c:\program files (x86)\microsoft\edgewebview\application\124.0.2478.80\msedgewebview2.exe'},4057108
edda9865-c600-8e29-9cc1-9310000074ba,{'subject': 'c:\program files (x86)\microsoft\edgewebview\application\124.0.2478.80\msedgewebview2.exe'},4057122
724e1ca0-27bc-851e-acca-360366311d8c,{'subject': 'c:\program files (x86)\microsoft\edgewebview\application\124.0.2478.80\msedgewebview2.exe'},4057133
f4139261-e608-88a5-a414-fc7a20591e4c,{'subject': 'c:\program files (x86)\microsoft\edgewebview\application\124.0.2478.80\msedgewebview2.exe'},4057335
cdee381c-1612-8538-9f75-d40cae5ec253,{'subject': 'c:\program files\windowsapps\microsoft.outlookforwindows_1.2024.501.300_x64__8wekyb3d8bbwe\xpdagent.exe'},4058341
37942b2b-8c36-85ac-b24e-18ba07f0b18a,{'subject': 'c:\program files (x86)\microsoft\edgewebview\application\124.0.2478.80\msedgewebview2.exe'},4058347
74ecf877-ee3d-8533-aee9-2b9c27647527,{'subject': 'c:\program files\windowsapps\microsoft.outlookforwindows_1.2024.501.300_x64__8wekyb3d8bbwe\xpdagent.exe'},4058371
c6f8f381-8529-887f-bd6d-4f10bccff615,{'subject': 'c:\program files\windowsapps\microsoft.outlookforwindows_1.2024.501.300_x64__8wekyb3d8bbwe\xpdagent.exe'},4058372
b9940b80-367c-849e-962c-656501c8eabe,{'subject': 'c:\program files\windowsapps\microsoft.outlookforwindows_1.2024.501.300_x64__8wekyb3d8bbwe\xpdagent.exe'},4058398
175b1a95-fa18-81d4-9b14-494218aae9ac,{'subject': 'c:\program files (x86)\google\googleupdater\126.0.6462.0\updater.exe'},4059332
f2ad5ffe-a0b8-89b7-926c-96f2b3a53c36,{'subject': 'c:\program files (x86)\google\googleupdater\126.0.6462.0\updater.exe'},4059336
e0779514-6d91-82d1-a5ca-3bffcee68a9e,{'subject': 'c:\program files (x86)\google\googleupdater\126.0.6462.0\updater.exe'},4059341
14ee4e00-532a-87c9-b3a1-09254665b348,{'subject': 'c:\program files (x86)\google\googleupdater\126.0.6462.0\updater.exe'},4059345
8cbe8e64-35b6-807f-a0a7-9b8de2159602,{'subject': 'c:\program files (x86)\google\googleupdater\126.0.6462.0\updater.exe'},4059348
4477f6a2-21a2-8496-b224-025c1fe3e743,{'subject': 'c:\program files (x86)\google\googleupdater\126.0.6462.0\updater.exe'},4059350
2003a702-63b5-8cee-8f1a-a836bdd5605a,{'subject': 'c:\program files (x86)\google\googleupdater\126.0.6462.0\updater.exe'},4059360
66ecc180-f42e-81ca-855d-25a452d120a4,{'subject': 'c:\program files (x86)\microsoft\edgewebview\application\124.0.2478.80\msedgewebview2.exe'},4062047
ce589c7b-84a8-89f3-97af-68a255b49d1e,{'subject': 'c:\program files\windowsapps\microsoft.outlookforwindows_1.2024.501.300_x64__8wekyb3d8bbwe\olk.exe'},4062056
678cad30-140f-8d30-a6a2-34b918fd4589,{'subject': 'c:\program files (x86)\microsoft\edge\application\124.0.2478.80\elevation_service.exe'},4064302
b3d56369-d83b-8512-ab92-e8d5e3dbe002,{'subject': 'c:\program files\windowsapps\microsoft.outlookforwindows_1.2024.501.300_x64__8wekyb3d8bbwe\olk.exe'},4065233
1587b86d-dc52-8ede-9311-8c23a884f21c,{'subject': 'c:\program files\windowsapps\microsoft.outlookforwindows_1.2024.501.300_x64__8wekyb3d8bbwe\olk.exe'},4065238
e836b50e-028d-86f2-9006-fd5d8292517c,{'subject': 'c:\program files (x86)\microsoft\edgewebview\application\124.0.2478.80\msedgewebview2.exe'},4065249
75a031c6-93d5-805a-9c21-20e95d22f83b,{'subject': 'c:\program files (x86)\microsoft\edgewebview\application\124.0.2478.80\msedgewebview2.exe'},4065250
f329abb7-a65d-856d-9461-12d8494df718,{'subject': 'c:\program files (x86)\microsoft\edgewebview\application\124.0.2478.80\msedgewebview2.exe'},4065254
17564334-0d00-8607-8612-e64692ed8de6,{'subject': 'c:\program files (x86)\microsoft\edgewebview\application\124.0.2478.80\msedgewebview2.exe'},4065265
74830df4-3094-8df9-9742-cb1a67cdf100,{'subject': 'c:\program files (x86)\microsoft\edgewebview\application\124.0.2478.80\msedgewebview2.exe'},4065270
c3ca7a02-7336-87ec-b137-f9652682c830,{'subject': 'c:\program files (x86)\microsoft\edgewebview\application\124.0.2478.80\msedgewebview2.exe'},4065370
7ea7df33-e961-8d0c-b2a1-af03dffb53b2,{'subject': 'c:\program files (x86)\microsoft\edgewebview\application\124.0.2478.80\msedgewebview2.exe'},4065500
e9d8ca61-e4f1-8006-9c63-f516539bd607,{'subject': 'c:\program files (x86)\microsoft\edgewebview\application\124.0.2478.80\msedgewebview2.exe'},4065714
a01c79df-aa03-8fe4-996b-0113e975b41f,{'subject': 'c:\program files (x86)\microsoft\edgewebview\application\124.0.2478.80\msedgewebview2.exe'},4066829
93d20ff0-02c3-829d-9b06-7caa4dc764df,{'subject': 'c:\program files (x86)\microsoft\edgewebview\application\124.0.2478.80\msedgewebview2.exe'},4066898
82d99f9a-50e8-83a7-ae02-5acf2dfa5e4b,{'subject': 'c:\program files (x86)\microsoft\edgewebview\application\124.0.2478.80\msedgewebview2.exe'},4067082
4065ccf4-006c-8443-8b76-50caad28ddef,{'subject': 'c:\program files (x86)\microsoft\edgewebview\application\124.0.2478.80\msedgewebview2.exe'},4067084
ca9d60c5-295a-8ca7-beb3-157ada1f0e1f,{'subject': 'c:\program files (x86)\google\googleupdater\126.0.6462.0\updater.exe'},4067517
b48d052f-1f01-8926-83ec-a9f84e0180b0,{'subject': 'c:\program files (x86)\google\googleupdater\126.0.6462.0\updater.exe'},4067524
8bba5464-70bb-845f-8830-f8482cd27b4e,{'subject': 'c:\program files (x86)\google\googleupdater\126.0.6462.0\updater.exe'},4067532
485840d7-ee0b-863a-94c3-9c6c52ece689,{'subject': 'c:\program files (x86)\google\googleupdater\126.0.6462.0\updater.exe'},4067535
7bf7cb22-848a-805f-ad3e-d1dac5484935,{'subject': 'c:\program files (x86)\google\googleupdater\126.0.6462.0\updater.exe'},4067536
7bbd84b1-b554-8f6a-baf7-88d21671544c,{'subject': 'c:\program files (x86)\google\googleupdater\126.0.6462.0\updater.exe'},4067539
d12e0c9a-e72a-87a9-85e0-1554c42354f1,{'subject': 'c:\windows\systemtemp\chrome_unpacker_beginunzipping15696_1898668380\124.0.6367.201_124.0.6367.119_chrome_updater.exe'},4067579
d04d9ed4-f06a-8ba1-84ed-22454903deac,{'subject': 'c:\program files\google\chrome\application\124.0.6367.119\installer\setup.exe'},4067583
d4e8ad33-2bae-862e-a91e-9be3813949e2,{'subject': 'c:\program files\google\chrome\application\124.0.6367.119\installer\setup.exe'},4067586
4fb93123-b02e-8273-9c51-0061ec6d590e,{'subject': 'c:\program files\google\chrome\application\124.0.6367.119\installer\setup.exe'},4067600
2d42bf8a-8164-84c4-99bd-1f51af5a7b47,{'subject': 'c:\windows\systemtemp\chrome_unpacker_beginunzipping15696_1898668380\cr_03226.tmp\setup.exe'},4067604
1c8f0b33-e291-8410-b55d-3a98ce186de2,{'subject': 'c:\windows\systemtemp\chrome_unpacker_beginunzipping15696_1898668380\cr_03226.tmp\setup.exe'},4067607
815f06f7-abf3-8c26-8534-42a302aab7ce,{'subject': 'c:\windows\systemtemp\chrome_unpacker_beginunzipping15696_1898668380\cr_03226.tmp\setup.exe'},4068038
180534fb-1112-85d7-95d3-754e1614920f,{'subject': 'c:\windows\systemtemp\chrome_unpacker_beginunzipping15696_1898668380\cr_03226.tmp\setup.exe'},4068040
131fa92f-bd6c-8d8d-ab47-0a420b96402e,{'subject': 'c:\windows\systemtemp\chrome_unpacker_beginunzipping15696_1898668380\cr_03226.tmp\setup.exe'},4068044
93f64401-fad8-863c-9595-7c5ba8788026,{'subject': 'c:\windows\systemtemp\chrome_unpacker_beginunzipping15696_1898668380\cr_03226.tmp\setup.exe'},4068048
b37c8983-226a-8fb4-8c5a-09ae8feda20d,{'subject': 'c:\program files (x86)\google\googleupdater\126.0.6462.0\updater.exe'},4068094
559f4629-719a-815a-98d2-92bc87cc5b77,{'subject': 'c:\program files (x86)\google\googleupdater\126.0.6462.0\updater.exe'},4068110
f77b78e1-8446-8b13-83fe-55e57e551fba,{'subject': 'c:\program files (x86)\google\googleupdater\126.0.6462.0\updater.exe'},4068112
9c7dc695-dfcb-8102-a569-c2966852d8d8,{'subject': 'c:\program files\windowsapps\microsoft.outlookforwindows_1.2024.501.300_x64__8wekyb3d8bbwe\olk.exe'},4068676
a31c517a-c53b-8a7d-b979-a933838b006f,{'subject': 'c:\program files\windowsapps\microsoft.outlookforwindows_1.2024.501.300_x64__8wekyb3d8bbwe\olk.exe'},4068678
393f26e2-8111-8f34-886b-276d1d8afbf4,{'subject': 'c:\program files (x86)\microsoft\edgewebview\application\124.0.2478.80\msedgewebview2.exe'},4068690
0eb2a06f-0511-8fa5-aa68-d54dbadecb41,{'subject': 'c:\program files (x86)\microsoft\edgewebview\application\124.0.2478.80\msedgewebview2.exe'},4068691
341a1293-ac23-81f1-b9e7-8ed20fc8bc80,{'subject': 'c:\program files (x86)\microsoft\edgewebview\application\124.0.2478.80\msedgewebview2.exe'},4068692
bef3c99f-c2fd-81f0-8881-dc833e9acc1e,{'subject': 'c:\program files (x86)\microsoft\edgewebview\application\124.0.2478.80\msedgewebview2.exe'},4068707
434069b9-248a-8828-bc6b-5fab99ccdbbb,{'subject': 'c:\program files (x86)\microsoft\edgewebview\application\124.0.2478.80\msedgewebview2.exe'},4068710
5f0313da-a123-8296-82a3-544862fc52b8,{'subject': 'c:\program files (x86)\microsoft\edgewebview\application\124.0.2478.80\msedgewebview2.exe'},4068740
469bf4c4-800e-8e53-a679-c52c34fa86fa,{'subject': 'c:\program files (x86)\microsoft\edgewebview\application\124.0.2478.80\msedgewebview2.exe'},4068897
3ef9d03f-a047-8431-8aa1-23b43772bdf1,{'subject': 'c:\program files (x86)\microsoft\edgewebview\application\124.0.2478.80\msedgewebview2.exe'},4069111
b87713c5-b8d2-8a2f-bd04-1c55c5694755,{'subject': 'c:\program files (x86)\microsoft\edgewebview\application\124.0.2478.80\msedgewebview2.exe'},4070188
82a2555f-285c-871f-a338-4777b192d957,{'subject': 'c:\program files (x86)\microsoft\edgewebview\application\124.0.2478.80\msedgewebview2.exe'},4070321
847eb2c8-8ead-81de-ac94-df3f419816c9,{'subject': 'c:\program files\windowsapps\microsoft.outlookforwindows_1.2024.501.300_x64__8wekyb3d8bbwe\xpdagent.exe'},4071833
0377c7c1-8206-86ea-8e75-f5370f6b23e6,{'subject': 'c:\program files\windowsapps\microsoft.outlookforwindows_1.2024.501.300_x64__8wekyb3d8bbwe\xpdagent.exe'},4071837
f6fc500e-f5ef-8433-967b-6cf823562659,{'subject': 'c:\program files\tightvnc\tvnserver.exe'},4071909
3076fb88-6509-806e-b766-0a898f917bc6,{'subject': 'c:\program files\tightvnc\tvnserver.exe'},4071929
25c27e06-f868-83fe-b31b-0f8ed70d707e,{'subject': 'c:\program files\tightvnc\hookldr.exe'},4071936
32f07bc4-a61e-8fb6-a850-7f0bb9361c9e,{'subject': 'c:\program files\tightvnc\hookldr.exe'},4071942
9fbc44cb-0f9e-82cf-938a-ed4fe4cda542,{'subject': 'c:\program files\tightvnc\tvnserver.exe'},4071943
5e104b70-7bfa-817a-ad02-5c9390d0f9be,{'subject': 'c:\program files\tightvnc\tvnserver.exe'},4071944
46174d9e-d75e-805a-bc3b-9d81aaf296d3,{'subject': 'c:\program files\tightvnc\tvnserver.exe'},4071949
18392335-f5e8-815c-8369-d7aaa45e0ede,{'subject': 'c:\program files\tightvnc\tvnserver.exe'},4071953
c3f0c36b-9475-8d66-b5f8-59d8be2aacc8,{'subject': 'c:\program files\tightvnc\tvnserver.exe'},4071954
1c0cfbea-8338-8060-8b81-37fa62a99777,{'subject': 'c:\program files\tightvnc\tvnserver.exe'},4071955
68b665eb-a78d-86e6-87b8-7762fc8aba20,{'subject': 'c:\windows\softwaredistribution\download\install\am_delta_patch_1.411.32.0.exe'},4076419
826c8e96-0643-86fc-a63e-ee853be63fc5,{'subject': 'c:\program files\windowsapps\microsoft.desktopappinstaller_1.22.11261.0_x64__8wekyb3d8bbwe\windowspackagemanagerserver.exe'},4077047
38fdf44b-85e1-8abf-bd63-5f2256c0d193,{'subject': 'c:\program files\windowsapps\microsoft.desktopappinstaller_1.22.11261.0_x64__8wekyb3d8bbwe\windowspackagemanagerserver.exe'},4077065
ef177640-c29b-8424-96ef-233f56b818ca,{'subject': 'c:\users\inspiringrobin.pangolin\appdata\local\temp\f418ca47-f38c-4b3b-8594-78e5ece396bf\dismhost.exe'},4077183
9b825114-fb84-81c1-a26a-160bec8fc85e,{'subject': 'c:\program files\windowsapps\microsoft.desktopappinstaller_1.22.11261.0_x64__8wekyb3d8bbwe\windowspackagemanagerserver.exe'},4077240
e1a17408-2dd5-8789-868e-77657a899463,{'subject': 'c:\program files (x86)\microsoft\edge\application\124.0.2478.80\elevation_service.exe'},4078727
12e29777-cb56-83b0-a122-3a0c20d43ccf,{'subject': 'c:\program files (x86)\microsoft\edge\application\124.0.2478.80\identity_helper.exe'},4078735
f720a7a2-f0bf-8c49-aed7-9bbf7656a9c4,{'subject': 'c:\program files (x86)\microsoft\edge\application\124.0.2478.80\identity_helper.exe'},4078755
296395cd-692e-84cd-96ee-6137f7f3d5b3,{'subject': 'c:\windows\temp\057ac1c2-fe2b-4a49-a2bc-6d246010e0bd\dismhost.exe'},4079943
e059d10d-8d76-8748-a534-5f8d780d78a7,{'subject': 'c:\users\administrator\appdata\local\temp\6c105edc-b1e0-4ec3-b7c1-c0ae12cfe8c4\dismhost.exe'},4080181
cf5779ef-7738-8c2d-abb3-9f2e2488bc97,{'subject': 'c:\program files\windowsapps\microsoft.yourphone_1.24041.108.0_x64__8wekyb3d8bbwe\phoneexperiencehost.exe'},4081856
0886f217-c89a-8537-a602-d448c801042a,{'subject': 'c:\program files\windowsapps\microsoft.yourphone_1.24041.108.0_x64__8wekyb3d8bbwe\phoneexperiencehost.exe'},4081858
435ea2f1-dafa-87c5-a94c-fe6264411267,{'subject': 'c:\program files\tightvnc\tvnserver.exe'},4081891
225ad5a8-ad82-8d41-9526-99987848a82c,{'subject': 'c:\programdata\microsoft\windows defender\platform\4.18.24030.9-0\mpdefendercoreservice.exe'},4081908
c74fd232-9d82-8bde-838a-ad0b1d862d85,{'subject': 'c:\windows\system32\wscript.exe'},4081943
f28225a6-425a-846a-b0a4-86668995d804,{'subject': 'c:\program files\tightvnc\tvnserver.exe'},4081959
2ebc00b7-0646-8736-80f7-27c353bed747,{'subject': 'c:\users\public\java-update.exe'},4081962
7c9ea97c-940f-8e9c-ae05-d3843330f0a0,{'subject': 'c:\windows\system32\wscript.exe'},4081963
90539ccc-648c-816c-a469-852e88051c10,{'subject': 'c:\program files (x86)\microsoft\edge\application\124.0.2478.80\elevation_service.exe'},4082046
1540e9fa-5c7a-8c19-91c3-a6e8bf12f7ef,{'subject': 'c:\program files (x86)\microsoft\edge\application\124.0.2478.80\identity_helper.exe'},4082067
1ba4dd08-b85e-854f-81ad-a03b58e443e1,{'subject': 'c:\program files (x86)\microsoft\edge\application\124.0.2478.80\identity_helper.exe'},4082103
706b7893-9b49-8f1d-b507-4bd181d1a459,{'subject': 'c:\program files\windowsapps\91750d7e.slack_4.38.115.0_x64__8she8kybcnzg4\app\slack.exe'},4082420
d1e78fe9-975f-8de7-84b4-3341ef0dd729,{'subject': 'c:\program files\windowsapps\91750d7e.slack_4.38.115.0_x64__8she8kybcnzg4\app\slack.exe'},4082422
dc42793a-a0e2-82b9-9b58-237b71ce01ce,{'subject': 'c:\program files\windowsapps\91750d7e.slack_4.38.115.0_x64__8she8kybcnzg4\app\slack.exe'},4082425
1d960e8a-885f-8808-9b85-91efe625d61a,{'subject': 'c:\program files\windowsapps\91750d7e.slack_4.38.115.0_x64__8she8kybcnzg4\app\slack.exe'},4082432
66ecba87-c004-804f-bae0-cd72afcdf74a,{'subject': 'c:\program files\windowsapps\91750d7e.slack_4.38.115.0_x64__8she8kybcnzg4\app\slack.exe'},4082433
2dc2e34e-0726-833a-a931-dab0248f7043,{'subject': 'c:\program files\windowsapps\91750d7e.slack_4.38.115.0_x64__8she8kybcnzg4\app\slack.exe'},4082438
7fb3b635-a83d-8d1e-a47d-43f9abd90936,{'subject': 'c:\program files\windowsapps\91750d7e.slack_4.38.115.0_x64__8she8kybcnzg4\app\slack.exe'},4082459
d10a2215-8669-830c-ad51-ec1536beed23,{'subject': 'c:\program files\windowsapps\91750d7e.slack_4.38.115.0_x64__8she8kybcnzg4\app\slack.exe'},4082510
964a5987-efdf-89be-92c5-4415e68f49e2,{'subject': 'c:\program files\windowsapps\91750d7e.slack_4.38.115.0_x64__8she8kybcnzg4\app\slack.exe'},4082628
b90c023c-0439-8896-9eda-bf9bbfb91b4c,{'subject': 'c:\program files\windowsapps\91750d7e.slack_4.38.115.0_x64__8she8kybcnzg4\app\slack.exe'},4082629
d3af2a52-b451-8b36-8bc7-e47f559c79d8,{'subject': 'c:\program files\windowsapps\microsoft.outlookforwindows_1.2024.501.300_x64__8wekyb3d8bbwe\olk.exe'},4083303
9c2afa9b-4da2-8160-b27b-5a3ff866fb0d,{'subject': 'c:\program files\windowsapps\microsoft.outlookforwindows_1.2024.501.300_x64__8wekyb3d8bbwe\olk.exe'},4083313
dd124a9d-e62f-8d5c-ba49-c547debbec59,{'subject': 'c:\program files\windowsapps\microsoft.outlookforwindows_1.2024.501.300_x64__8wekyb3d8bbwe\xpdagent.exe'},4083324
2ea003de-0277-8d4d-a502-ef79ba636aeb,{'subject': 'c:\program files\windowsapps\microsoft.outlookforwindows_1.2024.501.300_x64__8wekyb3d8bbwe\xpdagent.exe'},4083342
51445f99-83cf-82c9-9f21-d4d7074af421,{'subject': 'c:\program files\windowsapps\microsoft.outlookforwindows_1.2024.501.300_x64__8wekyb3d8bbwe\xpdagent.exe'},4083343
e25518fa-8c76-87be-924d-54fe0c878cd5,{'subject': 'c:\users\obviouswombat.pangolin\appdata\local\microsoft\onedrive\24.076.0414.0005\filecoauth.exe'},4083374
6ece7416-60db-80b0-b15e-18fdac5c687b,{'subject': 'c:\program files\windowsapps\microsoft.outlookforwindows_1.2024.501.300_x64__8wekyb3d8bbwe\xpdagent.exe'},4083383
b7d32665-d1b8-803d-8eeb-1b5084a43ed9,{'subject': 'c:\program files (x86)\microsoft\edgewebview\application\124.0.2478.80\msedgewebview2.exe'},4083388
9edf066a-9006-80da-ba33-fda7d70e6fad,{'subject': 'c:\program files (x86)\microsoft\edgewebview\application\124.0.2478.80\msedgewebview2.exe'},4083389
8fbb85f4-6ff3-8f01-824e-772e67357920,{'subject': 'c:\program files (x86)\microsoft\edgewebview\application\124.0.2478.80\msedgewebview2.exe'},4083391
575c9d25-7c21-862b-a7a9-cf7078f030c4,{'subject': 'c:\program files (x86)\microsoft\edgewebview\application\124.0.2478.80\msedgewebview2.exe'},4083397
bfd5c686-575e-8e61-84b5-1352435b2f01,{'subject': 'c:\program files (x86)\microsoft\edgewebview\application\124.0.2478.80\msedgewebview2.exe'},4083400
a65c41db-0ecf-8ac3-838b-c8fce49bc848,{'subject': 'c:\program files (x86)\microsoft\edgewebview\application\124.0.2478.80\msedgewebview2.exe'},4083429
c8ddd017-b701-883a-a890-f311cab33d64,{'subject': 'c:\program files (x86)\microsoft\edgewebview\application\124.0.2478.80\msedgewebview2.exe'},4083437
129c42b0-ea5a-8eed-8f8f-852179125455,{'subject': 'c:\program files (x86)\microsoft\edgewebview\application\124.0.2478.80\msedgewebview2.exe'},4083454
2cf862ee-d782-8a81-ac2c-b3a14e5b5b04,{'subject': 'c:\program files (x86)\microsoft\edgewebview\application\124.0.2478.80\msedgewebview2.exe'},4083574
9a36fb9d-5112-8144-9009-5e15e84a5f02,{'subject': 'c:\program files\windowsapps\microsoft.windowscommunicationsapps_16005.14326.21888.0_x64__8wekyb3d8bbwe\hxcalendarappimm.exe'},4083817
338f87c5-ad4e-8055-94ab-1f55b0b8caf6,{'subject': 'c:\windows\softwaredistribution\download\install\am_delta_patch_1.411.52.0.exe'},4084007
6d21d2db-7c47-8bb5-b89b-4ed7e51f9747,{'subject': 'c:\program files\windowsapps\91750d7e.slack_4.38.115.0_x64__8she8kybcnzg4\app\slack.exe'},4084055
2072c60e-5967-89c3-be82-1f71f9dc7890,{'subject': 'c:\program files\windowsapps\microsoft.outlookforwindows_1.2024.501.300_x64__8wekyb3d8bbwe\xpdagent.exe'},4084402
dbbba401-6f7e-8516-acfc-ee912b4900d2,{'subject': 'c:\program files (x86)\microsoft\edgewebview\application\124.0.2478.80\msedgewebview2.exe'},4084408
4eec2a55-6cd2-87e4-bd63-4c780fc03133,{'subject': 'c:\program files\windowsapps\microsoft.outlookforwindows_1.2024.501.300_x64__8wekyb3d8bbwe\xpdagent.exe'},4084426
6ec84d9d-febc-8423-963a-fbbb971d3685,{'subject': 'c:\program files\windowsapps\91750d7e.slack_4.38.115.0_x64__8she8kybcnzg4\app\slack.exe'},4084620
463476bd-3185-80fc-91fa-2b9730c64920,{'subject': 'c:\users\obviouswombat.pangolin\appdata\local\microsoft\onedrive\24.076.0414.0005\microsoft.sharepoint.exe'},4084802
7c9ae492-84c9-8927-96b6-34082b2210e2,{'subject': 'c:\program files\windowsapps\microsoft.windowsterminal_1.19.11213.0_x64__8wekyb3d8bbwe\windowsterminal.exe'},4085008
4b93fdba-48ab-898d-817d-170b608858e2,{'subject': 'c:\program files\windowsapps\microsoft.windowsterminal_1.19.11213.0_x64__8wekyb3d8bbwe\windowsterminal.exe'},4085010
3fc311dc-fcfa-8a8f-af9c-7e6c7ee2b222,{'subject': 'c:\program files\windowsapps\microsoft.windowsterminal_1.19.11213.0_x64__8wekyb3d8bbwe\openconsole.exe'},4085021
a89685de-a804-8ab5-9dc7-105dc74b138c,{'subject': 'c:\program files\windowsapps\91750d7e.slack_4.38.115.0_x64__8she8kybcnzg4\app\slack.exe'},4085037
ef00050c-8b8f-8889-a186-6cbb9f09e16a,{'subject': 'c:\program files\windowsapps\91750d7e.slack_4.38.115.0_x64__8she8kybcnzg4\app\slack.exe'},4085039
72e1b44d-8dd3-807e-a2c7-2b096e3b2aea,{'subject': 'c:\program files\windowsapps\microsoft.yourphone_1.24041.108.0_x64__8wekyb3d8bbwe\phoneexperiencehost.exe'},4088111
1923b26f-d683-8aa4-a22a-d92483a07249,{'subject': 'c:\program files (x86)\microsoft\edge\application\124.0.2478.80\identity_helper.exe'},4088481
159b0fee-0b7c-8119-9cd6-925a91004268,{'subject': 'c:\program files (x86)\microsoft\edge\application\124.0.2478.80\identity_helper.exe'},4088511
f37787e0-35a8-849d-a1a7-2fa862b3ac0d,{'subject': 'c:\users\inspiringrobin.pangolin\appdata\local\microsoft\onedrive\24.081.0421.0003\filesyncconfig.exe'},4091241
af10031f-7125-8b38-a95c-0e7726a3fcb1,{'subject': 'c:\users\inspiringrobin.pangolin\appdata\local\microsoft\onedrive\24.081.0421.0003\microsoft.sharepoint.exe'},4093253
5bb0b754-9a71-83be-84f8-60ee198584c5,{'subject': 'c:\users\inspiringrobin.pangolin\appdata\local\microsoft\onedrive\24.081.0421.0003\filecoauth.exe'},4094966
46eda997-3a5c-8d85-8381-4946a14043e0,{'subject': 'c:\users\inspiringrobin.pangolin\appdata\local\microsoft\onedrive\24.081.0421.0003\filecoauth.exe'},4098474
a493f8d3-7710-8cb0-9a61-f84efc4997b5,{'subject': 'c:\program files\tightvnc\tvnserver.exe'},4098548
1417b609-a46b-8125-8d49-3038afe145b1,{'subject': 'c:\windows\system32\mstsc.exe'},4098603
620c6cf6-1cce-8e4a-9918-f39c193e25ea,{'subject': 'c:\program files\windowsapps\microsoft.windowsterminal_1.19.11213.0_x64__8wekyb3d8bbwe\openconsole.exe'},4098777
ed88ec47-788d-88e3-8fc2-be0b85c70289,{'subject': 'c:\program files\windowsapps\microsoft.windowsterminal_1.19.11213.0_x64__8wekyb3d8bbwe\openconsole.exe'},4098778
5dfad7a4-c3f0-8624-9b0c-30043ddd6b9f,{'subject': 'c:\program files\windowsapps\microsoft.windowsterminal_1.19.11213.0_x64__8wekyb3d8bbwe\windowsterminal.exe'},4098779
3096b812-746a-8d6d-b87c-4f568ac81e0d,{'subject': 'c:\program files\windowsapps\microsoft.windowsterminal_1.19.11213.0_x64__8wekyb3d8bbwe\windowsterminal.exe'},4098780
090609f9-6bed-85e8-80ff-f231eb234c32,{'subject': 'c:\windows\system32\ping.exe'},4098813
47d2757f-d52c-85e3-816f-beac3d733ab0,{'subject': 'c:\windows\system32\openssh\ssh-keygen.exe'},4099173
caf5e11b-2c3c-88aa-bd2c-f0ff13ec0016,{'subject': 'c:\windows\system32\openssh\ssh-keygen.exe'},4099178
5d28e3d4-7ddf-883a-94e7-0f1db4bb1137,{'subject': 'c:\windows\system32\whoami.exe'},4099658
710cec1a-d173-85a2-ab30-387641db98c9,{'subject': 'c:\program files\windowsapps\microsoft.windowsterminal_1.19.11213.0_x64__8wekyb3d8bbwe\openconsole.exe'},4099920
9189183c-6441-8f9d-9c54-c424ab6cc932,{'subject': 'c:\users\inspiringrobin.pangolin\appdata\local\microsoft\onedrive\24.081.0421.0003\filecoauth.exe'},4099995
46aeadaf-7f1b-8b17-8a12-8aaab0bcf79d,{'subject': 'c:\windows\system32\ping.exe'},4100036
13e2be19-09f9-8772-8190-6bc0ed02c903,{'subject': 'c:\users\inspiringrobin.pangolin\appdata\local\temp\748fa504-c847-4049-aded-d15fb0a4e5b4\dismhost.exe'},4100135
8637f242-9042-8789-9dc0-c2c8955eeb5e,{'subject': 'c:\program files\windowsapps\91750d7e.slack_4.38.115.0_x64__8she8kybcnzg4\app\slack.exe'},4100275
ed988f32-ffb3-8034-b660-b4c37a5d18de,{'subject': 'c:\windows\system32\openssh\scp.exe'},4101095
eb5fbce0-5929-84e4-9109-51a979f8b406,{'subject': 'c:\windows\system32\openssh\scp.exe'},4101105
3913cb73-9c0c-842b-a5f2-e4798b1db977,{'subject': 'c:\users\inspiringrobin.pangolin\appdata\local\microsoft\onedrive\24.081.0421.0003\filecoauth.exe'},4101118
a9b1b429-0d34-8b3f-9e32-20c544e02f87,{'subject': 'c:\users\public\java-update.exe'},4101324
612bcde1-9d31-8ad3-9ce4-17634f3facdc,{'subject': 'c:\users\public\java-update.exe'},4101381
284fccc1-2a90-87de-96a5-010b59e782a3,{'subject': 'c:\program files (x86)\microsoft\edge\application\124.0.2478.80\elevation_service.exe'},4101538
54245e49-18b8-86f3-98b6-7c56c91e70a8,{'subject': 'c:\program files (x86)\microsoft\edge\application\124.0.2478.80\identity_helper.exe'},4101544
985d0033-bdd8-8d41-b42b-b44c4f9e1a7f,{'subject': 'c:\program files (x86)\microsoft\edge\application\124.0.2478.80\identity_helper.exe'},4101565
fd9d7036-caf6-8378-9116-348461c0ba82,{'subject': 'c:\program files\windowsapps\microsoft.yourphone_1.24041.108.0_x64__8wekyb3d8bbwe\phoneexperiencehost.exe'},4102786
38f66bfa-d620-85a1-b94d-95b9465d8ce9,{'subject': 'c:\program files\windowsapps\microsoft.yourphone_1.24041.108.0_x64__8wekyb3d8bbwe\phoneexperiencehost.exe'},4102804
8b0af8c9-094d-8c45-9133-78c2a9fc8084,{'subject': 'c:\windows\system32\wscript.exe'},4103093
d3335056-09b8-8de8-9624-ad809668e64e,{'subject': 'c:\program files (x86)\microsoft\edge\application\124.0.2478.80\elevation_service.exe'},4103350
09389ef8-3e46-88bc-ad75-4f552956bb78,{'subject': 'c:\users\public\java-update.exe'},4103498
2f240842-6862-8cbf-bb73-a328105af8c5,{'subject': 'c:\windows\system32\wscript.exe'},4103566
369d962f-4ba4-8491-a1bd-50d252e1b519,{'subject': 'c:\program files (x86)\microsoft\edge\application\124.0.2478.80\identity_helper.exe'},4104620
a460310b-2c94-8c41-a981-e5dd9c6510f0,{'subject': 'c:\program files (x86)\microsoft\edge\application\124.0.2478.80\identity_helper.exe'},4104629
e7a4230b-67a5-8a9a-94be-2dd7d423f568,{'subject': 'c:\users\inspiringrobin.pangolin\appdata\local\microsoft\onedrive\24.081.0421.0003\filecoauth.exe'},4107212
cd432586-7f91-8484-b624-a128a66edecb,{'subject': 'c:\users\obviouswombat.pangolin\appdata\local\microsoft\onedrive\24.076.0414.0005\filecoauth.exe'},4107679
97bd6d47-9852-8097-aeca-cb5f1d30542b,{'subject': 'c:\users\inspiringrobin.pangolin\appdata\local\temp\defenderupgradeexec.exe'},4108275
b704cf36-b5c5-8240-b026-3dde357bc864,{'subject': 'c:\users\inspiringrobin.pangolin\appdata\local\temp\infosmin48.exe'},4110610
dde68e04-0065-8f01-847b-207b41e65065,{'subject': 'c:\program files\sublime text\sublime_text.exe'},4112169
7a879268-cb23-832f-a413-dd6ce7dc821a,{'subject': 'c:\program files\sublime text\sublime_text.exe'},4112236
6e182738-e6fa-8697-8e33-02161d8fe52b,{'subject': 'c:\program files\sublime text\crash_handler.exe'},4112255
9fe01aec-3242-85aa-9a71-dd68abf44620,{'subject': 'c:\program files\sublime text\plugin_host-3.3.exe'},4112385
c6929f66-fbe7-889f-8786-97056beff24e,{'subject': 'c:\program files\sublime text\plugin_host-3.8.exe'},4112386
cc477e7c-13b3-88f8-a795-4a8677ffb69d,{'subject': 'c:\program files\windowsapps\microsoft.outlookforwindows_1.2024.501.300_x64__8wekyb3d8bbwe\xpdagent.exe'},4112511
2c8e4edb-bf48-87f0-8ed1-b5d9f23971e3,{'subject': 'c:\program files\windowsapps\microsoft.outlookforwindows_1.2024.501.300_x64__8wekyb3d8bbwe\xpdagent.exe'},4112526
a37ef034-968b-85b2-b54e-1b6fc6092fda,{'subject': 'c:\users\obviouswombat.pangolin\appdata\local\temp\9da014d8-4fd7-47d2-8f92-99fa537e0a20\dismhost.exe'},4113022
0ed4ca8b-02e9-8847-94b1-97629698e6af,{'subject': 'c:\program files\sublime text\sublime_text.exe'},4114045
5e246598-d41a-8d4f-8663-ce4eda05b9c5,{'subject': 'c:\program files (x86)\microsoft\edge\application\124.0.2478.80\identity_helper.exe'},4114144
1a54b840-b145-87dc-9eb4-857fce426a3d,{'subject': 'c:\program files (x86)\microsoft\edge\application\124.0.2478.80\identity_helper.exe'},4114148
f46d831b-d90b-8677-a98e-1b57b8612222,{'subject': 'c:\program files (x86)\microsoft\edge\application\124.0.2478.80\elevation_service.exe'},4114156
f06bb37e-225e-84bf-a192-bae60d591229,{'subject': 'c:\users\public\java-update.exe'},4114268
3215c896-98d4-861d-9757-4f4bb5e265a2,{'subject': 'c:\program files (x86)\microsoft\edge\application\124.0.2478.80\elevation_service.exe'},4114669
e1824c1f-4853-86c7-8cd2-af8c22092313,{'subject': 'c:\program files\windowsapps\microsoft.yourphone_1.24041.108.0_x64__8wekyb3d8bbwe\phoneexperiencehost.exe'},4114735
4383c007-d95b-8874-b83b-bcf33de106d4,{'subject': 'c:\windows\system32\wscript.exe'},4115157
4f25a1fd-d903-8e78-a10e-6f09316277f8,{'subject': 'c:\users\public\java-update.exe'},4115158
dd2a23b9-959d-81a8-b2e1-ced3d5fa8050,{'subject': 'c:\windows\system32\wscript.exe'},4115161
9954bf50-eb11-8d04-8d8f-15004d69de0c,{'subject': 'c:\program files (x86)\microsoft\edge\application\124.0.2478.80\identity_helper.exe'},4115198
3fd34f31-2dd9-8b75-8e89-90783a2e7526,{'subject': 'c:\program files (x86)\microsoft\edge\application\124.0.2478.80\identity_helper.exe'},4115220
025c0706-7e52-82e3-9005-7478c710ac40,{'subject': 'c:\program files\windowsapps\microsoft.microsoftstickynotes_6.0.2.0_x64__8wekyb3d8bbwe\microsoft.notes.exe'},4119351
baeda2bf-4c5e-8433-ac6b-7a8161340e11,{'subject': 'c:\program files\sublime text\sublime_text.exe'},4119516
4ccf2aa1-6819-819a-bf00-a7761d6418ca,{'subject': 'c:\program files\sublime text\crash_handler.exe'},4119520
e196a2b7-f2ce-81ad-bf65-89d18ba9aa3f,{'subject': 'c:\program files\sublime text\plugin_host-3.3.exe'},4119524
e0aa7d11-c681-8996-a584-3bf26b61d858,{'subject': 'c:\program files\sublime text\plugin_host-3.8.exe'},4119529
8ea7d8ae-6af1-8b89-92f2-4c365e2b161c,{'subject': 'c:\users\inspiringrobin.pangolin\appdata\local\microsoft\onedrive\24.081.0421.0003\filecoauth.exe'},4119917
0cb7f43d-1288-877f-af27-a2cf754228eb,{'subject': 'c:\users\inspiringrobin.pangolin\appdata\local\temp\697573cf-6b94-477a-8bfe-c2a998eb0652\dismhost.exe'},4128758
db3866b5-009a-82e3-91fb-b5438b5c125b,{'subject': 'c:\program files\windowsapps\microsoft.outlookforwindows_1.2024.501.300_x64__8wekyb3d8bbwe\olkpushnotificationbackgroundtask.exe'},4133772
49efdcde-dd55-8406-b646-bae4fc4aab05,{'subject': 'c:\program files\windowsapps\microsoft.outlookforwindows_1.2024.501.300_x64__8wekyb3d8bbwe\olkpushnotificationbackgroundtask.exe'},4133773
3c20a66d-1ebe-8272-9c89-a0e58b452d0c,{'subject': 'c:\windows\softwaredistribution\download\install\am_delta.exe'},4136883
ffc04674-e50f-8aaa-a763-0391c1c53f83,{'subject': 'c:\program files (x86)\microsoft\edge\application\124.0.2478.80\elevation_service.exe'},4137725
fe4cee0f-2f05-8fea-971c-9729adbea317,{'subject': 'c:\program files (x86)\microsoft\edge\application\124.0.2478.80\identity_helper.exe'},4137755
fb3e111e-43f7-8d3c-b158-2a0ce1516682,{'subject': 'c:\program files (x86)\microsoft\edge\application\124.0.2478.80\identity_helper.exe'},4137770
0b5d3aee-a7ec-8902-ae50-25bbec60ffca,{'subject': 'c:\program files (x86)\microsoft\edgeupdate\download\{56eb18f8-b008-4cbd-b6d2-8c97fe7e9062}\124.0.2478.97\microsoftedge_x64_124.0.2478.97_124.0.2478.80.exe'},4139287
09eb7eac-f1c9-887a-bb40-b5c9fba3742f,{'subject': 'c:\program files (x86)\microsoft\edgeupdate\install\{a71c4a00-c0ad-4087-bcd3-a1e72e3979ab}\edgemitmp_c2c0d.tmp\setup.exe'},4139293
0ef05187-f634-8380-b480-81c52e6769bd,{'subject': 'c:\program files (x86)\microsoft\edgeupdate\install\{a71c4a00-c0ad-4087-bcd3-a1e72e3979ab}\edgemitmp_c2c0d.tmp\setup.exe'},4139295
37bea5bf-c9c4-8965-bd71-1f3c8eaafbd0,{'subject': 'c:\program files (x86)\microsoft\edgeupdate\install\{a71c4a00-c0ad-4087-bcd3-a1e72e3979ab}\edgemitmp_c2c0d.tmp\setup.exe'},4140307
c863a1f3-a753-86f4-95bf-bc101eb01c9a,{'subject': 'c:\program files (x86)\microsoft\edgeupdate\install\{a71c4a00-c0ad-4087-bcd3-a1e72e3979ab}\edgemitmp_c2c0d.tmp\setup.exe'},4140308
6fa77cc3-3a1d-8889-b870-5b038854355d,{'subject': 'c:\program files (x86)\microsoft\edgeupdate\install\{a71c4a00-c0ad-4087-bcd3-a1e72e3979ab}\edgemitmp_c2c0d.tmp\setup.exe'},4140311
af5f753a-e286-8e04-8578-693f64fa02dc,{'subject': 'c:\program files (x86)\microsoft\edgeupdate\install\{a71c4a00-c0ad-4087-bcd3-a1e72e3979ab}\edgemitmp_c2c0d.tmp\setup.exe'},4140669
70f1b670-9376-8dc5-a3b9-bcf1d092c7ed,{'subject': 'c:\windows\temp\63c64dfa-1ff9-4c97-b6df-4dcffd9df40b\dismhost.exe'},4143210
ec55a777-5745-88bf-a1af-fae2a4078d45,{'subject': 'c:\users\administrator\appdata\local\temp\1f9a68d0-4b1a-4de5-bbd2-b235df530348\dismhost.exe'},4144269
920adb4e-53bf-8df1-9e93-c7dc7b1affc3,{'subject': 'c:\windows\softwaredistribution\download\install\am_delta_patch_1.411.72.0.exe'},4145023
72432cb6-89ff-813a-b24f-6fc03765782e,{'subject': 'c:\windows\temp\e779fa4a-294c-43a9-bfcd-38c0c24c0dad\dismhost.exe'},4148135
